,asm_id,Class
0,bUAOl6u0gwLvqxBHJjeV,1
1,4bP0fpWK9ygln6RwLCmY,2
2,ej60US1l5DPCKGpvRFyw,0
3,7Ff4uMQibABUks59xnpV,0
4,ipjWCvhBI3UO6sr1gGZE,1
5,0H63jydvIahOVqgx5Kfo,1
6,aNRflB3AsYTuZhWHQL4z,0
7,F9anDBr3jyHNzhfSloPq,2
8,jturxUFyJCADf4Iaw5q0,1
9,AKjOotcur402wSEaihk1,0
10,G8nd3QDysqeJ75mM0uTZ,0
11,8IvKHQxUmoe2CBwatuOi,1
12,dNv6ET2GrVMDt9AFjI73,2
13,hX5Wt9cTyUnO0ZJ3DElM,2
14,AFvUmeRdpGXSycwn706I,1
15,8d3ZxEPril4pz1oTH9Jm,2
16,chVqtrzIORSJkCwu2KfQ,0
17,J1chft4QPrzWisaqREj8,0
18,axVyZFikJAs2RWgrB37u,1
19,aFdmMqJO9zSI61pXLoTQ,0
20,7qQDOvVX1PipRLyBdNhW,0
21,FQoVzMSR1ub35GBHcUCO,1
22,6teIPpCrYKw0zFusDSix,0
23,74WkCP2cquVeLyU5hgTz,1
24,23DYuzrdOnl7UFyCAtk5,2
25,B0REvwUqT4QIh8pinM1f,1
26,Bb6vTaRMcG5Z39kPCQHg,1
27,cMF56QT2zH7t1KpfAy8e,0
28,kFNUMtrqmTPOoEWzhbpx,1
29,fduMbSetTV83BRx6KJQl,1
30,eBDOvM4fUQmy0XEhracH,1
31,BIHLcoqT27fn5bgJsGvr,0
32,Ee9al8AhjSKcZzxyRDw3,0
33,CqRphLNQa7KiTx8sdYgZ,0
34,9PjuhOrlRqxHeQcEBYMX,0
35,crKuOS7kqIQwsCN6Z0az,0
36,FEA6d5CzUyqoZPS8tfQk,1
37,cb72yvfjMuQkKZERh5UP,0
38,7iBwyZQ5kxGEjPN9fThM,1
39,5znLPJCcVseR4NTd79Sw,1
40,iED1fIxnGyWRLuYNvl9s,0
41,K4IXeqoLWvYJwg8thdrx,0
42,hmMISGQjc97JwvlXixWT,0
43,Jryaub7PNRt1h6nDzfvW,0
44,gdMSLJ5UZmtPpN8W3ja6,2
45,cuNE2eL7XtkbJQw50zsW,0
46,a8gqeKmEjbJIiVXUZ5DH,1
47,5iJsI0VCgF2D1Gukdayc,1
48,0pqtVjvLk89PdYr5MwZO,1
49,bSKx5RYr13dPteiJFgmU,2
50,4HDpbwyfumP9o3Cx8R0e,1
51,6ZpMEfH0nyKexuT7YPQm,0
52,aeTUd9EJmopQlDxbzuZO,1
53,FVnieLKxNCw0pI5JEoqy,0
54,421g5mO6zfBFPM8KwXh9,0
55,7JjsOZzyXR9ScewIoMTp,1
56,2HRQ1j0Dx3fv8Ad7n9rg,0
57,7TCJgElGe5zdMK94wqoU,1
58,fDVkh4iq9LKx0owv5XrJ,0
59,ArX2JQ5sNDhb0lyMoqu6,0
60,AdTYlL1J4j9HUiy87Dmg,0
61,hgGqekm0AoFu7CZTnENQ,0
62,9vP6c42rE30zVNlT8AJO,0
63,94bEZMkLjDp1BXoucFVI,2
64,HSvpkeVLnil93WImYs52,1
65,41cydB96pIokCEbxMHLZ,1
66,2n8uBGd0wsYvgz4UfH59,0
67,iApTH5UsaDKtfjOWNuJb,1
68,8FwCkM3quO4Kryfa9Voz,0
69,4ToSq9HwhD3mBVuKJgdF,0
70,bxcTstIeJfgdjFLnVaG5,2
71,3zY8QVdHGqNAPZ6FjsJe,2
72,BM2GyKLQuC3bWXE81UcP,1
73,1OHzGWXBTlpyVsIPK3kj,1
74,2617zwnbHU3jrseQZim5,0
75,GTwAhvdcq2zjZBPEbWSL,0
76,3VhctkRHdsDrmalfXZxz,0
77,baFEBY4n92ZshpjgdGTc,0
78,Ha85TktZVbeLdCOXN7vj,0
79,asKPnzUXjShMc0Tl6Wge,0
80,bUBIJjfCntiQRvzh416F,0
81,0IYZltU7uMpaco85PfKr,2
82,2ed6iJbogAU8BIFKkQ4h,0
83,8FOKNb1VGi0hYnc2u4ls,1
84,2CfJMa5HIn6D1d9EXbpe,0
85,Ix2UVrZuDXJE8LRyCjmK,0
86,hdmGkzIWx89uo1T6PCXY,0
87,HoOEWQVSZyThrFj1tf2b,0
88,3Oy7QgdVxkjuEsfXT8B5,0
89,as2lYthG7eCEyPbgwv6A,1
90,1RX4GxMFoCJUDvslqBaP,1
91,bU7GfhOH0QjyPtdzCseT,1
92,DQ5fK17GCZbnJs6oNWva,1
93,GLQ3Z1O4wCebKFV8A5z0,2
94,7CAzl4vfXB9jtU5eaSPV,0
95,18te652nLyCi3IrZqMOJ,3
96,1ctXu0GAOqj23STKWV7s,1
97,cl0e6QDGkbwLVuSZrHxo,2
98,au79sOhkJRX6VYIec8PC,2
99,bPGRecDZuU0q7TFwr9Jj,0
100,aCmnVPKkA4vrdoyHS6uB,2
101,JmkbRz8HhX1pxuCvUoyj,0
102,CFGqpn3MEZYvh9mHtL2N,0
103,kqiOdVbRQlB2s907GLMv,0
104,ARI0JysNSXle1EOQCMtf,0
105,aI5RJnpEKd7Or3VYB4Zc,0
106,a9BOthJpRMlyj7r5ZSKP,0
107,c5hXZVENsBA4RvDfjJPw,0
108,56xz9YhvW0CwotDpBnMQ,0
109,gJUH7QfewoGm5qITLVcx,0
110,HJt1Mc578nYFBDdKNkVu,1
111,3L9crexw581VMXajnsmB,0
112,4Nwns693pXjobKT1HtFr,0
113,9WTo14gKIRY058DCadmS,2
114,djy2nxpL3gDSzf4G01vw,2
115,7w5hNgKFji2kO6dCnMzJ,0
116,3GSVkHtglIzQPv78d5bm,0
117,IKblhmuLHa31RjqGNiPy,0
118,l387nbiI4TU9LNMQt1Fe,0
119,FgHkyL3ot79E1TmIZcbS,0
120,JXkn1EudrFKLeSxT35It,1
121,Ivwjph2yxl1gQAJGiDUO,2
122,3fN5bOwAxSQG2M1hWV4m,2
123,0TpWNF7ULhd4Yk5bXQyP,2
124,ACF132sPkrMtUhR9GnVZ,1
125,frLD0F7HvGAwkdWKsNYU,2
126,ITEUR4DewcnMkQhsWqNA,0
127,FMPeAL6nU5cydWakE7pi,0
128,Bu6mavPcgfkURx4Fp8LY,1
129,gvtDf5RS9hjuPWTOlZdn,0
130,H3RfLw5i0P1NC7ohkZ4B,1
131,jcWrJ2ePHw0LxBQYmaDh,1
132,EoUzWsPd9JBVSYtM2cvX,0
133,Iq568cLUZv7RVxy2dr0f,0
134,82C7lgFmjsNTu9fBdHbi,1
135,0wtIHxfBDmYRQ7GWSaTj,0
136,e5wb09ugRASHGFl3Zj7y,0
137,gSz13hKvMnYtFL8Tj6ey,0
138,6qs0AxVC4GY2DJZyT9mN,1
139,8kUrNzex6d4RXAHh935y,0
140,Ig9ZEaGmMrT1lHJhRPQx,0
141,gbNWT5xaD1MJQKFRG2oP,1
142,Aoa1lgwOyETuRGsIHCe3,2
143,5f3IdiCKy4wNjeoLptzF,0
144,JDC9zOMvfUxWby4HVFk3,1
145,EmcRqS2xpAOXlBfyuDUi,1
146,C3ZfGBVmThlcWFQDEMvw,1
147,bmcues3zpy2jZNF1XnTP,0
148,6p0xPcyrDB4R8YNHEsnU,0
149,hJUKWFN7TtXmZgqL9kM1,0
150,er3fFEimPIGXOdHL4tx1,0
151,2xlhAE5LO8RFfczB6ep3,0
152,GPAypQZ0LH7rD1safnMI,0
153,BkI0DfGqsHhejTp3v1RP,1
154,GjJRLwAZuYEroCO1TQVa,1
155,IDZd8YoXcfnmkEUjv5Ba,2
156,Ggm5d6VvPXjsCAKzI8B4,0
157,7rIRLujKkM9NAsDd5Etc,0
158,a14ZBu2HThxFVvDmtQ9W,0
159,gGbArPzUsntR6fBWjYu5,0
160,6yUWS8P5YN3Ldp0AIe4b,0
161,gyqaKWGEz18V2N73swJu,0
162,9sqHEPM5v1ZixBWn8mtl,0
163,8rD4bFYzXTVB5IPH1Mdv,0
164,FOScZ1qtiRyYEQTVK4XH,1
165,20oPR6DZCFTuXi3tqhev,0
166,6n5xSkDHdUL9BpNwjzfa,0
167,7upD1xywIeOmibLNPSo4,0
168,5tQ4OCNKrDpPhWB7ngou,0
169,GBzw6VxuMlXKbmZi9RaT,0
170,5hnmoKvt7TzDWZ4asl2g,0
171,6ZY9Al0hSbQBGF1RcLVH,0
172,87FTRrZLn1WozgdYvbxQ,0
173,gX5HMyEWdP19Bb0ZwOV8,2
174,89v2baCuULMreOmyNKlW,0
175,IPje1H0qXdvBof8mp6Rw,0
176,k2mxrqNg1JzRiVsIbytQ,1
177,C9ekdvy7RxlMIVBGg4Wj,1
178,cqbl04edW5DXrZ8hf9v7,0
179,bwcMeNJ6duOxi2q0GQ4n,1
180,4eC9LmdHc6pRoP8BtTGv,2
181,65jWRh4GwFlqfZsgdHCc,1
182,8F32X71gy4wZrtvmNA6d,0
183,1FacC02JPfxSdXeD7MEw,0
184,7o5WIv30JPjRy1LHQbGq,0
185,FHMwlc0VNIkOTe54UEJL,0
186,JZTskw6jx4X5hUElbWLR,1
187,EWagO4s2piRNkP6vZco8,0
188,Cjid9IAL13h2Rnpvc75w,0
189,hF0wbPOp7asyZTzNCqrD,0
190,bYvCdoTMQypIa367GUL1,0
191,6SMZ0wGN2p3hv9rFEVcb,0
192,KFYnyE4UWaiw9d5vDbGN,1
193,EzZBAe2N4tSm0UIHcC3n,0
194,3SgiczVGj480yF9rxLwe,2
195,dzV4q1iWUT3eIODcFJSx,0
196,ErbRWGIYgktQ1mf5Hw2u,0
197,3dstJNajYRkxEV4g0nA6,0
198,dr2jSJMQ0sBozfZPLNl8,0
199,gBSqh0U39mH4z2IZ1WFR,0
200,4ghaPIpBnJ8zCfruTxiD,0
201,8Tvltu5MUWOfgNsSnKi3,0
202,eBAwuWTRKbtjQsPSU7ai,1
203,9FxgivRPntUB4YcV5IJa,0
204,dmN7G3jpYsiuPOvWonh8,2
205,JvHA2RcsbZqDQ5ETtog3,0
206,57QmnCGYe0pdIy3zTgJ9,2
207,2oNr9HV0ZTJXay81AFDt,2
208,fy0LNRhDO6mHbB148onM,1
209,ieLs93AGTlXK6jBkQc2x,1
210,Fmgw4Qj1asTx0fS6Hvb2,0
211,Fzb57KXGYB0x6yJErsN1,0
212,9mJgIciYvjd3G180auwf,0
213,bGFAIf3lHjuecEwyWCY8,2
214,83up2hzQfPn5BcFaRwXO,0
215,72Aksjb4NMtae3whWUE6,0
216,ciYHMsqha46pFbrSyTZP,1
217,3Phx7vzOcFAjZLtXSnmN,0
218,9YfuCbFBxaQOMGpVlEKZ,0
219,HiXUclzIL2rEutjB74Nm,0
220,GBvhKE2ydrS78XaiHUFu,1
221,GhtqnW4gclQXTKBRvbjz,2
222,2wCPm7giSGuRejqFU0BN,0
223,fmMK3AFYZeWEDPk4sLH5,2
224,dcDQlArOkiyTbxIvVuan,1
225,I06AelmRxp4VrS7OUBHL,0
226,ec08aukvwVXn76Fg1RBA,0
227,9wx1K5cD6LUAlQovYFGi,0
228,72PpDnF0hdSsaWlJVqv6,1
229,JO58MAdl0WiuFk9zhspH,1
230,H95BXlwhOQPirqy4YoRn,1
231,3V7h4uXQok2A1ZqCnj9M,0
232,hvnbNWILJC0gj57wy8KM,0
233,HhDF2X8OmRbwZjBVQPxC,1
234,JfgmjCtoTKyM6pcIrBY7,1
235,09LXtWxm1EbK5uVqcQS3,2
236,8wFGat9S6sIJCNmd20zq,1
237,Jgc17BNL9qFovTjD65hY,1
238,gaYrbUuHQn9w5q1OdMcm,0
239,2XL3TUHZNYkuvS0n5KpC,0
240,ia4wxFc6n0RdAuKXz23Y,2
241,1cdtwSyhmiekLoH7OUEs,1
242,5o2LnyAK8Q7XxlOp9Muq,2
243,2M4c9artOHkgiC6dRjfX,0
244,cwWFfNAeLChbKD9mRd2u,0
245,esfmSy1PQMkGNbOBDxZR,1
246,dTzmQOcYijuhqwRtsPNe,1
247,GCUmV5Iy1LpqM70ZYoKR,3
248,Fh9HCK50ZId4PbcQDTJr,0
249,4dqEznNyiFwZVYrC5G6m,0
250,27sRSvhiI1wEBfnGMtUo,1
251,I2W3i5wHhq9UpyFVRgzE,2
252,bB5UPj8uAXvDNGHcoehV,2
253,9lHyVeXERtIaZcL4kWqM,0
254,6ZvyjPp9d2M5J0Dsbze8,0
255,GmPLUX1Y2DQhan563Etf,2
256,e5iHh49LgopGV8sJ2fq1,0
257,EoVyBA2z0NjdkWlqfMQJ,0
258,K107ZHO9Xzc5aqiuxUmo,0
259,hGD0efK53nrvzcdx42tY,0
260,h2ygf7Vv1zkIe6q5lTnZ,0
261,g8k7WSGDwyBaJAQKXhUL,0
262,H4mO5vLkBgUd1eFixXoS,0
263,j3tdbX6HDPxA7ZkBUpvG,0
264,6yYp0scglSrPHdnh2wJ1,0
265,5PBvwNE8sCzm1bjUlf6A,2
266,gDWiFA4jvZnJQ9H15Xxk,2
267,gDYeNAplMujwPtU0qnJW,0
268,ftHnLEAd5NPxpiybvqaY,0
269,fi4BrAl2QgjNsaubUJSE,0
270,6PG57gUmE2rLebCBTMno,0
271,3FNOSAujbRIDnZqhmeMo,0
272,5R3hLjKfZMi8mYI2zVwb,0
273,EatOQHsRMXTLP8jYxu04,1
274,6v3n9NO0dMkCVBA5FIf2,0
275,bgP2EJeKxofuGBTRqaNs,0
276,1PNSFdXH4QYaky5T0n8Z,2
277,EMCt7uQlGbS6kvyFiI5Y,0
278,DEkyP78dbRNJ9Bvm4jVi,1
279,dv9DhwK6ClXYcZkg1rMF,2
280,BX1krdbNEPmgFeCaRy52,0
281,8kAryzC63uPHUMdvt4aJ,0
282,E2C6RYXoIvAVKsBNfiOP,2
283,GJREYDA5m4tiQ3krNuq9,0
284,1OicKZzbGP3sLDnhqWdv,1
285,hXgY32Qk1VpyuWBa4xIP,1
286,eLpFR90TBvsmGfQKPSuj,0
287,jmPeQlFEcqyRuVwrJTvp,0
288,8YjWXpsDrxHZbN3fk2Cl,1
289,atHAQyVSuXhR93zYp0r7,0
290,GgHz1ZSPklNmUJao9xht,0
291,hwZX9Eiumyqjdt06xrkF,0
292,94YPXMUJpoafhVGgEKHT,0
293,gkJ36lWfpDUOTiMmIBse,2
294,6RCBgMl5z1qhFkNiXrLa,1
295,9EbqOQ5sCRtSVzg3DyMn,0
296,JUr6yTFW3ExqApBt5S2z,2
297,iLBjnX6IaCq2UG4Jc9pw,1
298,cSI0v76wsFjOKfTJiQgE,1
299,EAPboVp78v6st05Om3BL,0
300,HY9OPXg8TMBCzqemENGc,1
301,Edg3wb5Xk6T7rRp8szJW,1
302,4vNDlExnr0y2mFXUgbz3,0
303,ksKnqcBVTC0a3zSGoveR,0
304,eqInOFt2ZP4SlJWpb75K,0
305,cN0Bsrjb7yEa2hlm4ViD,0
306,9zboVyf3IptCFDOuZlie,0
307,GNH2UORb8TzduP5o0Xr7,1
308,Ff18Z46XwGmvbtgQTEpj,1
309,CcwQrZSGsdo8RaKemnUF,0
310,CEv0JwlRsbWrNkIgj4B8,1
311,GneEPpmtLjvhTW0HIsNc,2
312,DQV15qJBgkXiEAobTme6,0
313,9uiRm8ZfYDwsIQegUH7o,3
314,b20QTKHoPdVzXRsZFG8C,0
315,5sHnYk4EgplBiD8cSLoI,2
316,7w3H4fALRB6vVOgh8ce5,2
317,6RBaQgimoq8OSJbFznxU,1
318,aXRV9MqCorizGyKJUep0,0
319,g9izZfbqECNJw7RojkIY,2
320,5EVhC0IMi1dNb7TtgxRa,2
321,63RfPeChL1tsJwy2lVHo,0
322,dW12JO3kHuUQDLnZrB6C,0
323,IMbPzjHdRV0pgNQXqLKF,2
324,LivEmF2ytpsDexIVWuYR,0
325,0sYDNzwVMaWE2TIZeA81,2
326,huxoHMisNFnSU7I9tGkD,0
327,3IxTl7gVswPM9eJDkapX,1
328,igkQD6GKWXUtcA2Ca38F,0
329,60IMC2mZxkljd1pQnw3J,1
330,C1IklXQF4DJiB8stvR39,0
331,7VDXpaLOwvIh1KSN5MmG,1
332,FxaARS1BKUQr47njqNO9,2
333,auJL2IBelRMpwS7hKcmU,0
334,GoAF7XTjK2HmwJzDhdkQ,2
335,71XJkmfwVpndPa42sbDE,0
336,hQnAcOfHYisDkINaod7L,0
337,j93NIlLwHqnWDQeGA5Eh,0
338,Czgw1rG4JPoV5ksNDuEx,0
339,2vN1Rihuanrg6UZoQqxV,0
340,alBGIWRODJAXYoEUdz0v,0
341,jvCHpBTKuE264UVP1qnx,0
342,J9X6kBa3wst7ocmqeiW4,0
343,0C4aVbN58O1nAigFJt9z,1
344,jW1wp9ARJTiFdD58l6V7,2
345,aWKIv5xOEzt6snd83MeN,0
346,05Kps4iFw8mOLJZQrb1H,1
347,aJUhD3tOxobC7fB9lMkm,0
348,6hUFQKlg0x72GzZjJyI5,2
349,K5WyCRrPOn9bkGfxgY8v,2
350,GzjL73seI0uAmZVyYtnw,0
351,DW2p936zbvPKIECerA70,1
352,7FmNSjrBDkVI8g21bHpC,0
353,ljuryB4bfagHqV5FM9Ae,0
354,Dq9nwWYMFS0xf1PGuaZe,0
355,gyZztfseanvGp5uX2qix,0
356,AGzOvc4dUfw1B8nDmY2X,1
357,anChwpjZ5qmgWJkcyxiN,1
358,7DIjuLVbOBykxWXT6ciw,0
359,59npdcNYTD3qAvIPyQMs,0
360,gsQyK4P7YRqarOo0EnS5,1
361,kJ1a9c6NoCv4DqA7Hh8R,0
362,iTEz2rB6XdsZIG8g07lK,0
363,AhSJeUwl3tMBr64LZVGF,1
364,7e0vxYy6b24g9O3UKLqC,1
365,7ngUedxa0XfFJHLy32QW,1
366,gGfFjZ8Xab24eQ6zADN1,0
367,32rcXoa5QI1EmxBFS9he,0
368,kgfPdjYxa5GtleWVrvEM,0
369,92R3zY7inOXqDJtGApdf,0
370,ci6Su0WdoDLIG5vnJhay,1
371,dTExc1o357Z9WGhz8VIq,0
372,cBdnspEiHZCtegOR08z6,0
373,38IdJg2Se7po9rGZaNAw,1
374,jl43RFd29W1mwxtQ0bI8,0
375,Bzl9Ln6XW7gsEpKkj2NP,0
376,Lk2VPl51Q6mwrAd0jhic,0
377,2jA0Zpk5aetMqrz6nswK,2
378,jFcM7da1kw3GCRBZnHrQ,2
379,J3VovZ7rDnIsYpk8UcXt,0
380,HNtYGxKfFUOLmZDIJpsn,0
381,CzgoyP4jQWJvYMn25EXS,0
382,9ZumUWNljRnD4iXIgKbM,0
383,5EhdjtKHTzoJS4DmskCw,1
384,AHeigWkoIT8EqX3SmJcB,0
385,JoU0zHnMXLS3pRCxbFaY,1
386,bmX4CguMr18O7DxThdiS,0
387,K2Qg0zhpUmc6xiYnlXZH,2
388,eky5W7FjRSluVH2M0PIb,1
389,6qLobnwUp07W1RyKBjvZ,0
390,5AsUO9gZ8KxIycz6Tmr3,1
391,50jP8FKr4CoxXqMyEhVT,1
392,hC4p1vnRPZlyMtsFVrqe,0
393,bRK4QxagusfH0SyZvwrp,0
394,HXoz2NOQtTgJ04RsL5ME,0
395,iNCcGvnFJ0uqUjZYtQf5,0
396,DiT8evBOkIyGsdxqjAhC,2
397,6I2mCQyaF1OJNEkvqHcZ,0
398,ipnL25WtfDEumwS9hNkU,0
399,HQsxB8eSMlgV9zIPtvWC,0
400,39VK5R6xNtwkBZqDY7Lr,1
401,gROmPjLGQ34WNVr8ZtiX,2
402,3foB7xJKrR10XwsT5QSt,0
403,9mtbMFgPXsYR1eyVrGIf,0
404,IuPbVhUqrzvp2oTKMsDg,1
405,hUegtzYksEIxJGaj97Op,0
406,cCNBg8MTira9eyZWLlsm,1
407,gnQaT4Gdq81OLlsR06tA,2
408,5jYQm1xLpncJS2EsXBk4,0
409,f3J7wQUqnge80iyXuxsL,0
410,HYXoC7FRisqWgwP0EjLK,1
411,cHDbN1OmoTRnQ8hZ7ru0,0
412,Ie0N6f1waoAFpLimyJB8,0
413,cEb5Amqhr1dXW7BkpMzO,1
414,jsSM7FgazoEt1V80ynmY,0
415,FP7u6VsNE8m1GCjBiXfS,1
416,JhufrNciMQKETOUGZ8Ls,2
417,C3bFzsgkTP1uHDAmxdhp,0
418,CqQlP6D9YapR71wb2d48,2
419,j3phIVri9YHZobt7XNcy,1
420,ALXK3Sxdgf89aO7w4e0k,0
421,ATCkV0Yc6i2EDyXUJqHL,1
422,bakvuMgD2Xfh7JOTKQwm,0
423,jxGMPhcQkACHRZ7DrI8w,1
424,iNqCDB2ehnPTloQJyWbU,0
425,gCM2jaAJyE046GQusbiT,0
426,gO0h7udtqs4yaXNQAUPM,1
427,JqmwBOLiagP4M2XkErvC,0
428,AbDuHJy7LUcZWnOaFEXh,1
429,frcDlXdshQYGCyKa7LjA,0
430,0sdr2cfHLzNO9Ep4RSjT,0
431,G80aDFlyJqitT9vBsQMZ,2
432,5xg1AGWM3f6rzHsa2yP8,1
433,71BDWQcsLYedmu43nOSV,0
434,8VqGnuDHlr1jRNZ9da5C,1
435,6CegKJDHWYrUi3oEQZxs,0
436,KawMHneL7VYj8oQ4m1cZ,0
437,4uvhHxowfXi72M8mOLKk,0
438,9xTAMrBbq2ugRtDJ3lGU,1
439,BcNRwpZCKQdV8eLhUD1r,0
440,Ig1i5EH0LuGCcQpZPmBR,1
441,HgoVMZFR7racUO2EA4tI,0
442,eKxCrcXGDFVfRYtA0JMg,0
443,GxK7nfY1mOrBNDepqWj6,0
444,Ecn1RwFdJBsYNQo8Vz0l,1
445,1YBJRhWOvlpHx79EMf2I,0
446,9ybCjYPNtAS3pBU7IfdR,0
447,kLPUQYKrA1jGsJdtS0bf,0
448,dwGq4HLSYailO9Nys6pZ,1
449,k4x01p8qFl7i5tbSBDJf,2
450,FNMk3wvliVuQLCe9OTDg,2
451,4mvuMIJG9n3iQgPSaZh7,0
452,JcQfYTkKWO0Cs5aqDzwb,1
453,bpVDY17A6qN8IiHZyBmo,0
454,FgvTQR7Y3AlqDZxtnhe8,0
455,5naosJmebzLtOl9whUEG,0
456,EXm7GqWzb8pMQ2Ucyx0a,0
457,cYIil3ZrukB1pV8Uzo2w,0
458,baDqk1ZjVdSAOPeBMf75,0
459,3WPEFKHwX1DLBI4bzAM7,0
460,epboI43NYGPHLySKiAs1,0
461,g2bUtO0hW3SnQvzClReE,0
462,BVt1fum5EzksNPAx3oWa,0
463,fipEGw4uPW2cTnos7vrM,0
464,B4kQoTYWxbXcEzrvKDZP,1
465,IUSuf2hBaRG8yrNJqDHz,1
466,BXYpT4e7jKgbI95Lqaov,0
467,KDMqVc9yIEfmB2A7slz1,1
468,He4qRW17SQlfN9BcAExX,1
469,KjC2x6liRnkdpaBsuUoV,1
470,gEdIfOLARZ6rocTXj1hy,0
471,0xkbZDBOAicQJK5wC7Pm,2
472,j5OyPphcxSMDXJo9LI4C,1
473,J5RbToUgXr2wAm3uGZOe,2
474,AtWjoFLHmYaelhIfzin9,1
475,gLNB2kuE1wasXd0jMQ7J,1
476,7ri8e1uFxo9B3hD4p2Jk,2
477,BMjeIFGzP6U7qpW8YAHC,0
478,DkNYd806tFbgoJ4zf1UA,1
479,ikNw2nIvYAHPaod4Dqsp,1
480,JNrlKDpRFXhP6wcQjMna,0
481,iwNno6KJ07lyFBVgfebE,1
482,6VXAjpZbgU4nOc98z0aK,1
483,hf6rMnsUwcFdSR8J4QKy,0
484,0ZNejapCUtVsq41x5FDm,2
485,hpKeXGQLyJzdtmO9u1MR,0
486,jLcX3o0ivMTafFeSq19b,2
487,i3wtJvkrchqan5mzlF1X,0
488,7CJ52ohMqKw9uvD4ZItF,2
489,84OlNTMLw3uXFdqapGUv,0
490,2NakDPd4GWEwzuHhTx5o,0
491,C8wu6hTXoUet53Ny7QqJ,0
492,gfSamebdC3Z4NFt5lonM,1
493,5Ictjhg7KpFDfiwq4CbR,1
494,CAeHqYZwpdarUOm0D2tG,0
495,C9ZISBrLa75JVEzlO4GH,2
496,9sY1FSZLahHUVIgP4kMl,1
497,GvH1Oto0m6IhJpKyaBre,1
498,DZ9asqbIBo1XLmUvRy7k,2
499,iZPHLa7FsKXpwDTYkxCo,2
500,D15rvTd9HeWUSiMXbsuL,0
501,gkdr1AMspBvZeNhOXl7f,2
502,9vHg2irWbF8YqA5tnhla,0
503,Fq5TI6OEeCjcJ1LnuYQR,0
504,2iKeU7DIk9Rdyf4hc8vr,1
505,C9KZx8YrJejnW5B0sqgQ,2
506,BVLP2pKr8yxF9iHdlbEj,2
507,0pTO4SVnWDehgUlYBAvq,0
508,jWmfFxRVEBrXIGNt1PSo,0
509,8dtjTeoB2HFkZiWQ6azg,1
510,IHyNhQvYnwlsr2fpOMXL,1
511,fojWIsY21tQG8K6BCkgV,0
512,0LAXajqhQy7po16dw8Tx,2
513,avKCprtmoRuXSeDNi5HU,0
514,GHyIqK3kbD7SvBftzaYo,0
515,c9oKfzyRb23v8ZtJaAGE,0
516,bfcBD4vaOtUJG6K5imqx,1
517,cNVK7zn0aZ2o8yvDIpYm,0
518,jLrNDsQ3yo2kHORVSuIX,0
519,hpbVtc5U0IS8LuGz3d2C,1
520,9b7hHJu0CNwok6zZfDxl,1
521,0xfjbVBPYX1pSt4rdWOe,0
522,EmaFu2NQZnw4z7s1O9vl,2
523,IjrWTQDLym7lfuRd2ibe,1
524,17jNaPkYIgvUyw9HxC5D,2
525,6iWV9FBp4nHOu27coSLw,1
526,72ijtUXB1aeWoVIdZrcH,0
527,5nAOq0ri23gH76PDmYch,1
528,CH8Yj5Nhz0oVkTc9mSJe,2
529,hlFo3fprkSOzDI7tc8Xq,1
530,CziF6LUN1YaQOHmsX0T7,0
531,3ekVow2ajZHbTnBcsDfX,0
532,dFf7OsbJGliBohLWMk58,0
533,hO5E7Bs6r02fpo4UGZNx,1
534,9gL8j0XVyEOe5sSmlpv2,0
535,4UblA5oWqLNmdVF8sDw0,1
536,jLRCfP0V6Se2y7bHidEu,1
537,hnSlVLa5IfiuctNwsmOd,1
538,e0fdQp9N2PYB5ShZy4GD,0
539,AWzci9nKT6fyXd0UIsQE,0
540,kcAwuM18pnvfbgIos570,0
541,5GyTHNsDkWRjvP9KM3FO,1
542,HQCNdPn3ytMDrB96b8kX,0
543,6Y7KC0nLeOUjH9mpEtFh,1
544,DidAagBYsJbRCkyLEMQ2,1
545,HC2Q3pvFOGnSTBwk1cl0,0
546,2HtAZBTbmReIGCUkqfh6,2
547,EhCda1DLfb93XTwc8uYJ,1
548,ghSCGY9I8UFydb2M7sHr,0
549,fdDxaCeIbvKowFXhMGQJ,1
550,Cvnqpkl0WLrEoOUDTJwZ,0
551,gelhQLoiRE0HZTOI2fYv,3
552,8pd4Tanw1UFZ6AH5s9GQ,2
553,DfvLFE0CayZ3NVuKxIbq,0
554,dmRTzPpi4N3DLGIAu9Cx,2
555,5BaLThMIuk2X4WmHge0U,0
556,f7gL0o5Uw3cbRyX9rOuT,1
557,gL7OxhdQVZSXPsGAzm46,2
558,Ik3i7Amen5sVDaq2LlPc,0
559,ghXjl4pkWPETMiF1bruL,1
560,K2OouiFyb1xSIVLRNfqE,0
561,DuSE7AmXlfTHU8OF0aNI,0
562,k0cYVqDT8h9yQH2ZGpSs,0
563,E6m5sWDHgG9CwUKOAoFM,2
564,7tTN1k68jFBqlbXDixru,1
565,5QkW049HFsDAiwCgKM2c,1
566,dRYGQSA8TrmIPtabWNeu,0
567,BKXtxeYlLsprabEWIQhn,1
568,49A8ITdtp3EoJwHPfhsj,0
569,0wqQj9ngaAVxI4SLr5H7,0
570,kfgxDSAKF7tJqEwP4T10,1
571,5FBEHZIJrAUjeozKVYmM,1
572,15loeAHtkJa8BuFi6Zry,1
573,9LYUcoVkAbrmnGNIsfeu,1
574,EhSAMWFg7Uk5oqBfNlcC,1
575,ht5xflFqOHX0p1Us7PoZ,0
576,C2KFYHLsW3iPhnVSzmQb,2
577,Gy1oZCVBQMzrF2WjKp3g,1
578,0aU7XWsr8RtN94jvo3lG,0
579,B3tU2RsIWSL4pA5bF1zr,1
580,1Pcq2sTQEV7r3gBSwFyU,1
581,5pQS3Z7bW1c84XRhmJYx,0
582,2oUq3FLziRydvHSXM7na,0
583,5AoVqUzmWvgQrHMlfFpy,2
584,i0gZtoAOmxsID4cKHaul,0
585,jUY2ipvXO9E5SPuLwHGs,1
586,gTUk8tKeM6AfBHQbrSaz,0
587,4AGv29WBlocjZiPIKqsp,0
588,7ljvb89q14fGINmaZhrP,2
589,2oHOw4StzEV0hiKq3ByD,0
590,63vS2seA0bRQhG4fugWE,0
591,7pdzUjNQPFyw41B0a8gR,0
592,DfSa4jlAyFPkXQpTbUoY,0
593,beDosHq791jFfRElVdmi,0
594,IbLHfNKoXGdmFEphtT8s,1
595,Hj2pF8w3JTWSthbkK5Mx,1
596,e4Fw85kLxMIciuQjRhoV,1
597,ANz6knJhUMmGgC2av4iB,0
598,gRZ9nxcONPftvzDCyKTQ,0
599,dVo7TPLcFQvOBx5kn1bR,0
600,3TsBiVX7Wk0JPRw5Fvrp,0
601,k4fumEIZvtlKUbJ32c0H,0
602,8jrxyaQiGJb5qcsOmMAv,1
603,598Ro4nwxeQOSHvAsgXm,0
604,g9A5fmc63Sth41uoBLEz,0
605,cV8fK0vA9LxFz2B1Yeo3,1
606,FPZgCGuvUcwRXQ3YNH9b,1
607,jfcC8WhHuIJUAlLTZpNs,0
608,B0yv5tFCSLkrbfxZTsic,2
609,JPz2sCNRcjVUDrwLh8S3,0
610,btaERgnQGZMzrDWvkSoU,1
611,BxXFHVSY8oWfM5pwqyKA,0
612,Es1glGAM8aT7uXWOyNfc,0
613,fSKhw5b8DrsdRcouPZ9x,2
614,cxKg9nzCNJLrdDRHomMj,1
615,GyN1TW59jIfadSXxUZFb,1
616,49epoGtYixcgnkfwJ2dv,2
617,E3sij5MlNGadWfcSDvQw,0
618,DntZe35UAGE4BPixXQhM,0
619,7HqBvpZyaDWLXsNSAhUi,2
620,9463P7bjDcRnOYxeXAzN,1
621,dkavAF5rQz1TX4O6SqhV,0
622,EKHpgnWV7uGJIdO48wXB,1
623,IO1sycKv7rV4YQfESMJC,1
624,dp4u8GQi5gJTHYl2PsNq,0
625,jLSyhNpkoXDKeBmE5YxQ,0
626,kMipTrw9XsdlzQF2N1oU,1
627,DP4BuIxNqM3wrOepXVUG,1
628,ajLmuChQW2E3inYtepOH,0
629,4wrp1jESmXKUAvH5s2aR,0
630,d0jkP2OD83C4AmzKtE9g,0
631,0SHsZKUkI2iN1Rw4be6E,1
632,HCfcB9zY8QAsTaJE2uV3,0
633,Jt9wHfF0M8PNQKSO4mZy,1
634,A4126nkduWYEBVFo05w7,0
635,7qlMUcpafAL3QFiPWEzJ,1
636,CNRrJcT3pLw2GAiDVq7Z,0
637,0A32eTdBKayjCWhZqDOQ,1
638,2Ig4GdWcjlOLQ9YEz6aV,0
639,JNfrKZYIEmpVDBzn1kvL,0
640,d4pRkjBtMv3uC9OKPIbL,0
641,jynSzuQrYfI7eGHWKmPZ,2
642,2LeQVofH8Jl4da69AUxk,2
643,b8kXFQJv6aLdDP3fn0tI,0
644,BpLKvjJNAdDqyMElYnR3,0
645,BdO1phEQY6LyCxv5MrA4,0
646,8ne26YagdHzwFQtIpTVL,2
647,E72CBW5TkMVsca9LdegJ,1
648,87Cf2go9YulDiHEyekaS,0
649,4XvpUxtrIGC8Y2LPAmhS,2
650,3cG5wXTa8pRN7ObFtE4K,0
651,5zLPMwvfOyrYaU9jIGE2,1
652,DRsZqtFbzNrucxWaJofL,2
653,ARIuhH95Kori4B8wmQLM,0
654,bFpJDO5AxXrCzntaWvTq,0
655,gbkKyeR2uhSO5GzsIr0T,1
656,kivFX8Jh129u4mbgysLe,1
657,ifUj19ONxy3D72bKTWzY,1
658,387RdPoyKxJIZr1YNcO6,1
659,EiN0dCvKSFymUpfhsbu1,0
660,gzfdolrL4kHKb0GaxJnZ,0
661,fCyAxOnr8lFhsXuNeEkt,0
662,eoAlNd32LZGSPItn6mTM,1
663,Gc9O4vA6JMXeQWs1gipo,0
664,cgASXYyjTORWDEGnlZV3,1
665,ckHjaqOLs7rN43tziuvQ,1
666,aFJ9ZLGyEWmx4Cu1HAXI,0
667,gIhON4ojsvuxBfyJ3AMP,0
668,4UuhCigVIDrMpHPKJmAe,0
669,IfJGXu1STEWvZDoMV4Q0,2
670,fjH1eqUlI2rF40WaVhJN,2
671,CezT83xEW279v4DBZUjN,2
672,3ESs1rk0uyp9wlGgFaKj,0
673,IThBzvVbMReu248oK3UJ,1
674,ELanoVlRXbYv26US0T8r,0
675,1f0427Tk3POoeFMpG9IR,0
676,dhFnCxfamsLvkubPZyjN,2
677,2v5AchX1bsjnKpGg6Vdm,0
678,IvGnL2WUw9BKEzpZj4gi,1
679,grUKOtP8A5GuMiJpyCE3,0
680,JfaAGUkRVNxCwqdb6sj5,0
681,365qzFMSdZmIU1YbfoAx,0
682,eGc1liEILN0hzWaOsnSH,0
683,fXOBiTsSxvUeIMnVha3y,0
684,8JUtNcP6rKo5xjSwOTQg,0
685,KBvLr7Tk8OuoySgdA6eY,1
686,H9TpyBucANdDhLxaES0l,0
687,hlIJLBno6yzq5sj84mfD,1
688,HpL0DOwY6RN7hcGeCylb,0
689,9nm0PiOyw5X6RgU3HQVC,0
690,5ME0AcvDafIXHtFJxwri,0
691,iTYV7QcEhq15JGZKWzk3,0
692,Bf0LG2a8MqCtp3evSrPX,2
693,fLHpYZzIj3MT2vAXr54o,2
694,ErCJD5UsMNpP3oVQk41z,0
695,4fL5iSGhJDwoWuNvcjBq,0
696,J8pdGbHyWis9ToawOIMA,0
697,cPLlgOTeJ2V6USpFomtK,0
698,C1XFOqQ7ifPH23LaZolY,0
699,9NrLdu2DQaT8ERvwtoGh,0
700,duDYQ8vkb29jNryIcHzX,0
701,IOTdy6SHm7cbqPxoLUaw,0
702,53cwdgavTtGukRl19jM0,0
703,cKMud6JxQqpEDYlHWGoO,0
704,CTWaoOUEXJx1LvpD0dYs,1
705,B1A8ewnV6fu3Fx5C0yNq,0
706,e0Z7VP4EL1nlBH2haFo6,1
707,CY2nyMb5XBKN0RaLsr9E,0
708,BAGfw1SeoPIqyhTErbit,0
709,dogxTGpvCrYFKZcLOWR5,0
710,BaWbrQdgMGs8LqRY5l7i,0
711,0V6UmdMg7wQGXslAzORJ,0
712,3gJDz9PFyZxd2KQmSUtG,2
713,DW5XohIOgHPNwdBKkM9i,1
714,1cEKCiXn0hLVeSk2dDyW,1
715,HyYjp7w1oiVRl2zaWcsS,1
716,dFUABXPZzn3mL06OEjek,0
717,10H9detwuiZByNSRMmxf,0
718,FAVY3yOcIPEk4BdqXgr1,0
719,6LJuRVBNSdWGlaC7KbqQ,1
720,Jkp4jA821MuFmbZU6xRr,0
721,ADMm3H8ELRwcpUgjId6K,1
722,283STBsQaI7Pw9qf0tjy,1
723,giVwn8ERCZrvfSIGFmaK,1
724,gQuxjNVCZOb7Jn6c24kw,0
725,09sXMJUHwQWVanrhzAoT,0
726,HgcNkyo38ZnXM5ePvLQT,0
727,iSaFcugoKwRrmPTDZOyJ,2
728,gB105vrJPbcGCtuj7p4a,0
729,cb53LHRYAJk6M1XZgusC,0
730,6Jiw0HZgfQ8PvGCtsxDS,0
731,d9tk6NmEj82MWXIHsTaw,0
732,0NmoAEOtIDdwiVr9PCBf,0
733,1YSNBUsrXKc3hWq7IayR,0
734,G09EtRmDsFyCK4lqjHWb,0
735,I7ibzm1KMaYsuWfDoThr,1
736,9sPtSV8rx5WNUukQ4qln,1
737,Ca3OjSKDypEY2PLGvnXU,2
738,6JcOPhsUjbfXgnoQaHyN,0
739,2SRWXLQomgJyliq3G6BM,0
740,friQmXP9g6D5AvOasLUT,1
741,HdkjoqVQLg08cRDvpuGb,0
742,1cB6EdrmebFjAX3QHkS9,1
743,7Uzm5a3KiuTxZPWt8sRb,2
744,GTu3Dj92zvP6i5oVACHb,0
745,8J6QdyfRgIeTnFsNPKDp,0
746,efuhvT79QdsU0DMgJXma,0
747,84RSutPNkVDme03yEvLT,0
748,E7JvkZyTKF6fhWBUrosV,0
749,4Z17cDB6CQHvsNSxlwkR,1
750,bPF6lJve59SkodZNiqx7,0
751,4jdQYKgCrZTaiJDBpNXn,0
752,c9gmWqvaiKZANzUreRG4,1
753,HmNZrjpJtMXGi9xS6ukW,1
754,5NAQh3w9SULO24RtEM6b,0
755,kKzsPq9NQLSZAOewUgBo,0
756,fMeiEQ4BrOm0dCgY71Fu,0
757,cDPRYKhCwnNB7t5WIFb8,0
758,HeBQriWlXgyVJcI31Y7f,0
759,EN1bwD7ijBKfq4ochpRa,0
760,7fVDenWBIwTcLtGZzOAY,1
761,4cPt7qBs9CEIgNkhRXKM,0
762,41WpbwcQN8fVsgIiLYZn,0
763,g32G8fcexHD0Cn76tzwJ,1
764,4syoiE9gr1HVtAfwTQY8,0
765,fpvS27qDbM1As89XG0JW,1
766,EY5ndkeN6T8paMjCJARX,0
767,HfLoa5txyimVwPgs4NvF,2
768,dkbDnlI7TqHBpteJx60c,0
769,CfSF2urLkdAX6MbzQiIa,0
770,0UwHZzuXy7GFStRKEgdx,2
771,21ORx5nk8fcZH4eWDImo,0
772,EgR3Y2WxNbavsDdj1MVS,2
773,BM80h5gaYevIJFyk7uPO,0
774,EgeBpshOLYbwyu0ZdrvX,1
775,2uKJ96CnsBpH7LqWVOTD,0
776,2Tez8wVK95rGRuQ6BNvL,1
777,0FdOaDWrfBU6TqwCRYxA,2
778,50NjMBpX8t1kGlzq3wUb,2
779,Ef1CXjtYxKousd7heFiw,0
780,2GQfCOYtRbzWyov6rhIc,0
781,idTa1lDvrZk38BJOLV96,0
782,Ew2gMnUpYlyFBcIsjkDJ,1
783,cVdNyFZpe1DLI53UPO6k,1
784,7yJYuiRnmAZKr8PqsU1g,0
785,7Y5Egr0XjO8UIvNFA16L,1
786,2kjJp4LQZsyxwquaB7WA,0
787,gAb06acf8NMh2Xwj71HJ,1
788,2RmXnKGVYksyxd89fTMU,0
789,d3zMqD8Fehx6EvRUmBuZ,0
790,4rPqYhEtQoegNG8HuCFi,1
791,bSMwUTCcY8RqjJxnkBZ1,0
792,1RZ8lSpEKcjaUru5k6Jb,2
793,dt3fRl4cO6CpjsLHNWgn,0
794,DTWtmMOnSVQ6L8KxEwba,1
795,cit8mq4rb9DNlPSJuopE,0
796,g9JF3Bsk2IQw1HvxEPpc,0
797,6sgxCbR2f7HD1evw0JSQ,1
798,KF7NGoQSk8v9OE0nrwy2,0
799,8iZw1cMaPBr4RJzxlFXH,1
800,7P3A5vpdRa86qQlLHJUt,0
801,hb3oRrAFfdq5VnBDjsL0,0
802,0QIZ6hemJLErWdFlGnCc,0
803,BOEePDvjdtscGrZwKloT,0
804,5nVHoz9ce2AmrSFbRIJg,1
805,Glebjmk60ActiYp52TBW,0
806,byp4AhFJdw5z703jLIZO,0
807,3hfRptP5gUEqDHlCkMYX,1
808,IaqnMmr52yzNTpdl9bvi,1
809,fljGbXsC06zBq8JZEv79,1
810,FhxiaMwrVAfXKq7NYkvU,0
811,2PKeuzXhpxc8MU7HZyIW,0
812,7fXZ2Kd5Ak1IjHo04g9Y,0
813,kRUx3TuoJSgp0sqDzNGX,0
814,HQCGK7qg4vjwM6iVncxD,1
815,bC0ejQwfi98xTdkhIy7l,1
816,H0MWhBng75iZPVOTNdas,0
817,Fxsq8u9hg0Ncl2TzLQtS,1
818,8vJiQURcq15ZtmEdHOIp,0
819,iJwSVZNB6Qf3jdC0oAXI,0
820,EV5y3k4OfPat2g0TAbHl,2
821,H2toBzikE7AxGYNnZMXq,0
822,clQNt9kyP5Tw8SDVfBpE,1
823,jBbO9vIsVMT21nl7megH,1
824,J2qhWn8lStp39MUZOEjX,2
825,BSvGkbzOdgKPyRNhwjf7,0
826,i4jsDGZyJPE26nNoaF5W,0
827,gR5cYMhLPZ8AkzW62wxv,1
828,DotMKuV5W1sryTFNkmGR,0
829,6PDAtMmzOLhpX7485ojv,1
830,ITQEnh4F7kb1uOs5CYMx,0
831,j3FOSiYcJwQPbeRAIaVZ,0
832,IMilbaqDg87y4t1TuvNd,2
833,26ReFDsbVBn7JTrYv91g,2
834,bR1ugX49KAGclzFwkJ7j,1
835,G3td1uFSQnHxrZ9jPE4X,1
836,JCA6mY29clo8LOGxaMnT,0
837,Ewi4DkoMZnX32pfdhRem,1
838,ejZcdzv9sJwgumyEkK6f,0
839,6gObYqkiQC8R5ptdr9UN,0
840,3tsw4zN5EoWf0yL8bPxI,1
841,jgZnKpTwodQu1y0AziRP,2
842,8N0Drw6gKsimauCZQpWV,0
843,1WCXg8qEtJFITMilaf6k,1
844,c7JueDyhL4zROKFE0AYm,1
845,7Z0lLsb5Pr6wNjzRDTdH,0
846,AlNimKRVGWnbq7X64jfs,0
847,1gQDa4l9cNBbkO7n5IY0,0
848,6unp3PJlh9AoH5tsOE12,0
849,hSNuWGB9KZzeamA7tF4R,1
850,AH3uZ7WMq6RoOyNn89kw,0
851,ejK1lrfCdNmypPw5suUk,1
852,aDWVqHrU4pKTh6MQESJN,1
853,2PFLzYNrp1d96DAVQlIk,0
854,bzDB7QwxH0eCMmnRSquL,2
855,fzpmKQC0AFSw8hWcyHXx,0
856,k152In6fHJEeQrmV0TUS,2
857,6F3Dj4qM15tKvNTEoQlP,0
858,3wauD2jYkTUn7izLcvV8,0
859,DtegdMpNviJ85GF7r0IH,0
860,G7rLkA8ejxVycE2Bb1gP,0
861,InqZsf5iQozvl3aJbKWA,1
862,HSpxv7XiuwNj2ceELTnJ,0
863,dw4J9DBiagtKMGo25N3E,1
864,bgJLPuX3wtYC6STZkrE1,0
865,2sv7DuVoamrNGYISKzxP,1
866,6CausBfmV49nHh5qXYNi,1
867,APpjKbehBDNIHXuSnO1W,0
868,C70ihKqv4Ll6GDQSrk1J,2
869,ekSMGjq4FE0L3tux1Uic,2
870,BShUIfCj1Z8recsNWYT6,0
871,2oM4SOUtRKpCVxlXEmeN,0
872,0P6tEopzr2mIhkuOKiCD,0
873,7lYJNX4TjapibMyvd9sz,2
874,fjAbOtkGQo9nRYiysBIP,1
875,apzPxCsQNhElHbFGBLk3,1
876,HwaNjn9qIMErWxD7zUPy,0
877,b3gxz6Za90hDwpY5oFiC,0
878,45aTQcuSVrGxZ62vHLbw,0
879,fdMKx46g3GqtF0oLsPNU,0
880,CIGZkoDUljeQsf53z8Rv,1
881,Jutod3lzAeqPDWVHRS5i,0
882,fMoYnatGqhLBuc5UxFK1,0
883,8LiHPj7EOaFpnN0uTAW9,1
884,IL4NksaVyYtQEKAXnUSJ,1
885,BC9hzqbTa0OIsePYiND6,0
886,EHI1K0SgjF3lyMeiC4vp,2
887,0yvBxsufKXzM6CwpcSYU,0
888,9Rp4MieOLyFmqbdU18oG,0
889,F8csP5rZEx346TXkojt1,0
890,GzjCbSQ3srgy672wWq5T,2
891,15uCdAByiF48LpZ3YS6Q,1
892,DFJWGxlHYve5iBUp0K46,0
893,jZCp8IYzrv5TXsSOwEV3,1
894,6rBCZSJ29AP1VQtkwz7u,0
895,5ha8CD4kXfvpQ2oGwNcB,1
896,A8oC4SXBj0lrW2Jw6n9h,2
897,fVWAtl7QsixdmThDBu4C,0
898,HndZocCNMY04QBlpr7gk,0
899,iz2hCIvZncJ9jDUY7MXq,1
900,7AJMbxOIN3YyFnjg5oDR,1
901,4ngIoxi0KRZqMTjepWh2,0
902,6v3P0dtFROb2kyiNrKQ1,1
903,GLz6FdekWya3tsUovJPZ,0
904,csiyQIjSzhrTfGtYKlq5,1
905,Ji7DQlNX1HEnCWIVekvf,0
906,KCeDuY5B0SUjlfxbT3X8,1
907,j9ViIqQ4RXTm7hSFwblW,2
908,IVk2Scu69wdmQ7tEO8rY,0
909,CGtzUByc19fMLP6ioT8n,2
910,EudLvJYRpi7K3r5MBPnq,1
911,eq9gfGHrU1yE8CLlpARc,2
912,EZGSdcyL3bCHQaFDNo7n,0
913,c2hn9edSNJKmw0OukrBv,0
914,acxojmFTMUAL2HuNfeQd,0
915,Gycu1WC5mE6BzMl2ArD7,1
916,1fZPmkixLgY8KqnOQd5E,1
917,hmjcZH7rQ4qkLlbDzePy,1
918,Bnwd1vNx85KI7yzphZHs,1
919,jztINZ6PGKThubQ78fWk,0
920,7QvXGmHYhSibDW9IwU6O,2
921,5DTUziJFLRQ17phBsOfE,0
922,2vdQBJI8twlfn3grNmsj,0
923,1KozfUh5ri3ngNCGH098,2
924,1nLqk0H5NYdR4OiJ6mob,0
925,8qS24bT3O6CyaxpkXnoN,1
926,jUeRolnr49Mm7DF0JIZX,1
927,d7czUVqJApx6WEj4ownT,1
928,6WQwdE8cos0DCvSGtmZI,0
929,4oGUEFhwqTxk6Ku5Q9N1,1
930,GZMUBgvzt3brcfsh84iR,1
931,Jwy0VUxr4l9aCQFNp15P,2
932,3ajDbkt0X6TLUuHKYZhs,0
933,7NhfmldVgt912wn8MYDs,0
934,kbZrNaLliTWFB3SM5K9e,0
935,bdxGSpKnOyL28Z7aVqoU,1
936,a1tHxq97wypZ3A8QjhKl,0
937,DBk2Cr1XOfUtiygNmKYJ,0
938,80G5QtOzNdR9CVxTJ3Uv,0
939,jP31kpCT6WwVr9chU5FH,1
940,ctClpAGF7i4oa0f8nYb2,1
941,3X2jQ6SzeKCxA7WmlqoZ,0
942,fQtXNr5Jk4HK13U8EosW,2
943,0SUAyQWoTeZb8qmIPMK3,0
944,7ykVQP3IzRgKpN95olma,0
945,BYhZ8Rd2Nl7F69DtnMXH,0
946,5SGjeWfq2M9btVgF78rp,0
947,E1DUIqGv4Zzus5LSg237,1
948,6fQ8rLxmDzpNIGvAl3Ho,0
949,BGpm6FzEHcn5SujJikwy,0
950,1sVJGxyIi5AYblaRtu4e,0
951,gXHqfj9eSQTA74aE1x3G,0
952,5vcEstbVjzK9FgqAO7Pd,0
953,bFouR7d8lxgEqsCtMhOj,0
954,iouyxgUJX7pjI1LBTSDF,1
955,DIrEPtygG8SeLJ5mvq2a,1
956,4skKNvbjShmzaWHIRQXi,1
957,2s8QiutzMXLBcIlyHwkG,0
958,2nr0GTSxN4zKobZqwpy6,0
959,eECbifLAG9D1S8tMyIQY,1
960,bPlmOfVjXFQrS2NsE7Kq,1
961,eG1bTK5AB7Mryunti3mO,0
962,efKbsRXGgy15NPHW8tI4,1
963,CwaO90vYBFn32T4uRMDA,0
964,7r5DCxQ2nJKN0GOYPmcH,0
965,dA6RwqseVaGZ4pmcfjXI,0
966,KqS2u8HUWPI6jGDEhvB4,1
967,0ZTEyLXaWReMK3rYVCjv,0
968,3hkdwS62yVIgotJlRHnf,0
969,8zZyd3OPxpcw1NCRJBjo,0
970,CeMBQkDHf3rcTI0AaSh4,1
971,bQepsKFSzxt8Pfk6qGaZ,1
972,bZ673MRJnFIlwGpj14r2,0
973,G4pBIT7W28V601CzoPnU,0
974,BGqXnfMsI60QDb2Ue35k,2
975,1Jd0PTkEWtKcyCSbBD6H,2
976,F7OwWVhvDgHTuCt1fUoz,0
977,FEiS5U2paZH1eDR67j40,0
978,BM9ri8vXtbxJNem6S4wg,0
979,9i7HAYD15sblakCpmF4V,0
980,gtsQZdU0r159I68nfBjL,0
981,E2s7M3RTzBgq9oDNjd5t,1
982,3Cb9mdkictPwsSOTKUIY,0
983,JnWzZbM0eqvQEmwKDg4t,0
984,dtcBSuoU8MZ0wilHFe7n,0
985,CF1ivEJDg47qMtxPWGUY,0
986,gRVxvlkb6h50dtYCEPKW,0
987,cB54S1OCNa8Pd3M0QxIE,0
988,gKONpkVCn83wBlr0a7yc,0
989,5JLHiDhkzyYPdTeuMqXb,0
990,kKBJnDycpQmzPol5OU6Z,0
991,8GF2DkYbJpAi3RqKyLcX,0
992,2ISirUkfPhltjXVQ86Ge,0
993,8NYnzWmyo10T7tH36GQq,2
994,Jo4mF0en982QIKTAbOXN,1
995,hwPFV83iJa9Ek5HQSCzd,1
996,6OiPhkAuq2Zo1MxfDBNT,0
997,0pLrSeQMbqfCc2IZHUaO,0
998,fqom9xYgBEHIZ6iRA78s,1
999,AFiruP53lsbNCjnkoIyM,1
1000,3zDoZM6sSC2E9X4dtlB5,1
1001,ceKaj4rnXfU7QvShuqY3,0
1002,BrjnTVGRdhciKsH9Ytxo,0
1003,FUR0EhC7xO1QW8f6DorS,0
1004,EBghIvP2MTJU6GXkAROm,0
1005,A2T5SknsHCgGvh8oqzlB,0
1006,ibfQ0Ms6FPkLSJdvEzW1,1
1007,JDpx3T254Vv1UbM9OQWc,0
1008,iJpgS9hMDuFrCTItyokl,0
1009,52EkXpe6I1yif8SxWDYl,0
1010,HjnGJ4mAK15irOcZkRUb,0
1011,Chq2jb7PZtFyi9S3eYUA,1
1012,CX0MIjV2tcDYflABqL4J,0
1013,6tmqe5B8JDsQnyhGo7vP,0
1014,1e4vEcCMmyGJ3wrPXTq8,1
1015,0gkj92oIleU4SYiCWpaM,0
1016,k3Vna8Fm1WodsDxlTH4N,0
1017,bpSOxXv95Z2TmfnuVhiK,1
1018,JV6Qew1hoIUYF7uiCz4L,0
1019,Ei92sQqeJWtwHkcx8ouK,1
1020,gRNpMreFHS8QmAql5OiL,1
1021,fhtP7wG5BXnMSQWVbkJm,1
1022,4Kq0NxdX39AckSV5F7tm,1
1023,1QwaNAKMEpI9kb0oYzuJ,0
1024,fOV9M2CJpEwILlGYFqi6,0
1025,7akW4s9DnVjR20eflLYm,1
1026,bkRlwrQS1pVG50DaIgKN,0
1027,cL8foiVrhFI21PQ5ARUt,0
1028,9bsFw0Dv6WQTyzGhenK5,0
1029,BEqMgotbrGVUiXsuFJWw,0
1030,DivyGH4pxZbNF8jSKEnr,0
1031,HCItVjnoUXrq3OJcdNQk,0
1032,C72k53xiYKHAWTPyO1QJ,0
1033,GDMPOk0orLBVtaubJHS5,1
1034,gieTJZzmLhfO82bXVxkD,1
1035,EUW4FKIaiOy15NrJv0RM,1
1036,kl6Lw0U7WYT2biJXhP3y,2
1037,GPw0fzITLhcQDkSWdyYx,0
1038,0XnPCouGZdhIKliOFQHr,1
1039,BbNQlcLSfDsawv1CrhRq,0
1040,HWhSIz2mFVokMc4E7CaQ,0
1041,fiFAPn9E6NWzh2ad48R1,0
1042,JMaEzg6s2P0n4wSIyulO,0
1043,be32jsQYGSuXWkzOiPrN,0
1044,jV8cSxM45pXgW7JPo6qt,0
1045,B5gWjUf3PmKuJqXQnOZx,0
1046,KlYG10foQUPdjTIXmzLg,0
1047,0pnRqtHF3dKI5MQmwT29,3
1048,c5ydbUrj02fYH9qo87Lt,0
1049,dA9ztZeivK5lagO17kJj,2
1050,fe3ahn9iVGtqZkWc84AC,0
1051,D1rkKPHwad24qXLMRUC6,0
1052,a3SdTUwjYntOzGCKlFgB,1
1053,Gy8uobOsY93wZzCINP1B,0
1054,dCEqh8eBojWtI5gzR9yZ,0
1055,gZx3mKdoY91baiu7PfDU,1
1056,Izbos3ZTyWKju6k514NY,1
1057,3NwypUot5vGsCE4FhRqb,0
1058,g0yHKSp9UMReb7ODs265,2
1059,e9yfUl2D1pbTARXYdckn,0
1060,iaImWBFPQdAZG5zKORE9,0
1061,1TKPznCeQg9cHYflavwb,0
1062,B7yT9jiIw8OkC3SMlRAF,0
1063,6m2KfEwGe3bJakIr8Vhj,0
1064,9DEesVNl1Mod4pB8xR7c,1
1065,crB9AngSLtmYldMvoPuK,0
1066,EqdNe3DySZfhFlrkcMTu,0
1067,fHWo9xSpPTFNQ4bRYgXE,0
1068,gaJ3ypIsYStVcNLFXRbM,0
1069,ikWOqdCK57rcjxP4SJZD,2
1070,06aLOj8EUXMByS423sum,0
1071,1qaYEkxde2fFuKv6SRsO,2
1072,cJQZpFegP6ChAVsX7nYG,2
1073,3eHwdBolFKi4PahtXSyg,2
1074,1SVleInitNjxByvsFbdm,0
1075,hwxS01rbZ96nIgmUPMLN,0
1076,2UfwYHR03ZMokQgFAzqt,1
1077,5uzg4kBi2Qpt8lfWVH9P,0
1078,5KHFA0cVxOgU94RnZMNi,1
1079,Hos7LWmZR926VO5Kcgpd,1
1080,BSafFJTth4U3uibE6sZO,1
1081,cuCskOh9Hatq1zUp8PYX,1
1082,iRMsohvN31qUCQDFL7we,0
1083,b6ZsxrcU9oTlziSwDGVI,1
1084,CTv0Q8ujqlZc5dGnfeaw,1
1085,KQwj9O6dlPxNyf8zW0gp,0
1086,3dTW6tCkHoQyrBAc2ZmF,1
1087,7r4nyOFDRwkc2EgxopWV,0
1088,aH9dNyx1jZCzwbJYW3Xl,1
1089,0yn4gphuOYlPsCz5JGFM,0
1090,DohL5RXbrCuUNZtM28x7,0
1091,8s9r3Mxpemd5ySQwPlD7,2
1092,JWawnfh3HmQDGlzXbIRg,0
1093,b28VuAYhaez0lDPtc6kT,0
1094,FdSyWHUrZqeo9aE1mI7O,1
1095,4UTMdcZkxzLvwygO8EuK,0
1096,iSUhzuAXpcy1ofT7xW0d,0
1097,28MbCkmwFWHNvBYTP3oe,0
1098,IoPNU9sX4CqjaxABizpR,1
1099,hgADmCjLzUl7Vw5S4Gfu,1
1100,3Kn9Ai6EwNaemtS7OQf1,0
1101,cUIv9fk2DdxBPrCZqVzH,1
1102,FxIYb3j5QRWKH09azTrC,0
1103,EYhwV1UDBWaJlxNveuRp,2
1104,alNJ9v5fdyO2QXruVFsp,0
1105,irUj2KVPLFBa4EYlbxth,0
1106,k19jiUAosZqJMnveuxt2,2
1107,BsouwtiGC4ULQcRpOWh0,1
1108,iknpx8RDfJdFmIcQGzha,0
1109,hTJDULi5zxrSem7kVgFM,1
1110,fQ9wWK0VkgxnmGlSRECe,2
1111,IFs5zKLkOMqNtubS69XB,2
1112,FcxXkuV0dCRBhEJyj3Wq,0
1113,j3MZQWRstbSx5CG9mpTn,2
1114,06QinlpeFIWj8qHc7Vys,1
1115,gXAcxkqQjr9N3dI5paUO,1
1116,JSENO0RduDWZzG3lHcey,0
1117,KOAJBhY1RckV8DqTPCsH,1
1118,AHPWflTcx1FdynhzC35r,0
1119,01jsnpXSAlgw6aPeDxrU,0
1120,28U1hRkQ6Yl57493ZdXD,0
1121,3JCnTRxD1aOUXlqr854L,1
1122,ab1msNeCBd2QpX6u8VU4,2
1123,AiBZ6U7w81lfYv5DNkoP,0
1124,C9R8qokaKc7QGmpzyE31,0
1125,ENo8Xj5AOMHw2LDQuYB3,1
1126,3Ce9LP6ngx2uBtSyczRG,0
1127,4gPjloRVaKb2BzGC8ukn,0
1128,C23GNv6fP5JjLdrphgnc,1
1129,jUEoMwWZuAxDmqks3Q10,1
1130,8zu2HtsqpndNUMxVrIG7,1
1131,B5KcvwyrkjX8oZWbMRap,0
1132,cHnxoFJRgXl4GSMD6bLU,0
1133,iOoB2uvIKDkrHS0Ewdte,0
1134,7AgYK5PdXn0SMZoD39Q6,1
1135,G19qOjYAKMamw0rLgHUv,0
1136,D2FbBoJAweiY8X0pxTOn,1
1137,dnKrSUxLP8CVasfbuWyl,0
1138,iBT1K8E62rpmG73jN9VS,0
1139,kjQFMnf7vADCqtX4ai2u,0
1140,i4f81CyIkZtEprWaOVRS,0
1141,5fcdwygv9TKrl3GW0zMA,0
1142,fSn3lMtv0pJWIKLzNxeG,0
1143,5PqXJeyYtTAQLMca6mCB,0
1144,bHX3c9EA1NTBKSk2aD47,0
1145,ayQgeJDwOtlRoBspqfAr,0
1146,iTUoxhFD1X6S9lrM8GHq,0
1147,I0wz6TmBL92MSGgxUboV,0
1148,cehUQsv6zANDEG2iYkng,0
1149,GepfoxXH5VWKnhZzYl6U,1
1150,8kyU5WZRB1NtXJEuDjeH,0
1151,2jSxktyUYeWKChNocI04,0
1152,J7NLBk9Cvl82YFdXVZAR,0
1153,jBIefpw1x6UGi2WPAOFM,2
1154,FjeNJD8d04AakcKu5qCp,0
1155,2u9mZjidrEhnAN76Jb8K,0
1156,3DPkmSKTydJUFQ19Ol4s,1
1157,52GeORAFh08SW7lYocXU,2
1158,iWQ5qhfbkKrdJtoTg4Z0,0
1159,ComqpXwFH8zgJdIrEMya,0
1160,dDzqka3oCtXi6WgMuZYj,0
1161,E0UuPpkYHzrZnSM6XbhC,1
1162,bFZTc8dX7Uit5JAVLvBx,1
1163,jwOH9vMbCimpZGrQdYPq,0
1164,iKQcpTlzFkgrb7RJyjDs,0
1165,9DzWroGaVL8i1ZUKFb4c,1
1166,dN3DR9xeJwyLlHFo5sju,0
1167,DB8EFIgyArxWuPN2jXMf,0
1168,bosMH1jKO7LwnFaN9kvT,0
1169,7yhwG9NErjks0RDc15B2,0
1170,gSiFR8BO7lV1tjU0eMPb,0
1171,I8nKdJA3Lz6Q0mliuqwR,0
1172,93lsPQvIXLHNfCyY2nVr,1
1173,gQObujvhty1CcR4p6YKX,0
1174,FpJWSLn8DkwZKyAG9XxM,2
1175,bE9uDl1Fft8AWXGgRVmx,1
1176,6PbsWOHRu4JvYnqGzrdx,0
1177,ETaX16O5B0Hm7Ck3tGVF,0
1178,hNuROkBgEDG4UqSnZ8ir,1
1179,caphmH2ebXoFlZQNVy3n,0
1180,H24gZfhreXtDJMjo1ISx,2
1181,aUnWoL1K6vi4R0c9rEZ8,0
1182,ftdnVB0K7JzRA8FUwIjD,1
1183,5gl4sqLftFB2KVNvGrJZ,1
1184,cN908Z6lWsCeQT5U2Kvh,0
1185,C7mvkduNUY3QXfIeAzOn,0
1186,B6nhL5vI2TxV8ODNbRJE,0
1187,15mfGKRS6aVevjAoYL8w,0
1188,gwS6d1lqMByKUNCEDXVb,2
1189,E3SfzdYktZBm8ov65e4P,0
1190,dsB2UgC4XFQ1cj8DMyhT,0
1191,Ctjp687wq1TJncfI9ZSi,0
1192,9Rwu8Es7InNiLjDkQSXd,2
1193,GWQYvtI8a2rouyEOPcHb,0
1194,HPqv0cpKDx2yzeRiB854,2
1195,g67SYHaFECoeh3Rn0kfP,1
1196,CrgSkfqcMliN7s19dTFE,2
1197,1MsThSACGflQ7u8cp40o,1
1198,CnYUH3dAJoPrSIc2xkF4,0
1199,70f4QazO1NlpXMST2LcE,0
1200,JXnFkjMV91yufWa0Us4N,0
1201,dzIFUHABJQShRZrPcCox,1
1202,ecVFna7rh4PBNKHoMugD,0
1203,8T6pnojxKFcYQR59tEuL,2
1204,hb9uKJOr5i82jEymWofH,0
1205,9HdqT5Wh7o1Eyc2YPrGe,2
1206,7cUi8xtw35ESNMKJsXhD,0
1207,K6wJGghfXmCiWzNptoD4,0
1208,ibyO96XMwk3U4IJ0htFE,0
1209,5QpgRV2cqU9wvjBist1a,0
1210,f6pdT5DB7mb19JcLC2Pq,0
1211,fQgOyjuS5YDEnUqdKXC1,1
1212,7qvZykasB4CizHm8EIhT,1
1213,bQZP8pT9VRCnk0OM2Etu,0
1214,4aMbnHlA9es8vKmOFR2Z,0
1215,dD7wzS4Hj3xt2eAqPLnc,1
1216,iu1ljDsWoZzIU8GOdNmA,2
1217,2Y8yNd7pfDX4l3qacwEk,0
1218,ib3WANySVt0l5nBkhELD,0
1219,5HLcxzC9AjVpevbd3l02,0
1220,2r0EQuyUfz1k9BhPgpvO,1
1221,JqMnmvEYlKVfw90W6btB,1
1222,crKe1xWtHpsz20LdiVMS,2
1223,7KVtWPn30iJpvBkIej4o,1
1224,4VKhCWNBkJxvnOreStys,1
1225,ENoPT31Z0auA9MOIVrkv,0
1226,coasz7XZW2H9Trxynwk5,1
1227,2zrDU8tlpNjoWaisTeK9,0
1228,8gvOauLJb39wNfdAMDt6,1
1229,hK7qMc3ZHmF5e4bLfCOj,0
1230,hqzvHQ4UBkTPinujM1RC,0
1231,J8t7sprOxIUbZyg1cmBu,0
1232,c6aJtveQr9l5gsinVXRY,0
1233,2fJyCR49hpGrWIZ7F6tH,0
1234,a5dsJH2cv6QprLwWYkBx,0
1235,gk8xFmXc9QyVId06tvlu,1
1236,CSeRt4nh2W9zMrcU6fP0,0
1237,1AXEyUDVt42T6ZFx8COo,0
1238,3G6jJKRVLzlpoimkvfhA,0
1239,GK3DuZAoU1YkPTWnzC7V,1
1240,HsjaJr36kD2E1dSIp4Fm,1
1241,a3ychUzAELtHgxI7kSoC,0
1242,7oKB6OiGX8LStVwnqlQI,0
1243,3rt2gI9JVaZcTQGyjmbk,0
1244,58nzDrNVjhdog7QYkxe4,1
1245,5oPeinbtXxkGhqZf7EFL,2
1246,7hm0veuHiBCFWcEMPaND,1
1247,F2MhkaU7vXxQrqCpHtoE,1
1248,0SHJ2aOnMCUGdLZrTQDV,0
1249,E7edRP1GY9vVUS5pZ8Lk,0
1250,dhS5TXjYM0yLufrw3xgo,1
1251,gGZo4WeAKQJYSPjXDnBM,0
1252,ec5wGtnrTOjUmXx3QqKL,1
1253,BpHRe6qhimO8afUvJLrD,0
1254,84jKcbktfshl69TiErUG,0
1255,1GKhFnumAdIeykS3rZYi,2
1256,6bu0NZAsYoiUlCjEyH4X,0
1257,9qmgZWJTn4jFhKy3LYdM,2
1258,3yB5s1ZCvPmpgernQFKw,0
1259,508Uk9z1gvCtucARFWG3,2
1260,e8UthBGf0zAkSP2iVr3l,2
1261,2mxSawkpOF5oK4gJGqTV,2
1262,HfclpJgDhXPiKA6IdQVw,0
1263,atsrDAlNJZBh63Ckbpx9,0
1264,FupJWO71GZ9U5lVSEcak,0
1265,eCiN1Lzs8tIjdrxMQ2PR,0
1266,al2koZ501X8hjATSLqgf,0
1267,7cdWTzVjHIh1OMtn85fb,2
1268,9ugQ8rA0fRaSOdVHbsYM,0
1269,9Ze3Os6Ko7ATfMXLqywN,0
1270,3PFdwRiY9seVIa7DBkly,1
1271,BAzLufVOT1dQk0yg9X8o,1
1272,9As0CbJPKyq8MFgmNcl7,2
1273,gpsAGrcBhjxJaoL7NqYT,0
1274,GvQTe0XSqnhKLWz85DP4,2
1275,ifJCRz1vL0eu4ljIZ3p8,0
1276,GlduQtUf3I1hAWYwyFLs,0
1277,bYkPwIV1E3ZozUL0HvR6,0
1278,c1VozPdAFBwHfagjWCls,2
1279,9akqIEt8KZylpiAW3gbB,1
1280,d8NE6mrFWU9t2nb40f3G,1
1281,28k1chbvla3x9HorWNnO,1
1282,9lHv4AnrzgeWNGcCsEfa,0
1283,ABDGLcYxIh1efOnq98vg,2
1284,3jRZMsoI9VmuhTGnUrQi,0
1285,fPK9LJkSuoQCH0apyqNU,1
1286,GyRxVEwf1DFl5jJrsZaM,0
1287,4kuxDJlwWHMi5KX3SVQq,0
1288,7iBzbqPVIRTUjAJDn9cW,0
1289,Ei1t7BmK2Yh0db4QNXzL,0
1290,7WkHb3TOoJ4XRYnBltNS,2
1291,faZ5DoG9MVFiJUjCNr0R,0
1292,hjdkwfeHXnWoUsJPY2y3,1
1293,6ZUjzliNqdfmES5WIgCs,0
1294,5qEodvVi3umUTpZfskhP,0
1295,gbsQDBICcNZF65RLOvp4,0
1296,hRVBH2z6buFoNA7kZvS8,2
1297,eNuFU10Chsn7dmbEvWax,0
1298,CEztMhWprIdasmvRux4j,2
1299,D9XrA6kMy2sh8ZYnjqiT,1
1300,IEfHPXjJ9b5vz7cOk4Q2,3
1301,hzQEN4vnyrWbJVo8cSGU,1
1302,kMDrx5LS2P864CIwNiVs,0
1303,gkMCUHdEl6p0LXbyPItu,1
1304,AsdcT125YI6a8SxzPbhf,2
1305,eFwWS831ZPtIVDkRvXOY,2
1306,CoRKPEY5OTu7B0NUgAvQ,0
1307,aTfDJBX2PNZRIjUG1SKz,0
1308,1HJhGL4zxVvcI2se07in,0
1309,GV7WShk4vjpiKqbEBgsr,0
1310,h02fDAK4zjZX7UmsJVLg,1
1311,65cjJpPCUQiLDRyXfWd4,0
1312,J80lTkouaSwOy9RWHeZC,1
1313,D5IFWSHNBGQ830htKavg,0
1314,d7VWOQbLxZIENHrwcXKe,1
1315,bf6w4apWBzyGLZhCqK7s,0
1316,fCgvNxUcn7lsZiO0EjPI,0
1317,a7iA4S0nBrNKEMC3ZOjv,0
1318,H7k4tXfrKFIZN1GqnYUw,0
1319,DQJfl0CT3gvt8pbMqHyX,0
1320,hUnbTXPgD0SRmK9LVBu2,0
1321,h0BlxmpFHtM2okiULcTf,0
1322,9ra6FlEPuhYQX72JAdzf,1
1323,1GmZULtOThSYEx4sNWDC,0
1324,E6PX3bYws7GnvQ02JHBS,0
1325,Fa87QkVGAHec3PfuwbMm,0
1326,JxMNIKr7bj6utLknSYoP,0
1327,9DrhcFgQZV16jndTMEuK,1
1328,BizuIl5W3K6fAoqSZnyX,0
1329,AYzHFQMeWf25Ov0tqJSn,2
1330,2jHV3wyk5aDGBs9SFCvW,1
1331,2u4RQPDJzrflTwqI0taY,0
1332,kLaYBGOTINF3t5HvqJmA,0
1333,IjAlEaeHV2M4GkFnRKmS,0
1334,3jgZFtCA0oPpxkvBU56L,0
1335,hlmIHcydkXi31VfWpTG7,0
1336,d23SxiTo1GahFwm4tKQz,1
1337,FsCzyGSN5qLRDgxh81if,2
1338,GOPRE6b1ypHhFWoAVgKC,0
1339,gvDKqkdM7lEHLUouyzjY,0
1340,hg2kICJZPVS1czF7mWLx,0
1341,egLap5DYlIPH1FvB69Gi,1
1342,banLTf3rYzPjOMK1osqd,0
1343,grOUwuRlHBySvhJF0nLP,0
1344,DzsLRVUWAb9KYG3e8I4n,0
1345,0HVAnMrp1LjKDmuoOJFY,1
1346,gsqykQJmjZ9FdXMeYoNa,2
1347,gnfdqj5h8rkxUDzJ4obe,0
1348,bVDNy1kqlEmIzJfvdcng,0
1349,jLTUt74V2vSFp1lcJ5kZ,1
1350,1u3qTGiRvckQZW7dBY58,2
1351,chi90fk3emT1NSatl5X6,0
1352,3qi6bX9lBAxoCPapGzmR,0
1353,54OcnIvKfaBXmlwzkDLR,0
1354,CO18w5p9ZeBlqIKPhiyj,0
1355,EtTS3Gokxb49ghP8daVf,0
1356,GqjF9NARSywHgC6bUBte,0
1357,dN8OJEu9iqsXotfPkaDT,1
1358,aGS0rWZK7vX8TNFUz9ci,0
1359,7n2kiMZ9awS0xbNG5XIz,1
1360,hE6fQPjiKgBR0D2bqv8e,1
1361,gi5zQqk4cp7mXnHfSTbP,0
1362,jGXxl65NzmIQfF802LRC,0
1363,ciaN815k3pWLnQX9oGRU,1
1364,dHjMq0s9tDrBS6Fp7TuI,1
1365,kMJ8PQiEqdOx1wmF4cKI,0
1366,GwC0nmxTeD8vO1gHXQBd,0
1367,eoXQqrKilxvJna70cjDH,1
1368,FqbIWSJMyRK1Ni7tVAuO,0
1369,g9X5q6kEmFb1H3Z2ydPe,0
1370,9kCILoJ4Rp7YsAZngzV6,0
1371,jcxNbYug1rMTmGlQz9O4,1
1372,i2BcTkGozeNaIH8uLFV9,0
1373,974hJRWKfvXaTtNoqMGl,0
1374,I6sudLV5paJfZjokXCqg,0
1375,K5tfseBz7vxwAhCPI6Rq,1
1376,617nfOLPiCpmMhrVNI0l,1
1377,FlOzLwfIpHSmsBd18vXV,2
1378,1JzApr8qu7Cci5LT23t9,1
1379,HX5UK3f2skd0m9ZSr4DE,1
1380,JHYkOsdNScrzU0QADKyC,0
1381,K3OIpSMVl9DEH1qY2Fyn,0
1382,I2LpvgJMuBOXGjYyHeV9,0
1383,Af0aS7YtTvMFG5jhOquc,0
1384,6SHqMnAlwd79OrYL50Ti,0
1385,57hwp1ak3T8D4msCFq9z,0
1386,EaZ2t8lT4ngqu5U1NhWf,1
1387,aBDyrtRX3zb5mwhnuQN7,0
1388,ACGth038lI7D2XUFVyPp,0
1389,5UCs70VqrjQ8wIYp1zme,0
1390,6XBvnPoFpYk8S3lbCjwW,0
1391,3WZjh7BUpwRVDTkmtISi,0
1392,J7D1FsxuEnKf0mk654PR,2
1393,8JdntIrPBj61FRx39cfb,0
1394,gtQSRsHLowkWqvbKrfeE,2
1395,g7sDFNXIqYmCMkWOpPrA,0
1396,8MSg6ycte4mZsOQL9bVN,0
1397,AgF6YUNOyGmRPxSnTifM,2
1398,4rZz1uamLeJRhPOUxBd0,0
1399,BsLcIW6ren2ZUDX74Cbu,2
1400,GcSHUvqg73Kd2fhoEusr,1
1401,AVPiBl6L9GnNCJ25DFEI,0
1402,0JfwyrEcBqaRzN9TgFMh,0
1403,Dtfl1zhqCkGNSbmcaXW2,0
1404,CzTXgxNKqlcbMUOoSGkE,0
1405,CQVMwzgEYXvN4tOoKSis,1
1406,G9tcxvXL8sZAjU72zYOg,0
1407,4XEdp5nArx9TN3qZ62kf,0
1408,gDKZbIHe514u9pcEkFsV,2
1409,GaNBEjUSeVQFLi3mcur9,0
1410,5764RnJYTirWq1utgdkN,0
1411,7hsb8evACNndQgJPSR61,0
1412,JitysIgm3CB0nDK1W4ko,2
1413,I6zeNMZCJ1mQYcKgO8kf,0
1414,H21YgbnrauQ8CdyXpDlW,1
1415,gKnWZP28Dr4s5YoGybT9,0
1416,bzylSa3Io15hsBWcviXD,1
1417,DZjhF1wR4cWbKLMsfUQH,0
1418,FrfWM0OlI5XwyoQBnutV,2
1419,DWixC3uFhlE6J4K0rfsZ,2
1420,KdPahj5FQB4RCbNEzsnS,0
1421,DzCt290diLU3eKIExNpv,0
1422,bExZwys8aDPlR9oGX2dW,1
1423,gC2GsRX3ewpQyvjO0Hb4,0
1424,6hK54UzImqWdHyiN3veV,0
1425,53MPu2eGdD8zTfnZLmFJ,0
1426,50hfpXqNyEHJx1GaRi2U,0
1427,6mOXnqjtuYpwCWxg8ZeQ,0
1428,EjtPq9DIQ5gmCZV6XnUK,1
1429,hlTE3pVwMCnKFyNIdR0i,0
1430,4ptqSb3TiCxXKn1eVWor,0
1431,jHfu9AMl1GkNWch0Yv53,0
1432,fZzkQNlXKvy7cVJ584hB,2
1433,EY4FNVtgO8Q75rCvcIl9,0
1434,0PVAd2O4lMGUbawzfXBT,2
1435,a9xbnOcl4UsVTKWjmk10,0
1436,Hu9pJxZ8iDTOElkA1ghf,0
1437,CPsXYMZcng0i9521IJVa,1
1438,ghS9ZXFHbl5nPERBLG2z,0
1439,BhQ38lHiDYTZUVbyonKF,0
1440,aR0gzKL2uEQJNDokWs56,0
1441,EXWrjCUaAMsJ3Z0bS51z,0
1442,kqvJp5E0wbWgu9mnzSQB,0
1443,9EBXSls5MR1IAN4nT2og,0
1444,JajfhmMDxzBX8OKb9o4k,0
1445,7VxbHzYhjKTRNLBnvF6G,0
1446,gzfI1PqVjhYlkHBuTFLm,1
1447,DSd3HQnFN7iUAxbYBEju,0
1448,kISMDrwt2uQCPOmZLKHE,0
1449,5ghsiExd6LZpW3GzHyJ1,0
1450,EH7DRYeINXPfJUAG0Lqx,1
1451,36zPKsYmJc8wOiEqStFN,1
1452,6AfIszYq7X4oF2ev1Wbm,0
1453,6NCw8nF9A7fUzYLyJIiD,0
1454,gdy9mWKhXCbOs2ltr60n,0
1455,3XRWQKuC2iEaFpoLBh9z,0
1456,4EnNLux3rOG8i0W9DBVf,1
1457,8H34IhqQL21VOat7CSdK,0
1458,JGaqTC0sRIciH5n3kDUX,0
1459,dKem7Eif3McSwNx4CXvs,2
1460,iIPzvDjcCXwE1y6ZFNen,0
1461,k7KxT0m9oZdeYUfWhsAy,1
1462,Hte5fWBMP8GvoLnVK3TR,1
1463,IOhZiUpwmnve43ofur1G,0
1464,3CPhpEu8klwsgLmRMeWx,0
1465,4OLCEwoqQIRkspZujUD0,1
1466,0Dk7Wd8MERu3b5rmQzCK,0
1467,0iABvIkp3WHfgrJ79ymq,0
1468,a29m3nUocvzC8hBOWkTL,2
1469,6JckVCSUd5azvlGjBtbu,0
1470,2pNwfLHYoKcWBzimErGS,1
1471,hGRPEzl98vMXW5DstFJT,0
1472,4jPxiYkftVRhZEpgrLI2,1
1473,0gCmlyxw2UJvX7SNOGqu,1
1474,iLj1Bfr4dYOp5RsoZmk8,0
1475,5FPfjxgv1adyEpBKGRqN,1
1476,12tjh4qCkcHpObVBEeMr,0
1477,AXsMEldbjI1KcrDpSfP3,1
1478,aylR8xBNVPfJ4eICGLDM,0
1479,B7O90Mfiz5EPpJyTdXFb,1
1480,7rGnF9XMABepRjP48xdT,1
1481,Demi6hbq8HKwS5PJkjL9,1
1482,AeCXyFRcU2SsgvVTpMzi,1
1483,fo7WkX580Ta4VpFd1Kwh,1
1484,iXgHCQ6bTzvFPout92dn,0
1485,6zGBMr2YkjqfXFtUb1Z4,0
1486,c3VKWJoONyqtu94YeGBP,1
1487,CW6cHidJb35VTMQ0jms7,2
1488,5fsyaH409vx3SUXN2jOq,0
1489,c5oI2wARWuaKLsGXf7i8,1
1490,KM7grcA6yBk1J0CmaWiP,0
1491,iA6lTGX7Lsy4FNHuDb5k,2
1492,aPU2SW8Kt5OfDzXZ3YqC,0
1493,ebI3LHRqBUwco8aQtW15,1
1494,1VWsRMXwKY6LgUkZnxpo,1
1495,DnmZzjur8OdgbvAJ9RxF,1
1496,cI3dPqwaMLU0opfuNy6g,0
1497,fYH93NWyIGT0sgxUQSDb,1
1498,3jt6Y8zF1DHOvgKsTPqy,0
1499,C3UeqDSpcyuTg0WsGvZR,1
1500,Iv9Kd3LelrsxDHcYhnJp,2
1501,F7tH2lpkcPvue14X6ngL,0
1502,EZ7FwiO2p4DCrH6SJYBT,2
1503,2SofB197xJ3CKhuiIWVQ,1
1504,9eK7CYoLivD4rNbROMgw,2
1505,36pPng0NYsTMyCd2jf87,0
1506,HXtJlrBZMsOCKDnL10Tw,2
1507,7OoFgDGrsN1hqkueAmTC,0
1508,K7va1ZC6DzFHqBVgWY2R,1
1509,FRKxNY2wHUpjloGWk9Ci,0
1510,2jf7mkt8YCUM3AriKVas,2
1511,hy06iTwRapYMkPnmo17u,1
1512,aIKU0rgABR7pNQzhZyTu,0
1513,h4RQkOUioypwqnCD0zx8,1
1514,dyB94fu1Kgkt8POEGH2m,0
1515,aZ63MUEyoJIi1N0Ym7jX,1
1516,cCr1JnyTfGsQAR8zUvmL,0
1517,fz6TBt9AbedVuG4vrnma,0
1518,0qPYfxdvNrBX6ASbZltF,0
1519,2vAZ5dpB7hzci0V9EmnP,1
1520,hbT9ltVRQjau5nNFYpHM,1
1521,JyBvdherH16jbUktYL79,0
1522,2fmDnKjO0Ev1VYc4MhPs,2
1523,fLYPDOBtgs8SICTx5dFG,1
1524,7cyYPthi5KmvXEs2NkRj,0
1525,c7pWIb5vyOBntm9GH6uX,0
1526,6U1ZRnLGvyg9iNFYwt7I,1
1527,fh8NmdI5gkua7VUXeHA1,0
1528,g7xbdzt653NRcGKF8WU2,0
1529,8fcWqDA6KsarzG3E9YJ7,1
1530,euKvl63CY5hkqSZUOV4n,0
1531,8FZgAGIiBmubfJcWl4an,0
1532,HpSJQCGdyYItqOeUuo3A,1
1533,dSCkVfo0tMFAzyTXKJWg,2
1534,EP9AsWcOiSynxjdrlp7w,0
1535,EQZuSxaCGw4mpAKycjLV,0
1536,8zvicWu1OkG2PJRo9pA3,2
1537,eL9bqR8yt05jTBWgVnFs,2
1538,H8dnb7uFRMm01jqDYWC3,1
1539,ByjYPtUlQ0T76FekSJH5,1
1540,eG3621nPryiCxTS8LhUw,0
1541,HM8jyTb7ioG9sSDn6htE,0
1542,i0nhIRJcsq6BQCpmNVlj,2
1543,c1SrgTA3MYaeKktWwOiF,0
1544,Jgtyz9OK13M2CYkmZolp,2
1545,clCOkQxvBKzwWaPZ5RSH,0
1546,Fy7gH1lciNL4MAdaETDG,1
1547,AVk38vrXCcypjsloSFfb,0
1548,EqhtziP8KUOaIHlx9ZwG,0
1549,aDUp8xVivPGtIEojsT7C,1
1550,db03PLecsviEz6TMZCSn,0
1551,fvpU1xlo92RqnLyJkDAS,1
1552,fcZDXW9ndl1QeiPHjIC0,1
1553,8odIrLKhPvcDWNCVasUl,0
1554,d7Zghj1V46fQUYuSc0kl,0
1555,5RfoZwcqXmDYSpEyNGF3,0
1556,5on0vBVifE9Q6sA841qh,1
1557,ET2LWQHiv7RSIJd0bAsC,1
1558,6ADJCkZ35PmTsEnzRINX,0
1559,9hu54PH0G1qoxEmT7AMb,0
1560,FQv250xqPrBlk1sSToYE,0
1561,5KESjOTGuqF2or1sxB7H,0
1562,exGy3iaKJmRprdHcB0NO,1
1563,i8bxZAEuLCsRG0WIyOBv,0
1564,kiOADfHlLYqyt9dUz4eN,0
1565,IJVGstw6jylqvRrkMocZ,2
1566,JON9kgnBYK4WXdoElIRQ,0
1567,CkOT69iQsaLAGq8mYEeV,0
1568,6u25JYNBy8wzSHUjqxvh,0
1569,ByxapYZ2c4MFI3SEKf7b,1
1570,HsZwBUFC37T9q4dc1Pkv,1
1571,iV6KNhbmAX73uZfq1OEW,0
1572,jP3pSWqTDOEnCcgH7d0w,0
1573,ISusbpVaCTQH4913cXA7,1
1574,7pbVgdSnjUPTrwcR5GXu,1
1575,6XBvjdoIDrAhG5fmqMFZ,2
1576,f1oeHaTRizBkKXEnLGcF,0
1577,HgIXVrY9w67fFhkEn3zj,0
1578,ahPOWpeHdEkJV4BbDNlT,0
1579,dWnFKsSrTwUPpziR896B,1
1580,5IDvAEnUpuQH7LeloGiK,0
1581,FfoZNXGPOT5tvqRSxmYV,1
1582,GOVHJNpe2hzRrPc1LFZw,0
1583,7HMXW2jrxdfiv4UB8kYh,0
1584,1EWLhwV47I6HYktzXsmS,0
1585,dl1Rnu3LjSfcbJ6VT5tZ,0
1586,F7jRh2B8TXWfnut3VdkA,0
1587,ITZQmUtjYaHDxMonFrKC,0
1588,HWSeXqDjk4pg61FyBTPC,0
1589,0pER9ak46CKVjPoqGLcD,0
1590,k7SHfv8lYEZIuc3tw4CT,0
1591,aFSlGIs7V0gEMHwjBNmk,0
1592,0GKp9ZJclxTABMunIOD2,1
1593,hpCo0vZsbigG5wLEjUqS,0
1594,75kSfRBJKbHzOQIgGsa4,1
1595,AL8j5X3WpPCJmHiqwBo2,1
1596,fgnYk4dvDjt0VoSH8BE6,2
1597,8inLjyQfkReMHmNUE4qg,1
1598,ewGVqv4Ris5OoU7X6acb,1
1599,k8eJUjLvbnw0NCI4Ttu2,0
1600,9N7hmb2VQnZoJBvLTWlt,1
1601,eqXxKPNwuIghaZ6GDACY,0
1602,cqZbg3S1xV7vfUCudmks,1
1603,8VU3wPKq2lBY5bvnHQMS,0
1604,fcId81lTeFim0jMzXo6R,1
1605,5t6cKfgy1aoZTCipuOI7,0
1606,0mlhuKGpCc6OB4zwrbLy,2
1607,E54k3zBMYb1V9FHd7TGD,2
1608,IjnHoDlh2bXyr7FmeYzT,2
1609,HwKW7QXLTCotB5SJm6pf,0
1610,9GbaPIqT5v7yWx6nhVAZ,0
1611,JBEzM0ZsuWaDt8bLypPv,0
1612,l06yuHvrqdzTo8CQeAO5,0
1613,GwDlmTct6BZKSJPWLbXC,2
1614,FU3u8jxK0WPVBYD61kXO,0
1615,bMyP6iXzCaWhKGVZFqnl,0
1616,IdJRWqkEFfL3ytjHxV9S,1
1617,D3WtlJNAupzn0vxXiIce,0
1618,B9A2JOzhTNjDWperRvgc,0
1619,D2ZKSx9I7MarJWeVtjls,1
1620,G872A1ZdEnxBbX6HSYTc,1
1621,EBRwNu9TxKmgzSjvopsr,1
1622,eajbXFgi4VTRHPM26dsh,0
1623,K5g1aRrQn3tXvPbLGpMS,1
1624,2gUPy7nNQD4Fjkv69ose,2
1625,2dEMyoGL3sIO8NVu1r4b,0
1626,CScBfwWuLXZVyadNePJ4,2
1627,49RfyxpQP1CzvneWIG5q,1
1628,D6u5yVKshqgxUP3WkGf1,1
1629,g4CLOEmB0R9YxXtejbsv,1
1630,2qZrQoxyYDeadjIp3mSH,0
1631,aDMhrzLGy1bKt0s8NvVg,0
1632,iKO6gjUxRyWH2rq5unMT,0
1633,GVTOpAIgx2ch8UW4l5HK,2
1634,8VrlyPxXiEU2Bwg5ce3Q,1
1635,dylV8BXRwaktCjHW1o0n,0
1636,3kKFSINOJQtmcxXyq6LR,0
1637,Es5rKaj4m8ixgulXQdTY,0
1638,9XNvwz6TsGihOWSUodRF,1
1639,GEgeJqIiTRFz6tPuolU5,0
1640,e10PUY97MwByIDjA8LEF,0
1641,0DTp59Av1RLifoKlUdm7,0
1642,Jv2M9gETtBYuiUfqsH3x,0
1643,CiOve16S9fVptuRWaEFm,1
1644,2EQ7bhH8pDCsW45djNeR,0
1645,jAVrC4FvT9kpaIEY0woP,0
1646,dolHJvDGFs2hk4LIPR65,0
1647,3pU5vISM0d7gtEi6wFXr,1
1648,JKNVsPwYM4pojQLl27q3,1
1649,CodGs7mTQbeqnYpZxULE,0
1650,4y09ZDr5jWIsNSfkFHzO,0
1651,065EZhxgbLRSHsB87uIF,1
1652,IQJlrKuUAyj4seftWL2b,0
1653,dVSQ8bXUG0Jol3ZmDqOp,0
1654,2SMiaYAztwhCREWfQlkq,0
1655,htDPZ1Bi0IAayWJYwOUN,0
1656,b7lZgrI94Bp3XMOf6vuJ,1
1657,0RvUg8rntNxyDHPJeEYG,1
1658,BThVXxrfyLW6dQGZS7Um,1
1659,ezUIPLcrOXBlw1mkTtQZ,0
1660,DuejROmZzVTIyQi1rAF9,1
1661,FmUz8pwNlXgbS7DW5yre,0
1662,IYFTBN6LCn7SEQgbPOaU,0
1663,f0NLCiRGpDTU3dlZmSEs,0
1664,DYifKtF806I7JjkLHZgP,0
1665,C6pcTZjgKOMtB0iREaSe,1
1666,bEP6OGBDYvqSa1XVMuwj,2
1667,A5OeVxySE4CQGuJqtm9P,0
1668,ckA3Pn9iYjL27sqf4SRM,1
1669,gq24NMeSC8QL0pT6xODt,0
1670,4IjXuwLqD3f9tsRaAnMb,0
1671,bKpTkr9Lmi3xJaGeZnBI,2
1672,iUbaSXxgBdTnsP8HplMO,0
1673,2dHolcmQKIbU1hf43jF9,0
1674,i1kqNORFDrEeHIdKuSy6,1
1675,4TERbWHyu2GCfxmgvF39,0
1676,E3wQvGlh6V2yUIocMfB7,1
1677,dHUq5yM8w0LND9PaepZY,1
1678,BRkJYSwtpVQZ1fj76h8U,1
1679,9akYgqNApZW32UB1VIrL,0
1680,dcS7DHihjONvkMCm5qUB,0
1681,BwN6PaWOZGlQA3DgICEx,1
1682,A2EUbPW7LTd0mN3vfIwi,1
1683,4AtRvui0E2FNqp1PX7ZD,2
1684,C3gK1ERFx4WDm7IskLtb,0
1685,ADzc7SVJd1YE69kCZv5y,1
1686,kMdOa9cZ3jw8GUFu52Tq,0
1687,J1pSxIYHluoVsGXdUOrc,2
1688,cx8oBU4umOdjM6LzvNl1,0
1689,gPz42XwWbl7JVAQytYxT,0
1690,CbeFcSWlYTV93GN7wOfU,0
1691,Ckg3TiIXWEdF7msvqPu0,1
1692,5WnxJVpkOyamGetXzP90,2
1693,5aVfOX3lym7ZECUehLD8,0
1694,9rsm7SK0hN3bfJIwTzVO,1
1695,KDW8jkt3SfAENRxPvlpa,0
1696,FyVRginQdtTpSj14k5hf,0
1697,A75mw4S9QdqEua2sDL1n,0
1698,9shmYlDbkcpt8go6RWvz,0
1699,jgvqdXTZ6pcAebO43NxF,2
1700,hCoF1baLwU4QytIcXxJV,2
1701,3vG9FbUS2P8Xcfsj4WLw,0
1702,FWurwNEfVxvT43HbLyid,0
1703,H8sU2tgdBIyEuOr5Ke7X,0
1704,DnSUoWCAcyx2bsizNwK8,0
1705,3ThmZXnQYN5ApG6lk4dL,0
1706,FBUMp7LZTP5SD82xyAWG,0
1707,dIWe7sY89Bb1M5ifaJ3n,0
1708,0GVcTdBQXWUJ2t7vjphN,0
1709,b4fMnYzOWHxNeGjqRSLp,1
1710,c4RSgNFGuhfKJakmUWCx,2
1711,51rb6a438sZKqOgzwYlj,0
1712,CDFibvHczSl9akfOEBwo,0
1713,hait9S86Wk4PR7eBmXOF,1
1714,2wZdP0yYzleC73s5WG1m,0
1715,ji7FKGJZ3NTdnWe1OqCP,1
1716,cnizHQLPYVmwXT2b3jRE,0
1717,EFBARe5CnfmPuWThjKUZ,0
1718,DdU5tN6phR4JmaPviKV7,0
1719,3TDhUPRqnKiQ8VpB6oCY,0
1720,fEMdwkrczmt7j0RTL14J,0
1721,0u3fjhzJ2ZMyAgKYkVF9,1
1722,DZQHOmU7IVc3KWMbzJCE,0
1723,gdpyWF9KBx3NHDriOcuv,0
1724,2037kCYJ5fZKPw4oDGX1,0
1725,gHUeRsYtFl4BaX7So8W0,0
1726,eYCKNDlUQgs6cZOuoP4j,2
1727,eYgC0UuLPw6qThFzv3DB,0
1728,CIuUf3p6NALZst9ynk7l,0
1729,0qeE63wvCGzSapRuW4TI,0
1730,aIB1DcJ893RjpdgMELfy,2
1731,GlUnrYxyOb5XQhFcf4Su,0
1732,j39FkSLKI7NT46Qicvwm,0
1733,5LFyp4jAsTSzJDOY0lCw,0
1734,6zYSlNx9tBbUJkT0aGhr,0
1735,64ZtULx71bBcduDiY8GO,1
1736,1iTgmuEOkVaUnhClz2JL,0
1737,8yD1j0SYrVcnKzdhbRH3,1
1738,4KgGClw1aNsMP8TWRFio,1
1739,BoYuGUEWrgiReVDLPAbq,0
1740,duiRH6TLGrhgXSBmfvEt,0
1741,iNWtL07ncSHTDa2RC8Mr,1
1742,f13zcuZU92T6Md0ynX4r,0
1743,hZty2fVr5ATnjewGvPIl,2
1744,5nPlACqyhHz3wOXiQdGV,1
1745,jIzgiMTcuZPt4eJNr2Yw,1
1746,25lw8j4Scgtk0LpQmdYB,1
1747,0jAopX629OwEH8WPkzVU,0
1748,8GHm9yvYTWt4gQ2EBkxD,1
1749,is6TmBdqUpHwe8hA9SZM,0
1750,AYVnhTKJPbW2eBjrQ3Cc,0
1751,IpiTQaNwzv7hdnmWcb9P,0
1752,4Fg0cdWwAjeBu5VPJzmM,0
1753,k2XTme5cZwf3Y9VShBn1,2
1754,3I8UmNjSvVu5sblAYfXB,1
1755,fXrRBS7TvQYH2nU5wkjg,1
1756,7gHTtFxNLbe4DCq2wj5X,0
1757,64vCcLMZutGVNYeWmsHy,0
1758,cyMGot9uZIER4WFmUsKw,0
1759,53e8nxzqup6jYD9BthJA,2
1760,5XPfYvNdQRIBJoWmj3Os,0
1761,9wEhXkNovYrGb6BD814j,0
1762,Jj7eK6AhkmDRB53WSO4P,0
1763,8aDnfdLcvPbBRIkGrYz3,1
1764,dQmwlrk1HGNUTh6KsYSv,0
1765,j2xmyNRTk49VWXbZMnUc,0
1766,FYPXNW2S6eO9zMVR3HaK,2
1767,BHLfroQK5gUuSxhR7E38,0
1768,KpZPrI7J5a8wVcxXfNqe,1
1769,7SvjWXrltZdLTFhIGPNw,1
1770,GelYcRgt4jkmTw0iKDQW,0
1771,GComZnLakDiIuQYsfgA7,2
1772,K3noAT9SbOV4RlDMf2Zk,1
1773,0jkmvR43UQ9yKxqXei61,0
1774,JaxoikOjnRvIHFAzBMUD,1
1775,7vjsWlX3rQL1dNenwTxV,1
1776,DzbAP8aBvgfkwVn29yTX,1
1777,2Oc314s6WqFiIAd9yHN0,0
1778,53nWYug4ePbS12JtOiKC,0
1779,7DNt8JzkhC5u3dfxnXLZ,0
1780,a7xm4JhCvO9NWVeKMEBn,2
1781,dugyFIjzTMPYlKbWrkoD,2
1782,8vJCyPbGlhH49DTEdSFo,1
1783,FdTt7i63rIxeSv1scBn0,1
1784,3t5OwjAi2VgW6vrnIQGe,0
1785,807vR3GqyQpViHKxNWn4,1
1786,HeSRou1ZPv5rNK2Wnzmx,0
1787,IeUzdiJxAXMEt6NvHV9K,0
1788,5UEJYb3qLkPlWiV2gz8T,0
1789,7hqLNuxI1Hn5BXrCmt6k,0
1790,5A8gohkcasjzbKQeZB2r,2
1791,EKmgShQsf6a9vY0znNlU,0
1792,IOcJwnQpZFA7fmM09hDC,0
1793,JFiWOaubTAKCyRoBqzfn,0
1794,hxDQjadonWvuOqbgRrHz,2
1795,jgOs7KiB0aTEzvSUJVPp,1
1796,2Q94lEwIimV0z13xXNLY,0
1797,cW45XHLmtsC3QgpiUvJO,0
1798,BAyEjNmU0FSDwTZiWf4X,0
1799,AiPERgsjNbI2KmHLJ9o7,2
1800,7LbrmXchDZJled5HnAfM,1
1801,bBnuyol7tOzxpjG4MZ8e,1
1802,d9YpONFc3QH47mKfEhwn,1
1803,AG1z2DMkWgvSP6hUnlwr,0
1804,k37eIpQ2ARSHZlYhnM0d,1
1805,A0CFJYzbxeu35R2Ktnjy,0
1806,C9FbiGjfDP4zl2QRxqXW,0
1807,5f1KJDWSzugtOEkAwHjx,2
1808,aShC7zEjIfLm20oM4swq,0
1809,8g2wbZ4rox6KphNESDW7,0
1810,1rbXZBI9R3EleQDH74Sk,1
1811,81qGwidJPUF7N6hpmerO,1
1812,8jX6hZi1mQeASB0vwIn7,1
1813,7DLNKwxjz5AoPZtcXrHB,1
1814,GYFfQO42ls3rtZLUJe5x,0
1815,8sOeqTYU0DtZNML4HVKW,1
1816,IuAnZRqFaMl5eYbPwXvz,0
1817,538txwsfQ9diHIU4WREa,2
1818,dWR0pTQsxDn2aVoM37CB,2
1819,JLrOfGem93RVtBySioNx,1
1820,e4TZIcugCDM50yiKWjkF,0
1821,3UV6IekO5Y2pKRB7D1g9,0
1822,JOWv6HNY1xwuqPrICEdR,2
1823,7UEqLpy8zmkvfA2e5Nob,0
1824,FaKJdlpSU10sgw7jmQhe,1
1825,DRskLvzQ13yJfr8McnwC,0
1826,Bgqr8AmHC7WFak9cX0fL,0
1827,FPIdpNxGE3QZlzbvMwC9,2
1828,haOqi2LncMP9VATIrBFZ,0
1829,dI8PKFeWtOSqDa9yALYJ,2
1830,C7Kn4Pc3blWQFN5EdJfi,0
1831,JQbyODV7raAtZHldLfS0,2
1832,3Isqvz4GW6LAxUaZP7f0,0
1833,cqoIY36dhwfDNrnlHJsx,1
1834,697TFDm0KRiZIgB4pJG1,0
1835,IehXbMUBZRNgHu3pvAm0,2
1836,fVvJS4yEYIobqw1LHO6F,1
1837,Hquc0fQsa6RVd3eDJOPv,0
1838,3IBKiONtaWxXpQmufSZs,2
1839,BQXVHgqkrNR1faMT5u6w,0
1840,AH39VUEteRv0NKxObQky,0
1841,JWZspDnaHodqzRly0fMg,2
1842,8fSXU1iqE7jWbB4yne2g,1
1843,fbYAeW5rtdnFRcsvyo3X,0
1844,6MfjO3CBFGpvi2mWzwkV,1
1845,3t8F2RIgnQAGxe1jrdSl,0
1846,bDfQnleI6rqp5Nw9GC3O,0
1847,0EAdHtLDypMcwjTFJziC,1
1848,FZsflRA4XawTS7Qj0t2N,2
1849,BTQCdlRynE0jZFomPDwq,1
1850,1D6IwN4EdfHtalYJuA95,0
1851,fRGHdh4L2OpgNYTJ9zQP,0
1852,aneBJbW8khZgVxqGIKEU,0
1853,dV2rgpEyM5nwQevTl7PU,0
1854,9QBKDfUpShHWvb8LqZdc,1
1855,DQ6WlKRIEGM4BF9se1zg,0
1856,dTXrc1bIeKlym3ZJwx27,0
1857,5Pi7jUz9V4AaCpbg3RtH,1
1858,E81Gh6njYcyxT9UtPK0u,0
1859,1her6tuVWjBkqZPUf8KR,0
1860,7dk9aUmW0HlvsbtNSFuZ,0
1861,7dYo5p6fSV0rkgqLvzbT,0
1862,bzyvI369i8pZUSr2uJXC,1
1863,1YAFzJjOeKUCc7pubM9q,0
1864,GjiUIwTP0R1r8t9SobAY,0
1865,175ZU8ClOsnifz03ybcX,1
1866,JzHoWdVa3CrB2qOR1NbL,1
1867,jLr0lyA1TeugxId7Fk2S,0
1868,1pjg7bvn9oxqzCOPN2kZ,0
1869,j04fOHCJNI2TkB3lPVyv,2
1870,K51kg4QuOW3zMeft7lXU,0
1871,9mY8AhRLj5XKq17k2ZTx,0
1872,6gGY74i3DHlfjoC0xvWI,2
1873,H6q1LlJXFrbITo8MQdmO,1
1874,DjV4Jdp805avuimhTBNX,1
1875,ATfrBeFJV9U2NDdCmEcZ,1
1876,aWXfqViyPYSJHGwOeM07,0
1877,DqS4bCWK9kuvpN1Xgo37,0
1878,IkzqRMZW71YALpX6VtCf,1
1879,2naY3OZxS1g8HTqE07ew,1
1880,iWScf1VBXaT78d5qDJFY,1
1881,Ir6MoxmUc8VLiJKPS3vD,1
1882,9NxCbYysSItW45mOkXhv,0
1883,bipFgQ8uwHkO9rnRfWDC,0
1884,GMmILXek4Tuh5iWbOrjU,1
1885,jkLxyFGoPuX2TQm3fYDg,1
1886,AYVovj5Hey21XzC8U0tJ,2
1887,j2UyxpKzSGDIb3diVrgw,1
1888,aobrBYI3k0jSdMNLcUfu,0
1889,esPBa5nQFc0qIyZ3VMhr,0
1890,8hDUof2mPnSXuQZKx6CV,1
1891,GxB6dX7o5E0cP9rTnb2g,1
1892,B0wlyELesxRFXGKSpJrz,0
1893,DmlqMd5Vf6AJwIcYENLy,0
1894,85rKfZbF1SIhMdjmux2N,1
1895,CnBE8f9tH12lyUeQVR74,0
1896,4fYojiJ3XwcILTA6KlWu,0
1897,1Nu6CWGKlM4Xgi2x9a8H,1
1898,axWR038AmVMhjZOcF6nT,0
1899,drkjQq9sGnzNb0X3CFpJ,1
1900,clQSzZEWDvJG6mNV8HCA,2
1901,DZYefdjFtAGU9lKVkJHw,2
1902,hzVJ97AaMvpsNQb0m1Pc,0
1903,1d79vVgNkt4fMjQELaw3,1
1904,2IOMPurW3V9GQcbh08jE,0
1905,E1lymL5AhVWeUwCtv68I,2
1906,by4dzJBQ76juNaUC2w9W,0
1907,JhV2BbPKtQixTCMFzIdO,0
1908,iCPn8QUoEZ14IHp3jSkM,0
1909,jSMk9CuP1e85WrwNd6gI,1
1910,7YEfdAu0pcIkQyD418BU,0
1911,CL7wiUdlhOvgaJesfrmW,1
1912,6WDhbdurpOMFTsP8XkUm,0
1913,82rMDRO53qpfnIL4Hi1Y,0
1914,3yALVj1gQbw6HfK4WMvl,0
1915,DKs0lpax9nB8gS3XRuEb,0
1916,HibqzSEn2t9ZGTCykJKR,1
1917,fPV9HUmW2kwINly8YhOS,1
1918,5t84gFkWCXUQErYsRLcy,0
1919,A8hKH57o1Fj0ZgI4q9QX,0
1920,4xDkiraIV6LE91nAwlgQ,2
1921,dGfRkoc5OJTCuV3Ps4Uy,1
1922,4gjwikNruTbCq1Js9A63,2
1923,8CKcwMWse2LIa9tkhGXE,0
1924,KHmRYShqZacoQEOJx862,0
1925,Gq5fwFsb7cHlhy2zTO9I,0
1926,31xrLF5GIWsnJ9pltCBE,2
1927,I4CXuMk3QFHzBEjei1Wq,0
1928,CwtPLqOS2b3mg1rWJhx4,1
1929,Iy6lQgsbZ9q0tfrT1hMe,0
1930,ETKxsiMP3lQ4F6IfkCR7,2
1931,DFr5Nd2AcVO4gypS9nLT,0
1932,Iukne97MAiEOoY6CSh5y,0
1933,fcVO1MyZnTIkNCaUEF8e,1
1934,9cTL3ogMZzDpXuvswOCh,1
1935,GKL3rD2YSf9xiXIPzeb6,1
1936,fl4qpgSOjG8109BvVMEH,1
1937,Er6sn81fNIRqa2Db5pTu,0
1938,jTw10q9xuU6eoa82WkdZ,1
1939,h5uGZKiToFpXSrkcARlB,2
1940,1GRsOmJXetEkqIraBuSd,1
1941,4S5AJVNXiIrfZG7na0KQ,1
1942,ecFS36DyA9qlifz0NCub,1
1943,5vOq0aC8JlbRBVDXcmFL,0
1944,DnSqtl6oksRxOwP8g0AM,0
1945,ChOGatx1eA8JNEVqFKTI,0
1946,gLO6W1y9Pu7ZJhCFfvxK,0
1947,kG29BLiFYPgWtpb350sO,0
1948,dqnMpW16rSHeyCbQ29v3,0
1949,bu8vjZM9O2UPcGmXQKSz,0
1950,2PESUlOCzXpa46su0DeY,1
1951,kBdDKj9W1rQPpoHmetaG,1
1952,JILo8u21atlgTbKU4nZO,0
1953,imjGPLrpKkesMR764noI,0
1954,BOYuoPTgalDCSrERI8kj,0
1955,FNAVfQgh4a6k3lUY5ZcK,0
1956,BtVdFlwcQGAkLhZ5Pp13,0
1957,bZ0B3duPkeQpjFxqXCET,1
1958,ga3WqXeTNF519BCMGx2U,2
1959,j4LbkH0Dx8eXOJnPBtZT,1
1960,Bj1A0a6Ec4MIUQzfsTg7,0
1961,5SgZNAyTDU8FCiEvwX7k,0
1962,bBzVwjRYZKSrTifUIW4g,1
1963,JYEvhBDFS2aNocqUwkMb,0
1964,6LK1nVc8N7aHAyjbFWYT,0
1965,64vsfK12yBanCNdexz35,1
1966,kD8OJCT6bsvcBU9IVaeA,1
1967,6LOgJTo7YduN84r1vPk9,1
1968,HRL1PvrNMO70Gojpsexf,0
1969,fbog6m7QU1kPDCHjSF4K,0
1970,Gtu7doCvKfENQVp1bw4F,0
1971,BqcwFWurtjZP9MfHSIJx,2
1972,gd8h7lJ9UiFMqXQxwnto,2
1973,bxj8HFNn0cCiAW7GOgzh,0
1974,0F4qIHaR7xOrm19Set3o,0
1975,JxCiRHy4M6F5Kw8rDfjq,0
1976,ANwkGK2YbhD3VjsvHrLQ,0
1977,JZyx7pL2ueEr1Nwlj8aD,2
1978,DvYlmpfXWCM8NTrgtbE9,0
1979,Dzu1Kt9QEPrBUp3iRqAO,1
1980,k1fj8xVnJ5vWaT2dUsoC,0
1981,IrptWDXsmNchYlV9wGuy,0
1982,3MG6tJEmkClb5pB0aOQT,0
1983,1I3EGeyOpWHNtYjLvnk5,2
1984,7wm1pWx3h4HiuoODATbE,0
1985,c80roKJnvAgmq9kD3MRu,0
1986,KFInsUM7GthoZXfCPr48,1
1987,39gowdFUK2kGxcBnbALH,0
1988,Fzu6tvTilbXUEVdM7oHL,1
1989,dGtWQOwxTXUycpl23hf6,0
1990,Lf5U8qioZ9yOkjrGT37A,0
1991,DV69NvbUIQmKjPSEuFY5,0
1992,cmk1o8Ww7ygJtjLUBxbD,2
1993,LGbDxkN6wV9TedtYchBA,0
1994,FAMI9aEG2hk8BKeNYzmZ,0
1995,0RlWbvBk9rEtVZ74KAen,1
1996,ABNUEpLD8GlK6iubzwWe,1
1997,c3Lx2VdawPgOrFQK7ElZ,0
1998,9ZeC2FP8yjNfoOHKcrpR,0
1999,Gld6X9LuQw58tmRvo1qc,2
2000,cAK1HjqnlsSFpP0Ivw7x,2
2001,2bwDkqs87r5IES13WLxM,2
2002,dCgw930c1Ztmr4XNsVH6,1
2003,EH7stUm2bjMTdDohrSaA,0
2004,Hd2RSo5Vklez7KAWpaF1,1
2005,4GLY2XFSEMmB6CVsAJ9f,1
2006,gZyCkLSlHf0x35REWhjm,1
2007,As17USNMXIZgoiYjTyaC,1
2008,CSehsbFLKPBTWo4gnd2R,0
2009,fLeoBakqKybnUHclM0dG,1
2010,Aci3M7yVmTuk2SDgNrRw,2
2011,egFM4CjVl8Bz5pbN1Ux0,0
2012,9SwiWE4o0LVHxnZbpORa,0
2013,e1RMvSd83AgaCQY4PT2u,0
2014,BtLTcn2EOadFGRPsKqYz,0
2015,iQXbGho7apwfn4CKktAz,2
2016,CUhuXitp6fL8jM9Row1H,2
2017,bcPYJlirNt5k8ye90UOE,1
2018,CofyHkdmFVtYO5KWJn46,1
2019,Fnda3PuqJT6Ep5vjOWCk,0
2020,fpub5iWnCYX8oeFvElkK,0
2021,gUxQwao1YWZItkAJiTpz,0
2022,I5JmqLczQG4Or2tvaejb,0
2023,4uqSak7A93EwTlDBHi2x,2
2024,f7FStL5cPTXbQkoZDduC,0
2025,hsRZLrea4Yk76V8SQlq9,1
2026,IMA4VZEdYtJ5Pg0bRwLH,0
2027,4QFqPWEZzs6tivACSUmO,0
2028,2ipXFC47Umax9kQfgcTe,0
2029,6NUlRefOJzavgmSPL0on,0
2030,d62Ov9TlFDKLQ1Bbz5Yp,0
2031,aRbNvuZ4LQ0JVYOTP2Ax,1
2032,d0MWkj1mNzQKDGTvXi6F,1
2033,cGKJZ6LbuIvlUS9aAjPD,0
2034,CwOV0rGu7XhWzyEivpf9,0
2035,6tvBurLRHc15EYh2mXba,0
2036,geY4cHBupKaLMrT38A9b,1
2037,DwtbW2PVfAcyQMTE5IoR,1
2038,6Oof29sarJPj8GEbnkTS,0
2039,bPgcfDZ3Wrzo2SdMGT6Q,0
2040,jqh5tdZW7RfngvkY4B0U,0
2041,0XEmjdgVyY6hWfKulvCi,1
2042,dbKwCsoBrcJehx48m7fP,0
2043,FQqOltd9EPVxkYsuJapw,1
2044,EhR93mQKyvaSF5euIlik,1
2045,6iSL1WkDHVIUqJzGmnhN,0
2046,fySI08O2C9twFgr1uNXQ,0
2047,8YRgqWs2wULtCov0pkT5,3
2048,1OayZHFbz3tPBE5XNkcS,0
2049,3Fv8npJNEqWBSmi6OxXw,2
2050,c9ItfW3Qe8yHxVEJjUbR,1
2051,3OYkjEMJPUWF5Si1ATZ9,0
2052,FoD16RIxbOn70KasSQmC,1
2053,9tTYNv3RiWEKkqw1Ppf2,0
2054,cCtXa0KsdmPuFIgfBN9M,1
2055,DtU6IK3jnvYXV8xTOiQw,0
2056,j2IBarGQysHh3Cfz6M8i,0
2057,jM2ezG5TVpPDmlEBZN7b,0
2058,4SjLXYDV0JuCaKdmNHGv,1
2059,3qTBeSjiWwaUAmP5y1xs,0
2060,f2104Ztv6hQPDnaYz9B7,0
2061,ArOcdDYZkz5QTKh2y7Ms,0
2062,HaviCoRtOlz4spd1Qx36,1
2063,5fEXZxI1vBO8nbFdS2Mi,2
2064,2F5DOMVLNGfQKePHdwru,1
2065,KdG3TXzutgb5hkYn0Bxs,1
2066,68icCkFVRJK5UtxLOqIu,1
2067,cKkbQLrgITO1qjEHMDGY,0
2068,jF8Qxdo3MyVEc9l6O2B1,0
2069,3yPmbIvrqGOeWRSUnFTA,1
2070,860EGyhmJVB49WrLgOC3,0
2071,HSyZm4zIbXMT5R37F1wK,0
2072,3zF6yXxjDf8pdB5MbGrR,2
2073,6WauKLy80DTdQf5hjZx7,1
2074,Gxe2usYqQgwz789UpckN,1
2075,b1Eo267YiRhGCXwjDJTB,0
2076,3BwvQWhe4kXgPqYrKLCt,0
2077,JO2iskzUlBVGj6Y4PEZc,2
2078,BkiT8QwUGHn2CqrDuZaX,0
2079,GQpTRMvrez5Z2hqykUwJ,0
2080,IopqlNQASCdjT8eOWRHw,1
2081,C8XKihk4AVvsQF1zWMql,1
2082,CGBynzMig0KHdZuqfk8b,0
2083,6E78GVaCMig3mTz1oFb0,0
2084,c37qWlSo1TLA8a6NkY0K,0
2085,CdeQsaIqAiMVRjT2Pun6,1
2086,JTGwBa8eXvHn6uf1DUdy,0
2087,6mEaIcWXBiDP8S7vTMsC,2
2088,jxfzc3Gm0oW5ID6bYFki,2
2089,In6if8lCGLEuKVtDcJNp,1
2090,bjnMB75Xxi2VQOR6LSgC,0
2091,EOpoZ2Li1jz5ebtgsaIV,0
2092,cqhpxUkoCsVYuHJm7K0n,0
2093,418XPavxNpslKmeoTUwJ,0
2094,GBNdXiuAb7CrO5vVoK9I,2
2095,FPZgaCXimE53GWD6UjJY,0
2096,gMnlfq2FJuTr0dexUNO7,1
2097,gqlPiFkcetLs6wO9HQb5,1
2098,gAyPsqEjndt4xoGc2J9Z,0
2099,0giIqhw6e4mrHYzKFl8T,0
2100,E9ATP2FX0oOxw1JkMQr3,1
2101,1hex2VAaHSC6lPv3ILOw,0
2102,cRu8ICh5i4pa1MfKeVTm,2
2103,2bGNC89glvMTi6ydPt1S,0
2104,3yHaDhqlkp67fzMQAgxc,0
2105,I9SRFlHMaNkpDmfjEsc0,0
2106,i4QEaV7rJNZewSBsHjYb,0
2107,56KhNHUTXZpryYaGqoj4,0
2108,H0CJMeXs7oU4Z3h9RqYz,0
2109,jwSaizlJICMDZyYkH3FG,2
2110,HLIpzufArQKh9XcBPVoT,0
2111,DWFmpGk9T0cqB1f3YCjy,0
2112,5aPrNQ0qMBRUGJSImKEc,0
2113,9jCUSwbYG0NqioH8EO5p,0
2114,Aa9zCWtbpOo750IlMRdY,0
2115,gcbsVSeyXY0MGzT1C9v7,0
2116,BpbPFkoVHKJLO4wrxql6,2
2117,KC4y0GNUxi6AvuRpQwsj,1
2118,DC81WfMxtBvPa4wuTsQc,1
2119,Dvs1tiIfjYZJcV0dT2rS,0
2120,g3Eqjr9Ze6c1vSQfUtxk,1
2121,eqMWwQAI2cUVlvi4a5Xh,0
2122,Ib5eiMc7tNOUylwFBLvx,1
2123,ADrMleNgCO2iIbsKQEpf,0
2124,i5XIeh8WyrO79NklcwBJ,0
2125,9UvoPgMf0tnp6KA7NiCu,1
2126,iJv4tyTMw2QR7qIF1LUb,1
2127,iAG4k1vc8m0l7RXSYpNr,0
2128,hIDK0p1PAiJdL87CzG69,0
2129,7iQNYb2mIPzy354RMLX6,1
2130,FsHojWp48ESXDbxczK0Q,0
2131,aQXjIr1BqHLyG2YEvVkm,1
2132,2Ryi1HVUPdwNxuMebWOX,1
2133,K7HTMuk6fo2wrhyWxY43,0
2134,BmAsMFYUjKf8kngDbloW,0
2135,eoPuaT8J5b27BzyNCiVr,1
2136,hO7VJNqLIXrfFmZAyeMd,0
2137,GZndsp4oXvf5Wzb96CQu,0
2138,eoZu6jSFvrDBVUIWdHiz,0
2139,496EYbjny1LlaK3sr5Zu,1
2140,EvshcHYmbpX7zD5raeQO,0
2141,4vawJkZpDqzSU0FrANOm,0
2142,CLZ15SyTFMUBH3ldR427,0
2143,gjStprIMlv3BwYG84Emu,0
2144,ebVXN6smHDE5nTCfhzIS,0
2145,jL2VfCmgMHhoaG94PS6k,0
2146,G8wlLJNegZjoD7YFkiS6,0
2147,CuxeASFn8t53UTNl7ZOm,0
2148,baFiIOemUNYgJAqsujL0,1
2149,7kxCNEI8zBDM1KeW56u3,2
2150,cn2u9ljzm6UL7o4q3kAX,1
2151,3ZLqxV7bTOWJm8BEtwCN,1
2152,c06HYvVGxLNWKZyCTgAf,2
2153,2NHmrIL6Gyut0hfQDACw,1
2154,9lZ3LpNTJbEWGhzmrsYU,0
2155,bexyEJ2CvTZpYin07L8a,0
2156,cZd0DaAvlpGMKFm17rYB,0
2157,0daTri9PSkeEsVHu5Dhw,2
2158,EdtPFbyYjMB0l2Dfiu47,1
2159,IMBK8A7rCv4p0TJLjyP9,1
2160,DeF4lxzas52qS79RduW3,0
2161,1IpWLz6eyhVxDAfQMKEd,1
2162,Eropqy1nlFTeZJ09H2Af,0
2163,B8tsng0FirpRMI7YaZUS,2
2164,JnysZFLMzgC4rQDtW7pB,1
2165,0qN2U7Ayorv9IbiTW4Gd,1
2166,GCuDFKgQY2f1WH0B9VrE,1
2167,anLyI5TAlkjH3OshJUF1,1
2168,JhBYHQsTMGWqaf24Ou0p,0
2169,buGIKnWEDtNe3x4B5hAd,0
2170,1DNWriJEg56S03yvjTBu,0
2171,goHJKbBCkNIqzsih6Zpx,0
2172,8QaobvZKqje1lCnyrXwp,0
2173,H56g8029xo1ciyfqXFZS,0
2174,dgoqesyYhaOL7VkN3Zrj,1
2175,hDxgImyk6HKLi0YuaZ29,0
2176,36jPFlq7zebvLdED82Up,0
2177,fuNoryhBcxOlv3jaq2Ae,1
2178,HxsYmQeR6PFSEtiXzqJG,1
2179,IHvh8pS76tGXR13kOrL9,0
2180,B5FX8dcYJfxy4WUVbptn,0
2181,0cGWK6VvCkm7O2AxDjtw,0
2182,hSzLbFyUMc7Z2NCAd4EV,0
2183,60DUJgelq3snQhyT5bxm,0
2184,1XgEYavLi9R0fV8BxHS5,1
2185,LOqA6FX02GWguYrI1Zbe,0
2186,hqw8ogsWNJYEvS7c0BOk,1
2187,4n5LKPoBHSyfNz6iWJeQ,0
2188,D4wXBSWNamu3JLz1p8M0,2
2189,bQoNdlu0zvWihMaDkZ64,0
2190,k5wXQtLF1RumvGs8fSZc,1
2191,hq3MXxLtUF6aiJpc7bsD,0
2192,5FpUhdG3qXbnLxSuYy6J,0
2193,gNtLHRhP5depSUoqJ9mk,0
2194,0aSTGBVRXeJhx5OcpsgC,0
2195,4zB07s1G3KjqYibEO5J2,0
2196,Hbpnmseqw4hRxokOElPU,2
2197,If74PKxzUtEXwO5kChoB,0
2198,IOPgsKcr8nwu3kaW5HUM,1
2199,g0SLz2IJ8G4tQpbqsFrv,0
2200,gchAJP4keCm0fiXr1tDn,0
2201,0meUjiuJvODcf3k9z4Iy,0
2202,AwGTE6knFv4X57lU3Ket,0
2203,9CYFq8BMeELSXsZ7Ubpx,1
2204,IPtWyJAjkcHm1dgaQr7f,0
2205,adS4KHMlGWqDIreO7T8n,0
2206,daylB4KCkifT73MveWOR,2
2207,aKH9GvftsjAQzeUwi0bL,2
2208,Czdn32NEL4YfxARaJuM9,2
2209,2ENGLoTqp5wy8YQcSUxK,1
2210,IsiGAwhTrJx49BcFjNLq,1
2211,bRleFLPfA672tpnWVsdK,1
2212,da1g3kNFpCPXWMtDrnVb,0
2213,Bf9w2S0emPnto3MZx4JO,1
2214,a3BszoA7hXZc0EuHjmwi,2
2215,2GIqt8Rpx7uEHrWCdoNg,0
2216,8O7mDBd4HqE3PxFtWnug,1
2217,JufSg9mpGi1dVZ0C7zWA,0
2218,bB4krWM7TCiOD06x2AN1,0
2219,IERUhCfHvLA2ScutePwd,2
2220,Is7XAaJBcrSQNj2dmKlG,1
2221,biWpRxwyFrmuLSzK9ZIv,1
2222,IndbLEkgMT0ZXa7DS4YH,0
2223,D3Gj2HEIptr7cbxdSNTe,1
2224,BFIzDn0r5aKum4ibGtHP,1
2225,IeEJzAM1aZKSo8vYsCLp,1
2226,IPtfXUCL4eJc7xsOjv1i,1
2227,DyHEmqIAUN7LVO2a5zZc,0
2228,DAr5hm7i84gJzEWTUoeG,3
2229,0ScbCK2aI4xrwOALDmNd,0
2230,8jhdMbDAywv5LCH3qSG4,0
2231,kIpOXia5GrTjeNzV9K13,2
2232,Fa1teXgUZO7vy0Kw6CTd,0
2233,0W1RChtwZvj4Qy78GYUJ,1
2234,6a3bdiu9jyrXPQHI8lpJ,1
2235,2r45O3Hczp6togVfAJBI,0
2236,fqKj2wJk7rsb1yHFmoQd,0
2237,8i6m0aVAwsdSY2FEfU59,0
2238,3vsl9KYdAo1tibP5DRSX,0
2239,bzwhHTXFGuAnCms7r2J0,1
2240,2pwjzv6eGEb8QmHPfxSc,1
2241,8hPsWwjKD51Z7BtmLNx4,0
2242,4QIFxaZdSsTPU7AgcLqm,2
2243,itKaznkWYBjsPd2obgJq,1
2244,2xkoYzhi0RMSad95G7Pg,0
2245,h2dmlEMoAOI3fPxZ0Bsc,0
2246,InV3KRNESFBqMHUDabGw,1
2247,74KWaPkrADuI3JU1yseB,1
2248,6Ep5PZ3J09edDNo4ahx8,0
2249,l4UcKFH3ZaGOvsxnzYdC,0
2250,jfn98b4a1ErPWx3thgCN,0
2251,gAq0iv5oaMkEt3eD2c9V,0
2252,9DnIFm7V0UklpyfzAog4,1
2253,0ItXlAUOhK8ZYdDf7HW4,1
2254,DBmZ98sltp1Ec4KMSvUh,0
2255,32WwkMHD8dafQApiKmlv,0
2256,0J2pOclDKjadkL57eroz,2
2257,dwIXmJU36HYyvpC8hj2n,2
2258,EZ5uGxW3X8DvKMTcJ6Id,0
2259,13YpdP5vTLOazSQFRgJn,0
2260,3WhAuJ8OlUsk2XT0ImiK,0
2261,ABKYP6wsn83SD2N91ICV,1
2262,2fCDHQyzxRZgsY5PWLEr,2
2263,dVuxtiZLgQ8Na3DFbBlJ,1
2264,hibXGaWRxKIl42Jg8zM6,0
2265,gmKLiC1aN48zVTEcvbeY,1
2266,7FQl5t8dsEISLkvBmqU2,2
2267,8LrpcC15nHjUDGu7Xio0,0
2268,IWryLwtbuK13OsG04Tzl,1
2269,cwLo2p34lqzMiOrT5PAD,1
2270,7pzosfRuZN1HiF5Xdh3M,1
2271,cKFOX08ZxoVbayIReAvg,0
2272,DRdENlt1oex93HIvs6L2,2
2273,DZvJ1nBiqaL34YSwo8k0,1
2274,8lTjbp3rnwtLh104E57v,0
2275,5MjiBxhL0nSvV9CUedQI,1
2276,fBr3RkmulKAbXEQ4nvzg,2
2277,FcgkuW75ErNdDzJmeVM1,1
2278,c3NIGVYlvrJjeoThpCxy,0
2279,bYC6r58y9BWvjScdVaFg,0
2280,DhbeNjB9rglXoV4TE57c,0
2281,er0fg3lJ8auMyI4EVDwZ,0
2282,HELCZNMaUObmrfTIj1Av,0
2283,f20PUJcTG4DOFRyh7Zlb,0
2284,0JOb8TyN6VBGCrjAkzfP,0
2285,cLtWePK3IDVmguMOJYXH,0
2286,JCHgjkrcSn92i4RPzM1e,1
2287,GHfp03Ls1VE2bjXulTqZ,1
2288,GJ1tcdBHRUOMILq3soiZ,0
2289,7otn6PiHDgN4GmayhT2R,1
2290,6QxDV7wqj0SEsmWHzuNp,1
2291,fnHDty72dWwjkXgYqUPA,0
2292,9DiHIregYkyCL3lzNvtJ,0
2293,dAN7DBVpI8Yh4snj0zoO,0
2294,4Fdkzt7s2OZVYeLIplvh,2
2295,EwDIfpaJTj4PNLM6OSeR,1
2296,6cYUST29aReytkJO4zXi,0
2297,ceVOPml9stxyISQYiXpr,0
2298,4YyEodi9umUntvbeNWw5,1
2299,ILkqxFMRCnTa465lyJtG,2
2300,eH37zk9OawChTJdGIoDY,2
2301,HCbgVZFI580OxptuS7sm,0
2302,jwT4zVKNylcEQD92hvU3,0
2303,isNPnYgfp4AFoH9RBL2Z,1
2304,eTLnGpXAREbwut2Os0ZD,0
2305,1ckp5Ye83yzjIilWQCfm,0
2306,goVvB4mFfTO9HKbtp3C6,1
2307,Cfy6M8QLUc3gx5Yp1rht,0
2308,KRNHAm094TC7OJfEPp8h,0
2309,KgmqlyANSkOdji1atJC7,1
2310,fgD5k647jbdSEWBZCQnh,0
2311,AO5KXv6mBVNe3nzECIF1,1
2312,BxRn5YjcIH1qCEy67NP9,0
2313,EKm3YD5fpWh8FzTZHBbG,0
2314,gfrQ2UK3LFvRCMEop0Yq,0
2315,ESBGyvZK8m1LjfMqtrIV,0
2316,HPONF4CalK7MzhrRtewg,2
2317,GTXj5Lg2ZF4tJAsPBCYc,1
2318,64pFyk0YIszaOwGx2iMA,0
2319,aE81yCJwg67YFqOmZPRn,0
2320,H1CXVrKs0RnkxSFzOjIp,0
2321,8fOKknRM49gdiz5EapSw,2
2322,Db6hOB1PFyELXmr95JGI,0
2323,Ba2j9GDwq0HOtNrzbRuI,0
2324,bG1zA9Iwqf6gCVSoJ0ZN,1
2325,Haxpwg4SmfWQLEPyZ5jK,0
2326,1v5SAIfct9srqh7p8JHL,0
2327,iguj6WF7SPzs9evTrl2n,1
2328,hQ3EP5rHNeKgWXGIaZUC,2
2329,9iZyfgVbe6cDYAhSlzkN,0
2330,1V7jotm35ZqeHdGcTrPD,0
2331,Ifd4E12wpGgAOY8PLsmJ,0
2332,7MgbPSoCVYwTWBiF2lNx,0
2333,gkOUScAXws6TNM7R4CPe,1
2334,c2WbVqndpY9mhHXgRTti,0
2335,EfScYk5oVPw4Jxni2s3b,0
2336,JSFx0HrdvGqQ6WcCRoIg,0
2337,HFhLC9OzeNJbP2B6lmsf,2
2338,imhqyk5ONHACxZDUKlu4,1
2339,JuUnQZ5ef8BW4aG1VbkR,0
2340,H3M05P1RSdql2eiXa6Vg,0
2341,dYkW0lBtXC5saNL1oTmR,0
2342,EJ0xkZTht7aOSBzRNvXL,2
2343,L1o7HeFKzONsb3JvRy82,2
2344,I908mGcdwzlf6oS3QOFT,0
2345,eAZIwrCciTsq4bYWyfEh,0
2346,GKkjcrNlTU9D8LJxgZoA,1
2347,A90BHbUZYfQvGI1m58Mn,0
2348,3QnUtORT0HXELiwCN61B,0
2349,ejWZLdoSr0vAu5JlaYUV,2
2350,cBZySt4C8Pr6fgNWLezh,1
2351,Ggabo8prE7kDOqMtKAWX,0
2352,gKvtaoZ7Lkl1V6yxq3Fc,1
2353,iolu9ByjK2EdJUXq053t,0
2354,7g1AQZVLIwn8STsYdW5e,0
2355,1MnbpHvF3KGLS49yARaJ,1
2356,h2KnxiqVodPEjrCGuF17,0
2357,G2pLR7TatM5XKCbWoh3O,1
2358,cfOjhHAekrZLs7GiCm4W,1
2359,iVAMDtFgjQHusEGmWJCT,1
2360,4iLgBPqdDRz3vtYKJ9aF,1
2361,8bi3cZxuXAhLaoDEKenJ,1
2362,0gSm7QZu5x6MBvVzUncH,0
2363,9me4ZqcyhoaNx8GzuFJR,1
2364,fGwBYrXVc8oWC7uNnbag,0
2365,8vLGE0QNUBHaK3dt5hyl,2
2366,gaqXeBP905M3TOizZfFw,1
2367,il50yHcbIevZ8dsJOTQ4,1
2368,f0jhPJ2913c56yY4mwEi,0
2369,2zGVAHuM3lhXJjonTyg4,1
2370,Etq8FRCgeoyd05c4nlY9,0
2371,E2L74rVJjfs6qKoy50cw,1
2372,G2wSKbvoJjNBW0kuRihr,0
2373,g8SPzdprqbEL0atTBjvM,0
2374,4kKcuD5YGjy8QtUh6Vm1,0
2375,k0WuAH9EPzeBGTc8YVjf,1
2376,CFO1xurbvJKYhTs8fn4l,2
2377,3ftwoRhscPpNCxdlIbrU,0
2378,10Eskl6DUSGugoWxvtYO,2
2379,1ik3ncdBTYIJAgfmjpwz,0
2380,Hostb5jC4vASg0GupIZl,1
2381,fqdi9SzGlkTNWDYrx35K,0
2382,brNWoe6SZBdJPw83YAuj,0
2383,3FQGzMkIYO1EjZiJep60,0
2384,3UXfgqO2mhcrFZv4jzDn,0
2385,Cf5Tv2SJ18cXm7NZkr3L,1
2386,eoMlxiaXtB1gGJ9D2qSV,2
2387,jxuKaQ3YtEZANs06iWUf,0
2388,1IGurl3q9bJQ7pmtMD8O,1
2389,BxPFmVlCKJpDQzIZcEAs,2
2390,HMkxXqh0gRwK1OrZ2Fo6,1
2391,CQ9ATzbP3j2On810GX4d,0
2392,90bDVByGTFolh5XW1JiU,0
2393,IH03dnjiQsCLYX6yoWkg,0
2394,jpT74BziaEYAtIfhnyW0,1
2395,DMPvl1eFd8B4OsNICKZa,0
2396,jRqJ7xPQF2ia6tTsbKUY,0
2397,1dFAk8YzcKO4RVmsaS9Z,2
2398,jdbBR8vVmyTu7nkSUsl6,1
2399,dexOVwSPEDv4AYR8f3bI,0
2400,e9s7YLjiN4Vt0Ia6FhU8,0
2401,FlnjSwYHGacRZVz0J1NP,0
2402,1el4qZPVwIXavrChcyGp,1
2403,e7qzcHbnpMG4DUiWP9mK,0
2404,EB0d2fJGLHam1tQCUDWu,0
2405,Dbe0TMIG9gjHfv734XdL,3
2406,h91pBdZvGIuYe3Fqcn4M,1
2407,3aC1EztfpUXIbuyi8sGP,1
2408,joFHWBAZySvl8Ea1LD4N,0
2409,HuqJS8CAp24F1aWeLtIo,0
2410,gmpkFT8PMwjOhXieuQKf,0
2411,K86WCYGVMAkPen43mgUT,1
2412,6dthzN459qegiaRAJcjP,1
2413,eniBp9wP8D5SVsWz0oHN,0
2414,1aVxjvl9Y5qNk8GbBsgE,0
2415,JsTBaYEw5hQAC8kzcUMx,0
2416,h7MY4l3UxgNjiHR1C5Qf,0
2417,Hks26SvPR94LVbTMGIDW,0
2418,5liSc6DCvNtEWBapJFZe,0
2419,7pL84lUq3OAP0DiZ2mxj,0
2420,4TmkY68NvzbcRIuOACK0,0
2421,AKzeO8hXobwnIprmaVNL,1
2422,J1LCS4Foa2jbAOYGWQhz,1
2423,IxQyphN8rDiOn3dYsjS6,0
2424,6Ij39ZnpNmcdKOUe0BvY,0
2425,HX6v3R4fhoAqWBYUQmKp,1
2426,DA8ntQHk3jbds6JCVmq9,0
2427,gitPaXxIMeKOZRTW2k34,0
2428,eKgQl0AwEzo12DBcs46I,1
2429,deTXH9Zau7qmM0yfYsRS,0
2430,CQB3rgdZ4LPuUop7n0vm,0
2431,GjlPswDEXogCA8dmZOuL,2
2432,crOuVx8jI6DARFmhWJlM,0
2433,BdZYrUSpnXvyITwgOi4H,0
2434,GTZPO73Y4JwN5oRLveDx,1
2435,3uMRSqGw1TtKUm5dz6fW,1
2436,aLMRmvWqNJUAlgDpBOb5,0
2437,8VgdXSO0oFDwArpq3kBT,1
2438,C0Hl8uWb1scIEg4XrtJN,0
2439,89VdQqEkGB2Fzv4lXnbU,2
2440,I3QveCRHion2FwyzaUb0,0
2441,hePHMV0Uspcnd23R4Fyz,1
2442,3aUTHQpJqC8czb1yohmA,0
2443,fpeCgovE4zqPdDLmhxNA,0
2444,d69TJVnLQBqZCIaY2o3E,1
2445,hFVEPajwWYZU61Sb4Dyx,0
2446,GAc5nqRb1NW9IDwCBvfK,0
2447,9aJ7zD1Neqh8TKLoYcOt,1
2448,HT1oyBYIg87K2kPuaqEZ,0
2449,gVzZU8WGxyoR07FesaJl,0
2450,fHELzXgxKRC4TFIkt1GB,0
2451,J06r72X4nl18dWzuxPmw,2
2452,CjpAVLr2c0Y3IPZtB8o6,0
2453,GD5PixCWp6ZltsQ8qVbI,0
2454,BIbhe6TzJw8O1xq7p0ZR,0
2455,IgXph4qjyDf5t6S0WUwm,0
2456,hOlL91KTQSUNmYyBqApe,0
2457,cGNfA8C9wh1R5grDKQjX,1
2458,ExiOZLUCAsSm3rogNy2D,0
2459,9Y2lyb1ocjBFCxJqQEZ3,1
2460,7Ebd8M0gDHBRIjFvr6SQ,0
2461,hP6lGov9R0eVci5QyuYS,0
2462,DT2t5JMrWnp3gmuhLBc8,1
2463,3Rpwdu5AN4l2KkeoYHED,0
2464,cWQjCi7fIb8BU0tY9lXp,0
2465,IwBULXyFlnWZOrsm1Yh2,1
2466,gfu5Owkyns4CVh0G8S9N,2
2467,9W75QokxOEeBn6TUjJqF,0
2468,CosyQLTrjivhRawX6GfJ,0
2469,ayS6qCh9UTcdeDbsKnxp,1
2470,gW1ky2rURczMSTb3Eq80,1
2471,cVTwfdkWL2hzAvG3eFlH,0
2472,Jt6VneONGXucZh27z0YA,1
2473,8a39lGQmftE0MngbKCqu,1
2474,1bgW3y0fFDHBjdps5Jhe,0
2475,60Dq2jMpxvi7GFV9EmOB,1
2476,aykVQGgubXTA07xcMdI1,2
2477,dxgJa5tvQFs0WNPhiI1U,1
2478,5mr4z8KW9nvdyVEY301J,0
2479,IY9HnrhqPomv3L6bAzeX,0
2480,glWGapfuSdXKz87Z20qy,0
2481,AkmwZ96MNWGXnObY21SQ,0
2482,dlKCRHePG31OFg29TXbo,0
2483,5FyHhsqWCcxTkAS7wVlD,0
2484,CFiKyRa3s8MkAcm2QPXh,0
2485,kcpjm3bSZFrIltvNVTMW,0
2486,DvsuxhpLgMVCO56r14jA,1
2487,HUm67uRSKYPFd1IBDjpM,0
2488,GpdqLhNUiH9tZn5zxTEg,0
2489,bwIsm0aUWXYvgFABhfTR,0
2490,0JAzwGUKORhFQWr3o1dN,2
2491,gx0LFiqO3C9PIWDETRpG,0
2492,7FGqUsap09YN8IC6fkuT,1
2493,g3dlXOYBtjPK816xEhHD,0
2494,0PGoOfXAjVDBytkRH4Um,0
2495,9nvIAP8UiY2GxMe5ptSJ,0
2496,B5x7fHcjKkEUsW6DFIQz,0
2497,cqHlrY9oAVpyWMKJ8mOF,0
2498,2L5fIAXjYka3yrmJHswR,1
2499,FQM9eZop8fXhAtWBizms,1
2500,7vIR8Bg5aZuwnkXmC3O1,1
2501,aZoel3jMRHwBEG4X768N,1
2502,hQkVSfRNH7Jvup401YgP,1
2503,3YwJ8Nd5pxD0GRoIsKTS,0
2504,75ItWqpMPsL0ng1AdCDF,0
2505,9IofdUYy4HPk5Vubwpn0,0
2506,J8mw7d9HM5sicpKgTWGt,0
2507,4a6EMlDsOtq7z3hNuTdS,0
2508,jvySFY0Moq4iC2EuU1HJ,2
2509,atGqPui5xlRbN6FDWhsZ,0
2510,2CG9IWLp3BJcZNDVtFio,1
2511,6oiK1LC8JYenZGc7kgs2,2
2512,hNAlXZpxS5QV8R2YTkaU,1
2513,83uOwngTAXtNQPvD2CxY,0
2514,EXapH4diUyGeJ95vf1YT,1
2515,4S1uOdNGqKkCxZFVWAzB,1
2516,Ajy4saxIMJfzOi3CcH0S,0
2517,2UCjXPzG97TAEsVghnlu,1
2518,4m1Gsx5JvMFgATY7LOz0,2
2519,42NQ9dMtjzZoLuSClkmq,0
2520,9ftj5a4V8hCr3pTAUiGl,2
2521,GRXZaphsokTrql4u2xMd,0
2522,6PiB1NFWunrUjdf8e9kp,0
2523,31cfRs0hdZYLq9A6Ielt,2
2524,d7QPAmUKbcNh3xFZjivG,0
2525,GIphNYPJuLqfs8FTcEdR,0
2526,F6cqosn3GRDidyO0fYB5,1
2527,jcx2FgPBbYqshUNvkID8,0
2528,K47QO8LZycVNdTRu2F0P,2
2529,jHEwUGnCVyvB8oguAseJ,0
2530,cSEND4vF3fLOqUgylCZ2,2
2531,CoNnhm2Se85BAHOs1kJD,1
2532,DCYJfNIVretKzpH6yLxS,0
2533,2xeFtR57KZvX0JndE1rH,1
2534,GEprqj7xuTa8m629zQP3,1
2535,IlUFGP6gY7fABDdwLWo9,0
2536,FmLkTo9MiyNfSdH5el2Q,1
2537,5yQJTc0UPXqvgjuNoFL9,0
2538,0czUXKSCiGY2j5mxLdWa,0
2539,2AHJPvRrMdu79hmoQWOK,0
2540,7ywK5kNsz4EXe2xS3acM,2
2541,e9FlxXRr4O7BZytIKEph,1
2542,Dz6QkSVB4ax1siyK8fGP,1
2543,9YZifGvUnpdBhV3K4eOI,0
2544,K18LQkydvn2l5HUxOquT,0
2545,If7D6pQO5xPYckjg41LB,1
2546,cmB0E9b6iIOMK8kU3nrg,2
2547,3boTYd1KBgOPIL5pVvkN,2
2548,dIfivq0V7gPeDQ95cynu,0
2549,eoBOUsFDP7vqa41fGjJm,0
2550,cdgKHZbChnaLEqFDRjvm,1
2551,Aw5bfaXUP67lZN0cjzqO,0
2552,kFSnHGV65dtlOu0AExJm,0
2553,e4iYSqVAjGJZwfT5orak,1
2554,E6UV2qcAsQH1txn5SJNZ,0
2555,BKDwzZfquvWotCTXOMl5,1
2556,C9vsf3VBgmR75ylqGJpH,2
2557,5z4RdEK3fJleayugmjqH,0
2558,FEoIKDQTpR2wjSAxz8Wu,2
2559,Grcdm4uKwz2C3DNUxkWa,0
2560,fiwJGn6gUtXlk1NZoFAS,1
2561,IlpdJf7AbLF6S9Go8v5q,1
2562,dOA4mHxVR8JsDoa2YlkB,1
2563,AMdt7uDP9ZzjGKeYBs6g,0
2564,bzPNrBFW6RH1wIQ5n4tD,0
2565,hascDlfInApRdyZVFm1o,1
2566,1EisIfzGOTX8hKaFH6uy,0
2567,h5qkERdnvU1xPWtSNQOi,0
2568,18eZt9qWksQhoY3K60aE,0
2569,Eg0QLdf5AyMFwxo1K37H,1
2570,Ee0OgkMFHZxyI5VwlcsC,1
2571,1GvV8Jsz09wLnje4kSyN,1
2572,H4lKrjuZUTVAsgiz7kFS,0
2573,lC4sdkhcZS6zYaE53D1v,2
2574,f2Vh4qUzD0ntxRFEJaMW,0
2575,DyWH4FXxVhcdwqaEM5Y6,1
2576,0Tw8aQsVxMlZgFDPUm21,0
2577,AM9IXU1wJ5PHfNqoVyxa,0
2578,CJUmehzigaEoXRfY6FGT,0
2579,jV9q0Ae8pCmL7iGRDv6o,0
2580,HuqZxWcz07mowEChtbrn,0
2581,Do5n1Kjei89Es3CuFGqg,1
2582,cKuqPZrSGzvN0nyblm5C,0
2583,I9zJ0pktX2G8iL6vYMKT,0
2584,D9QULlKPYijhJezwSOFT,0
2585,EiqWaKH5VdGBc2QnfO8x,1
2586,7IFRYGVPBrp5Lmb9xTlv,1
2587,c5sd6UhgaKivEtPoBQA8,0
2588,jSbcLy3rlkYhEd927p0P,0
2589,8LVijvDmg32TPO1b4qAX,1
2590,aeS2NqfM8tWdDKUsQgR5,0
2591,9I6UftSTGjwB8pxQY0MX,2
2592,fYPiBmrFC1NuG3MU0Wvo,1
2593,arenyGLQDYhcx4POg3F8,1
2594,35dbDR8KSIwZNAPlcgTi,2
2595,FalYuVzr8LgtiKRZ9oEy,1
2596,K7AwxRfWPnc3hzXLatQE,0
2597,jMtLuy8lJKkiomc39Ibv,0
2598,CVcysi9h3kTI1gXj0qHm,1
2599,cPBMG2HuL1CaNgbSE8iw,1
2600,idNxFM4agPHCkKzbr2Zh,1
2601,DYLwkzhKnNrxZ1Mf7yBE,1
2602,iMoflC6sreq7YZ3B2P0b,0
2603,2nTuJ7exWyqDzEIc0SY8,2
2604,gPUaRd12vzpH7lkV5DhG,2
2605,4jpx7Ahlw9f31YMikoCv,0
2606,iAFZ8be3gGIJcK9uHwEy,0
2607,3rsuE2CHA4WG16fQynUK,2
2608,9qTHxAn6ld5WKPJapRry,1
2609,ahd8btPYH6uW7QkqesEB,1
2610,0K4sTCLtrIJ5SinQbe7u,2
2611,BpAoClbIMLsxzWyPHOaJ,0
2612,6jIQBScHAmhsT1uyGNeC,2
2613,3REs6WCVf9hwnoFz1Ykc,1
2614,IHQoEqklzdpF9J37CNvc,0
2615,ldNfaCpceLnGUE0rPzqF,0
2616,74SYbIefnAEJpGHZq6md,2
2617,eqMtk743YWi6Dpm2Hab1,0
2618,euLEGg3lHfAIJz9dvyqa,0
2619,6CNcQpBeMikYK8fDLxlh,0
2620,e3oFfwX7HCTlgydL2cD8,0
2621,Bzyp1k9xuJK3nWLsPCSa,0
2622,JaQjr806qALIHS2MDZyf,0
2623,F5Om4quYSd3BaGK6xjsp,1
2624,5asM8FCGzfhLJI3jBXo0,0
2625,EP5gD2SpuBbczrkQXKTm,1
2626,9eKQwWVFlonXmSTaG5jH,1
2627,idZhumUfTMgrlsSY82pJ,1
2628,AGmSytfUCDr7JBdjT0in,0
2629,DsXzfyoVUlSAm8PwtZOB,1
2630,I3hyQOBZM0Kxpmj6a74D,2
2631,fuys9cVz0Q3idvakHBSP,1
2632,7K1zacbZA3HIjStR6kOs,1
2633,GmPti3pxguLDKAZTFowQ,1
2634,fpiZ6no01V8gydTe4UFw,0
2635,C1OlcN2H8W0YATqZxipn,0
2636,Jgp1wWtT2sOZKb5FSAy7,2
2637,5SjzAvpC3dO9tRDTVyKx,1
2638,arHTiWpEOMctLjx3Gnv2,0
2639,HkOs92TnWjMz7cvmxENY,1
2640,C6Zatxj5GlUqs2L0HPOn,0
2641,HUM4WZdYbi795Socq2jX,0
2642,Cgq3TizwBXpnk7b8a5Qs,1
2643,3pQoC5gV4ljNfdXHTEx2,1
2644,gIznX7hZEtuYwfAsNVGT,0
2645,A9SBTCOonUdluM8aqzXf,1
2646,5LFWPi9qzEb6fhyVSYaw,1
2647,EbCzuMr9dcx3RNaBHKJf,0
2648,a2ISAriOX09MkzcEDedq,2
2649,9gpKWS6osX5Fq8E4UCLr,0
2650,jIgos0w73dFTQWne1z5y,0
2651,H753kdOg6fvyzQLJlFbK,0
2652,bzIioU6hX7AsZJDH1LMd,0
2653,JfUstdXDHbQZOxuBcG60,0
2654,cpW2HoJgMx70C8ETSfsZ,0
2655,2efsFypAKd1kBN9q8V6t,2
2656,25r7AlY4VJojhNEcOW6x,1
2657,cNVsL894lE1fh3wDPyKu,0
2658,ansvDACdc5lbXmUYxNWP,0
2659,AywPluRjT8DYXBFS7m2h,1
2660,cudBgeQFL8z4prNGIsXH,2
2661,AX2HRNjzG1rDuyOliwsf,0
2662,cqeAnIZ25WC4vHmM7zOR,1
2663,3e0TBEVcdHMa57Dh1woq,1
2664,HqwX8R5sQb1oVB3uD67O,2
2665,8J3W0n5K1dY4eOPHbj79,0
2666,4mETUDblC7Ffhq5yoK8c,0
2667,5GpVKiAvyOcJlnaSZkfx,0
2668,CVdMjEq54K19x2JFWpXe,0
2669,cYN9mgwMfCxsWov4q1Ea,0
2670,AoOFhxKMScWdRvXNTYGy,0
2671,gzsqAHCc8nFy59j7hodk,0
2672,0HKFs3AXTt1IrOl52eVu,0
2673,1HFt83wrBnSQu7cP2WZy,0
2674,iCN4jl26qfaQxTAe5Jzh,2
2675,6r5hq2y3gMlUxvObp0i4,0
2676,CbRnEdeAj2FNzmDfZMQI,0
2677,DPg5ad8fwEq2jAWCF4oO,1
2678,83dL7Ovsfp9yCQTMehHD,1
2679,hnMRIAswZOPolcxpUJe3,0
2680,0KgE6ksUeytoHfl2cT4r,3
2681,hS8m6ZTrn1yFukDsq9aj,2
2682,HaWuY5IXN7gOmJG4ZCkd,1
2683,2YNFrzjaecyUInXCDVmt,2
2684,clkRCKEyz7Irxd2Go9A0,0
2685,iXZ3voSbundaAjCJl9Ue,0
2686,h8VyAJq3RfgoQIciCT9u,0
2687,bRKkovBDCAzcZfNJ7LWH,0
2688,0sLBvJeYl5UkiRzV1atI,1
2689,6qjSVHW1IFQOTALiRzca,0
2690,bZz2OoQmqx0PdGBhaHKk,2
2691,9zAJOrlDSPhRkcHxVB7p,0
2692,iqSDCrEjpfoRdaXHOIG4,1
2693,DlNYuohSrfWmZbK8A9F5,1
2694,AZrc4eiysuWvEfYULVQz,2
2695,eFT15JXlB8PqtDv3IpYL,0
2696,D2Ib3EY0wWHVZokK9u1n,0
2697,hXGizHjZ12qRYLw073eT,0
2698,DTpxgrKlodtZfV7jscJq,0
2699,KIlRar2dkuxMY61yTwhZ,0
2700,3m8kb5ILPrHcMC1o9Nht,0
2701,J2PF75IpyqAumjQVHZ6w,0
2702,g5O9ufJCeLd4nQVF0RiM,1
2703,9U2dK1jG06Y8kNnPZWM5,1
2704,0isdESDMzq2K8T6FLPcC,1
2705,h7eLbvRPOmF8GWnSV0td,1
2706,6eqrZ7pnXQUtckVG21BK,0
2707,jRwZmbJetAvIcqKVYDrO,0
2708,Jfu93PoWxGywDBjl0A5I,0
2709,37m1p4lwBUDcJKkPWx62,2
2710,a4PmI3wsHL1OGKMNilon,1
2711,fsSkgPTQNj8LKbvAZMtG,0
2712,JltGZkHyLmsi6aV2UQ8f,0
2713,Ccj3AiR725Y8vHFaXPkG,1
2714,bpOR4jctxD03aysPq5Qd,1
2715,cvh5PkXny1MFJ0WOogVp,1
2716,E06iLyI5GH1OAUlNCqco,0
2717,HaOw84bYfkn2yxpiRFPM,1
2718,4HqASXIbximkfN9TygZn,1
2719,gqr10PzwFNxSRnX7y9t6,1
2720,fZiGCdEYQJ8OVIz7sUyr,0
2721,GRlSVdCEZNKBPj49pamD,1
2722,CtimF4p3gzKyMbT19kxw,2
2723,kczYF5vSxW3ZrilfJesd,2
2724,9OufdwHvaNyjoQBbePC4,0
2725,4Z17fDwSIlGLtyoPv6Fp,0
2726,bIta6uiP0gS4lNLhKFGM,0
2727,jzDxbTYIZ5MK60nmPAFh,1
2728,DibnkXflY49wcOpo7vyK,0
2729,dnjpE4cXfYkTAUOVPaeL,0
2730,JF2417UDdQBcfryqLz3g,1
2731,epLtlBgqxYo6VuTAwf2n,2
2732,clykXHZJqdY05zKOmLae,0
2733,4c3h7j0QyqIgnKFzA5vR,2
2734,623eFhxtASpOuCcQviwr,0
2735,e0uMA4Wf6dpHRZg2LVSC,1
2736,96ri7DBgMW12PlxVUowY,2
2737,60gR3qnjoYPf4rpbCOSk,0
2738,djpZOCDqxPWlhFrsXk2J,0
2739,dIuFmhnRwYEPgOK9Lyxr,0
2740,hJO6AGKpk2U1PqiX97cr,1
2741,BRgm2Vix05Utekd6WEnG,0
2742,0mfwTlekXE1poYAnqMRO,2
2743,7wFaWUhcDgonLtQdqpy2,1
2744,ioEn2sGfdQ0z87DKeF4B,0
2745,JsAiwlCSWNhI41j97Qtu,1
2746,fcsNBbd6HYTaQAh5Mmq3,1
2747,9PujO15SAeBy6EZNpanJ,1
2748,5Fqil1r6ysjp98fMRNHk,1
2749,3BvUgVpnqcCrxJ4tWioG,2
2750,BnRgI07aqODWw3FcKL6G,0
2751,K4jGPJV6DUu7Xq1eFdrB,0
2752,K1PseDmpHfo8OuhUJtA5,0
2753,6Gs1IXu9aH3eWOAqBPVh,0
2754,7TkKqyHUA6vCitwdIOLW,0
2755,4EtCMF7yKHU9ucr0g6io,1
2756,E0qNPVLshkYDOgyto91H,2
2757,3KWDrvPXBaAxgfGYsoN8,0
2758,bPBKmsg69NeX25anqJT3,2
2759,gztvnwuW7BkpKL9acrmO,1
2760,GFdzM4pukx7wtXIKrS6g,1
2761,GseuqVvdHoYCySXkJpEL,2
2762,ahwFAIPcS3yxg1j02KCJ,0
2763,9f5wo2qZsPe3YWAvyJjt,0
2764,be2nNEi3PtM5ZoLSusWv,0
2765,Dskm86uYC41GySRUdIv7,0
2766,g1lGzN3S8fPhx96QVbE7,1
2767,CJTezukAoORBNh0QxUMa,0
2768,Cr5JDjEqMH2x97caSLZN,0
2769,aFSCmbvwe7HErAuPTQp2,0
2770,fh1V8wnrOJAZGzsRQB60,1
2771,2fsOxnz0hDMp6Qt17PoN,1
2772,KHDvrjpl16ZTsbyOYS9P,1
2773,adrSTjE4bxs63w0oQR8U,0
2774,dVDRPJcvx0lhzqHUtFKr,0
2775,9jxOlv1ndyUsJgpTbFBQ,0
2776,dVmW97NCRysfpkMxSuBi,0
2777,bxhTOS9EWZQueVKJdoi0,0
2778,6YoAt9aLfJyu0qzVFsI4,0
2779,7IORsrJqfjV0ixuTbGF9,1
2780,5Y2C1nPEMIVNd8XuiGgm,0
2781,euAfyh0HkFiaKndptmsJ,0
2782,6SZ94ihjlB1O7IpvYLzn,2
2783,3oA2emBxRQTkvDrVqPfL,1
2784,HSeCYbTOxjRn3y2XPAvf,1
2785,8DxQhtuOKPRZAjGy6Y3E,0
2786,8x1oTUZgX2JaQtqBYNld,0
2787,itPKjAZNemORVxF5ul9c,1
2788,BRHGMC6IkeKx4LjfPJ1Y,0
2789,1ZYtDkrdm9yVLpeU5cSJ,2
2790,35rbwhMGTxqAWjuFt20m,1
2791,3x9R8E6Gv5JhDda2eoq4,0
2792,gzDsnHGVF4Jut7adwevq,0
2793,bDuyza0fBOtQlPNFHnAJ,0
2794,5fMDqaRKQBd3AhVPFIkZ,0
2795,d98DIzHL6lsYQS2X0URe,0
2796,68KCRpuscIZi0On4Hz9U,0
2797,GU32g0fBF91xp7JqNXHY,0
2798,7MQb5VEYLiSBPt1GZgeJ,0
2799,7Tqx4LAfG8hZHivBO0CD,2
2800,7XDnG9SaVHiPIolA8KQW,0
2801,87tNO4MR0FzxlyPX5fL3,0
2802,gSrYQn4hJRdj1xEc26wM,2
2803,0SIqXMkDBWKE8s9pQaOv,0
2804,5GSAcsthaC7EBgOUrzv3,0
2805,E5UkBdwnH0T3yjeIfOPv,0
2806,2QSCLlPU3ZsVkXFenufD,0
2807,hs3jvI9Jx7iTzKPYEXcl,1
2808,H7Z6WfoCrxzSjMVd04Dy,0
2809,7QrNYCk9O18JlZWgxmwE,0
2810,BR7wK1hkfFncV28it30Q,0
2811,euYJQIOhtv8FlApXdo63,0
2812,5haw8gTL9JrqIE7Y2ZHN,0
2813,gjwqQk8r5ztTZcMfC3VU,1
2814,Dnk0O61Ic2hMxiAlY4bE,1
2815,Db0XpT26ZKq1d8eVPzfx,2
2816,1xquodIbFvtDVp6ASGin,0
2817,6Jrdwx7NlTG4HuOYPvBn,1
2818,hAtDMOrJazquYw7Xk0Zj,0
2819,jg6klbOWzZANyhPm0uws,2
2820,buJG8SQ4UzZ6N72cCHsL,1
2821,65ZYCsoOaNJ3fht1Dx4F,2
2822,ATbzQsi38vP4cMwypuRo,1
2823,CKL9vk4x2IJZoM5sbu1R,1
2824,2UcBWPt6mf8dohDsYxOR,1
2825,EuH31db0IYoVintDaL9v,1
2826,ifjvkSFEylIoYORhQagL,1
2827,a82KdTuoj3nB9bU7IfeJ,2
2828,g937V6FUYlT0PybHMEin,1
2829,dRyI13DGCEntBviQLHhu,2
2830,hJaAKbI1PDmT53SptEuk,0
2831,7cd6IviHsWN5M9TeX0n1,1
2832,IRKpJdD1rqZmfC3nsWHi,1
2833,gCsQ8mXFHB36S5Ltrhpw,0
2834,dFjMQn7q1K8Z6ziwG0TP,1
2835,9STjspcOKbrE80PFVAoq,2
2836,D5mrsLY0P2V1UIXujgES,1
2837,hOtXLq9on7svPe4NTpAd,0
2838,HxiWO1uaVGkR65QoAwYD,2
2839,AHpF5eJXfm0TcdaluMbt,1
2840,5bOucF2zs3YnAgZEp9BC,0
2841,fEdiGX7rSmvUhQ0MFne5,1
2842,joxp9R7SOzTvsLyiru6A,0
2843,4aY3eBDuOCmIMKQfbVgr,0
2844,b6zyst7BLp3NKh5fEgui,1
2845,7QNAUrmZEql3XR1I42jz,1
2846,63HKnjiLmSp5qC09Us7u,0
2847,jmIbaRlXMCkYHt5p4wos,0
2848,fC4O8EsYumjHKJlRyPno,0
2849,JtWBSmnZzAXRlsybcNPj,1
2850,1rc8uNR5MiqVm6Do0xSH,0
2851,fwBR5vEgIxeXmhQrs1o3,0
2852,fYg80o1ZPt96VGrpAnFT,0
2853,0gUpzkLVT73PCXx5WFRI,0
2854,HeJ3ZCW4yLRrdktsnKo1,1
2855,2edniWaG7lVIHuAsN1MQ,0
2856,ivXUldNe7j0Qt4TByrCm,0
2857,k2dfrliR13sGtuCTc4B7,2
2858,Jrq5tba9sMkDvpe3EdXK,0
2859,JrminDyluvTjfcp1wA60,0
2860,3MGDnh5cf0wS7tzk9upR,0
2861,kg24YRJTB8DNdKMXpwOH,0
2862,B8Mo0JgXlFEbI3a6Vr1z,1
2863,CnO9AljfBmokT5qN7J6S,0
2864,DaL5EU7cJxGbqos4Tukv,1
2865,cwQYBjsoDvAz5MNK8nCR,1
2866,BeTxQ1Aq0J9dyIuG3Lvp,0
2867,5TpJycItjG3gXY0F2nWL,0
2868,FOgyq9S0TIH6hzViMN1B,0
2869,5102w8Hp4TRkWbIUXSgZ,1
2870,5euYnhWJHK13wq4VgdcL,0
2871,3zDwi1mVHFahA62IUpOj,1
2872,5Su9y2pdWjXihsICkxUF,0
2873,0xLRN4DuvoCGbjIFQKYB,0
2874,9zbitD6NE10I4FjdgJvV,2
2875,jtEkniTysxuqG6DhAX57,2
2876,5EOL24dsg6HQTacvF1Gf,0
2877,DuIV5KUgwLWo2TO9JERC,0
2878,DMtdk84SP10RYjaZEUxz,0
2879,JxhBKmpVSNiTybZEoLYD,1
2880,alEOGLX5tBWIAMk2qTcY,2
2881,2gMFLJAaNEkx7oWRwl54,1
2882,br3oAnTeGyDp97XkzCOS,1
2883,dnFa2EPSqBYKZIpkJ3Oe,0
2884,A6RirTm0V4X5OcaS87e2,0
2885,FyTSsd5IWQ8OcUaHbgB3,2
2886,4UxKdBSJhLmVCngZ36HR,0
2887,J8BKYxOaonACvqH5GT7m,0
2888,0cTu2bkefOAJqIhYUWFK,0
2889,8aBc6ytRQ4oY1PwlKDhq,1
2890,bE0NVYRysImfe7whcUqK,2
2891,gPDIFE80MsLQhGBj9Xit,0
2892,EC32VKxBYp8ckZl5joqb,0
2893,kJNLp6CyAKfgVMFwUInG,0
2894,5cVTmPKBAp9Llzbh2MtI,2
2895,gBX47iCvYrZVDqpHeAab,0
2896,9d3mFhrqe5gtuLE0ACOf,0
2897,hLfixdwFNU9sm4pkWbvZ,0
2898,aM4JPZrzBXhgSCF8UTVb,0
2899,joRneCOYruqN4kVb8EKy,1
2900,JkoiGmLfBj4FtErK1VOH,1
2901,8uLBi1sUnKQoVyYCW0SP,0
2902,1AXVt0D9mSU26fL4iFGc,0
2903,cOMbeEqitnl6Yh3XRwG5,1
2904,fYiBUrAX4R3e8EyJtP2x,0
2905,2mr4LP5vBhsUguRCNlyV,0
2906,0hBIiRpkMZtoYj3lcDLa,1
2907,E7MyKF6Tbj2L98GASrYW,0
2908,e5vf7qHj2m0G1JtrpsnQ,0
2909,CQS2WYL4Oq1MpZnNfJU8,1
2910,AJryF7o4hU2LdfDXMaR9,2
2911,bDAz9oPIQfZSXEYtjNCV,0
2912,3u6fqdFzHRhgZLC4AJa9,0
2913,3PUsV4jflnCw8mGHZIgK,0
2914,dHQEF0MqiScAT2xoItZY,0
2915,7KNOxVBrs8pf4u35Jdk2,2
2916,JGqMAsU8BNzPpT1cIF2n,0
2917,cl0W7xzTAYj9CEXJkS8Z,0
2918,bNgISHR9Mt8ZzjyJXGUs,0
2919,jelaIp5XS4JU7MzrmnoP,1
2920,8YobsnPDuWJeEHmKB2ZQ,2
2921,cebAsutfF9NkrvLRo60z,1
2922,Bx9jm5GL6DYkWby3OKdi,1
2923,5SBgh6Fu1xEYvljCWkNV,0
2924,5yl20B1IoetGVjsQFwP8,0
2925,d5y31iXUNopBAjIEtklH,1
2926,HBbWV1wZoJz2sKUl8e3r,1
2927,FhKRxXLsvCcD92PWZVgS,2
2928,JN6fQoCvEeImVXjk5usc,1
2929,cUKzvqVwXx914BprdFgP,2
2930,ieUqYbvXQJhLB4NDm097,2
2931,JH9ls1UkVQ3qbX2tRFx6,1
2932,AmPVn2SGUxg8IT3BDda9,1
2933,DhLZe1TM9pUtz4C8Jblu,0
2934,AGawszJT86ZI4H23ReK1,0
2935,4oO6pblrTA1DJsQChzqc,0
2936,jSMI8XxFJhHAWa15GozR,0
2937,bKHofVDm516JRGALsWei,1
2938,FymVrLMSdXp8OGYjIbav,0
2939,g8YBNnm4T162fPK7tqjL,0
2940,Ao2BOaDcrdZ8xLJt4Xes,0
2941,2eSoCjQzDri3E0cuxUYb,1
2942,34sD78TY9oyfaQgS6d1R,0
2943,bv60XkYZsCKHa3NgFUDr,0
2944,7l4AkQw3Gx8XRcJO1gaK,0
2945,ahvGI5RV61PQdjqEbycM,1
2946,DrWTYOI3wkt2aCUB61Eb,2
2947,dD3WMal5Af62kSHZXGEu,2
2948,d4MZmSTpJQuP5yh7cl8W,1
2949,JyBvMAZbhIprolF8HNe6,0
2950,eBSsIx2XOkMZAtG5oR3F,0
2951,jwgdCnV54xIZHMSsGYFc,0
2952,CHMW0lbFZwgD4TqI5sf6,0
2953,cVjkXNizAryxYdlR5oBL,0
2954,30Sj9rlHUZveV8FN1k54,0
2955,8N0hVC6RFuGAdxJ4keKi,1
2956,Ilg6Pw8fjZamFTKNoVY3,0
2957,bnYykKarSTdp3qszeJiw,0
2958,FQvbKakrJtVAs1oqd8cS,1
2959,7v8gE2jK9YmzBFyD6xst,2
2960,i1rVa58nlOsvzEox6DqI,1
2961,BC0rTwWDXEkphdavQzK1,1
2962,Hfo6yVm1zvZaYlTeG59b,0
2963,7j2o04UxtlpFuTPrHXLa,1
2964,1SFK4QHeDoOz3AMJ6bfh,0
2965,6jpkmuQoxIB3COi0ZMKT,0
2966,G1McmpbnaBkjwIZzyslY,0
2967,BAZxf3SiGRgNPl9wndqW,2
2968,HaI3lhUAXN6Qv0jW9FMg,0
2969,aWNd6erAP9oliDybv08Y,1
2970,AygMUQ9GnsVrSlHtO1IJ,1
2971,1BDCxE2AMQN9yH6sWdIo,1
2972,hl5wNixcfnCgEjp324sT,0
2973,4BdQMg5PDlWq69ZXwReb,0
2974,EfSx8wnspJbPcrAgeDBy,1
2975,dclwUqBMsAQPvHS9KzpE,1
2976,a2kGbpydvCzMVtwNR31K,1
2977,0sMxy5SNLu1YCkKJzaB3,0
2978,IZeQVP4mMEwxvrzfUd6R,1
2979,1Ch0ZFDqT9PzkGbSeyEV,1
2980,Hq5ADm7t2YMF9digjKCs,1
2981,IVprGntTFw5sqBYU4xOE,0
2982,9qPu1xikDdTmLtB4J0FE,0
2983,J0rnxEdNDeRzHLbOa5Mq,2
2984,0UTxRyirCXl6tsSE5GAv,2
2985,bIhCLfBGkE3UYrJQcS14,1
2986,jTgsFer9LQikYJ5aXBZR,0
2987,DwOFyEfhlGeMU2q0vbZa,2
2988,4rQn1u9Ygp2ZahEk8mM6,1
2989,jr9iGANIl3H6170uFQtd,0
2990,9dqPn4IQFJCw127aTVhp,1
2991,8dlCjM1YApWuSsQhLoqG,1
2992,AFDTobPuRY6cIKzJiwXB,1
2993,3NyXhKFsD0ijYG4HAaTL,0
2994,KiI6X4afklWuORnqBtz5,1
2995,5BlRFpdAb3OqosmfPZNT,0
2996,J51yVcCbx9LDM6ZlS4Ud,1
2997,bEF9IJRgPA5dDU8NevYS,1
2998,FamuZb1OtvK27HRgeUSM,0
2999,B78otm6rpdsFOI4XRP9K,0
3000,0uNkt6sirCnUWw175pjl,0
3001,3ym0zqOn8cWVLhx4ZGvJ,0
3002,c5spxZQXILnKO2ywiNSB,1
3003,DG4J93jNTMdyKxPqUzHb,1
3004,gjwWSlnxq3Et27IeZD5d,0
3005,5Oo2bJ70FIKqHBfgUymk,0
3006,5qh0jnJ9X3N4rimob6Wg,1
3007,bFwlXdoNrsPiWEkZBOva,0
3008,19B6wSHOLmjhGPoquTbW,1
3009,Jzbqx3eGnATaDo4IVWjL,0
3010,BCaGvPcFHgob3xWmih7T,0
3011,dlWuKQ8saoCgw0ISYPjB,0
3012,jCAmu6J5gIBHU3TxopMD,0
3013,87zKHh2vErX6McwSZQyT,2
3014,kmf3FnduMt5Re2NZTpLG,0
3015,jrAH5I14hpeni2TbcPOR,1
3016,I8GxNTCH0XVoJ6FamwBD,0
3017,Ax7iuDgF38YaQMmX9wVG,1
3018,a84udcisW2mPRvrSFk0w,0
3019,e1oUMvCJ5rNWFnLdPglK,2
3020,5ywj3ePIlUD12EkxZtYF,2
3021,1NiArstKkEmMf0vjDd7l,2
3022,7dNt3WEY0kxjshoeLAw5,0
3023,Iec3SYD4Gimhob1xQ7sV,1
3024,45Vh6aQiPqovLmgMFXdw,0
3025,jncwKsTE3Yz1Q2UtrSvB,1
3026,Huz3U7hA5kVnJ6q2QcgM,0
3027,jnEoBxGXRksZqHw8euhd,0
3028,1cP8XiEvMd7tg3rJmnAj,0
3029,askVjJgli4LD6whWEQZe,0
3030,fL1Dy8PFZHJwIU7vT3l2,1
3031,3v7fe0Diw9cOu6dAzsaE,1
3032,1otbAhISV0yQ7vF6zndx,0
3033,5RLpu6X1wbBZz4cmAkh7,0
3034,8UNxCZi37AdHnMXy5Pa9,0
3035,6VTkgzifPd5Z0BXF3cuY,0
3036,ELmatiKOqT8kuJWFjcwR,0
3037,FBcvGM3EmY8k7DVAzsWO,2
3038,0qNtRXvP8F2431bMmpse,0
3039,27fiQdcEXxeyWoV9qu8r,1
3040,dLU5WbCiGERMHjS20spY,0
3041,ABxDq1O4MENtXmwLK8iU,1
3042,IJkRMnXj2AflNqE0Hac4,0
3043,iGC35Aeux0zc6s8QOKfP,0
3044,fuwAE7WyhXbHInmlgxZa,1
3045,Ahf2RFO1D7nxtwWTGPl4,0
3046,hnCWyLtgETFlkJ84DqXS,0
3047,3kayUzbVhmDOgRKiS7ej,1
3048,EuFex6OU2o43KqQYrz5c,0
3049,EBXA6Kxc8IP5pZ7RFlkV,0
3050,hdJnQNkT6b4yDeVwaR3F,0
3051,dj7GfVSTmo3Hkv46Wiah,1
3052,f6FPyliIWB4swGUQDT8X,1
3053,FrQHSDf7tNREowYmchbg,0
3054,8wLNARJz9c12eBuFqEjO,0
3055,gnhERVbMYOP134io5eAy,0
3056,5y7unzV4XiqDwCShjNRf,0
3057,B4himGP1EQ3Lk9FpnTUe,0
3058,9Fj7xr8o43KwHZ6nzIqC,0
3059,198PdXRpGVZAzYxCrF0e,1
3060,gEtM2pIuKPOxB3NXvi6n,0
3061,dTcDO4FCpt2KGr8ZHJSY,0
3062,gsY6e1zD4FdKItQvWqul,1
3063,GkMBlvTidr5oyYOVJCwc,0
3064,jC9SO83DwoU4ZBRnpNHA,0
3065,9YS2sP3vIewdCbrplLO1,1
3066,KCtoQWB0q1d9wUF8bHxp,1
3067,80ZfO5UGkLI4Scj3eQwh,1
3068,JUO3pfywZnC4e9xHLBMA,0
3069,9mKvw8t3d6jRVfnzsDIJ,0
3070,FRzN6ZiS5KU3Iyql2sc7,0
3071,EC2yvmbNV8rSzRu4qZA1,0
3072,KHtk3pyb0qUlQr9hJda6,1
3073,guSymr1IhTE4kFXAJGUj,0
3074,DYh2UtEr7A0JsjmFQZvB,0
3075,IS5gEHZFc0xpPj86N72D,1
3076,93QCNLn5FD2pueg7GdXB,1
3077,72Zlb5dcIwWLsKfgqnPC,2
3078,hcpZW5LfIklq0gCJsYTP,0
3079,dkToRNX05vwZc2OsSGuV,2
3080,bfY2xBJKmhHdVjPu9FLM,2
3081,GHavcNsxJtgbO1IiQmB5,2
3082,dJVXOqTuk80ZWBleDc2Q,0
3083,21l6hcFemsiIapSqw8XO,0
3084,7BFRaJIPKrv3QVbkDx9C,0
3085,fLZPWHz4YsoCp0Fh9k6G,0
3086,E5LXhtYsZMWfA4ebSVUk,0
3087,jNYoKIwy2RzQrLpcf5mi,0
3088,BpGmVxjZkAci5Uqbrw6K,1
3089,dvVcMR0BzWxa8hAyZNHg,1
3090,jDJ2lpYeC6OLvPqWGIsa,2
3091,4SyfKNtskEM1juUnXZv2,0
3092,250wWOtELFspbVRJAaNn,1
3093,EMaDXLFSlr9TyW68JNOz,0
3094,cwAyWxKMPkXELbpBS9if,2
3095,JHQWofBYhqSF8Vl2ktUO,1
3096,czy0QlI3ebmEYXWjaGkr,0
3097,hEHyIjpekGRvX375Tt2s,0
3098,C4zlLIqNQDndKphj7etT,0
3099,0XsnKFjqPQxzCf81DvWp,2
3100,JGhXSB2Hu4sQKbMVlkv9,0
3101,CMKpr6JYU4Rw50XBDHVO,1
3102,21K8k3FDRwv5qbEWPaQl,2
3103,9oCBgaw6WUrjtbSd5liq,0
3104,4wyQxRhbPCgjpkfWMNV6,0
3105,Cfpes01aH64iYxOBURuJ,2
3106,frpWMualijhRAJxc86dZ,1
3107,9kq36ItfFHuWECUYLg4O,0
3108,gdpCryb5PsOv4TzWcLHQ,1
3109,cOhKH3t2zyUwRFNVQfs6,0
3110,3elSqr7UTEtFm04ZybvI,0
3111,FIc3eX7mViuBPKTAlCr0,0
3112,fLUpvqmYE2OskXAB8jJW,0
3113,jAcaJU6eHy14LPGbnDmT,0
3114,ehGfVZy2QXtFzJkO1ESb,1
3115,dILobOrVQ9TGuHfU60JD,0
3116,5z6qBep3fIQuW7dZhYAP,1
3117,C6LTXpH5NeQd3yRBGz89,0
3118,2qgetG9lN5EZdfQXH4a8,0
3119,gpOUTtWIXsvLdewJmfY9,0
3120,EU9fM6j1sco83kHOByuG,0
3121,Al6GOBJ2KvPCxo3b7jiN,2
3122,erlV013gWhMmwGpUICZX,2
3123,6HcXhAzQiBMUK5en92FY,1
3124,4K1DMYcdkRSouvg5isVI,0
3125,FDHjobQnCUSs6atXldJL,0
3126,dHhYV16mSsuTqrzcAvBE,1
3127,0UYATSktwajsiO8LWpx2,1
3128,cA69YZFTVMzJpEKiSu0C,0
3129,Dcj8eMZLvOQtymzArUJ5,0
3130,4vfLo0M1ODSRVyJzkX5b,1
3131,IMHkwmYq9OQJ7iVzByE5,0
3132,94dA6U1Diuc0rQxlyveO,0
3133,kbilTy4z7H8PmpW2OQXx,1
3134,EiD3lRHWhCw4zY9SjXVI,0
3135,81JBhZw7jQmauKs9brPy,0
3136,IrkaJzo10g5Vl82vHLf4,1
3137,4hWm7ySRkX0H9KALGp2Q,3
3138,iQ2sjWu1867hVrJ4wKoy,0
3139,gZDSNVG4OyutMcW3Fs8r,2
3140,58BJu4mOfakNI1n9jKDV,1
3141,HDX1ZK5hQ4gWmTLGdUvV,1
3142,AxLDeEp0US2RsCcfJq6w,2
3143,Drg6AkshP8zYZlJoOwxf,1
3144,5VE1zp4YCIhwq7UvuAsM,0
3145,BumYTNrfiOdDJGCk9pqz,0
3146,eTwUyBFN8QCGinOdsxzA,1
3147,BsOS4cVzLmTwG5WnFD3j,1
3148,gMRA8HlDUsmd3e9ixz4h,0
3149,iCdKNhpAybeBvY3lowZq,0
3150,2AloO4fCXKL9DnYdeQUP,0
3151,9aTRL23uK8o1hBAMJ0Qg,0
3152,7zp9WvQJTgrOnyjl4wGi,2
3153,4oxZLuH3TFAbSRtje0wy,1
3154,foMDRra3h1u8Q6SiXsYE,0
3155,et8JFZUipOPKBl3DsEGo,0
3156,2Ie0uQ5UtNfjKsizqSGD,0
3157,6qx5KcpelROjwUVJS01I,1
3158,42CRGozVilaAYTK3p1Zh,0
3159,dluf0IQLY1Sym2pzta8M,2
3160,exSWamc4HiOj2CG5Rq1u,0
3161,HBGj1awLFEUZ7MYNgbQX,2
3162,cmdZy7faphT8QtL9FPrO,0
3163,FOCwBfNrL3562sRglxZc,0
3164,DaRMwOQZm3zStcEGYxgK,2
3165,eSKcz83Lka5HyqQB0tJv,2
3166,BXrPSmlKvMJz1guqHFLa,2
3167,i3ObMKnYJjsxV1ECAD6F,0
3168,cifuIp4YRgK1Bjtw7X8s,1
3169,eRyBqYHX63klfnPUMc8v,1
3170,Fak63AcdS2zmGYv5bpsN,0
3171,gI0oq52JWKxBlM8NFiuk,0
3172,23fQEb7B6W0lVDIA4Sw5,0
3173,epR84xcmivMYAn0Nlkzh,1
3174,18AD5lV4StiZfN0pmdGj,0
3175,4tdKOk02GsAmbrDepQZi,0
3176,hmYPrWvVtO4Deu6J7E5i,0
3177,hj0ZHlDCLXgT5FOrzk1i,1
3178,GEaJRH0xlprO3C8ShcQK,0
3179,85qyLrVc1vhsKCfnNXmx,1
3180,1bkniqgYzRMpZ2S5JBAQ,0
3181,0NEsQlDGnUMg3Bew7R1A,1
3182,4NaJQcDbWvdOhM1HViqu,0
3183,hAxZkfOWYgrQJpDi7d1C,2
3184,G2NwvzfD8C7nWSZgaAVs,0
3185,bHT5pg8MuXLF2UZAwxBc,1
3186,JaO8p2qFXjiNARcbIvGH,0
3187,GFUoAi5Rm0Jn1XNlcjrD,2
3188,ejsbn3tEcUuJAqhpgiQx,0
3189,BUJ1dNHsfug3p4AxtCSn,1
3190,j5ybckTn6ND9agqr3G0V,0
3191,AejI1okyfNmhxn0vqgCT,2
3192,7Hpbm3GO2YECvoVQATt1,0
3193,2yI8fF9vgTcO0Dr3PdsQ,1
3194,6WuXimIJaPd3x8QoGUH0,1
3195,Hginatj9xKRWTLDb3Jyc,0
3196,0yBQ5dAc2gN4qx9YWuiS,0
3197,0TqZzRJOeno9NKpHIba5,0
3198,FiHCdZeLuSOWcQBv8yKm,1
3199,IMhunfg5toLaeisPO03J,0
3200,AhiDaKuve0wcdIkz82OL,0
3201,Dc2oy138TqL6nzvtepOa,0
3202,cquHZ28hReUoI4aJGKin,0
3203,4Eo8QvuZFWCBR6i0rhs7,2
3204,Ep1cRwezPyQsAL7GMmlF,0
3205,0otC2dSxuGDzY6XHLkq3,0
3206,C6zmBoPQ9y38n20S1hsR,0
3207,gYcty9D6xrqwZ5ChJBQs,0
3208,ieywoN1csjbd48IgVlqM,0
3209,fDVZY1Wms3GePEk98Uir,0
3210,i7bf4rs8NXY5L0D6hzVy,0
3211,E4eSC8pqYdrkWfBOtFv5,0
3212,9etf3m1LnKEFTNoSj574,0
3213,eJyCVaGpDWgqL4uXv18K,1
3214,je0Ds6Gax5oiTCmPAcBR,2
3215,iHZnpXNuLTUQtElFz3jr,1
3216,6kgpyCID8l4Pw7BYHTjM,0
3217,3f8ms4TX9axOB2zjCQuS,0
3218,cQpOT5jn9b2FuweAsNxl,0
3219,4Qcv9hWIsmBX3PUNLltT,2
3220,GuQ1RtmZ6UMe5J4PTqgE,0
3221,E9zHekMCv1oTD6yjrI3W,1
3222,auQidPmlt1NneSZ7FRjs,0
3223,CkLqJlgnTZ3jpIhHs9MD,1
3224,DqEkcaoC2TuKxgGPdrsR,2
3225,JARHFzZD26e3iQIaCEoV,2
3226,351BNOEjS9pHWAqhJQdD,0
3227,1d485UYC6qhXKrAcDJPZ,1
3228,4KOceFJiZ30X7NtS9IL1,1
3229,2zhCBgyKOjI10uYixDAZ,0
3230,9NcndSbt1XFgpYO203D5,1
3231,c4G3LY2M7yWAEDmQHgVr,1
3232,BewAOSD3I9tH0s2VLrca,0
3233,AbTf2FDC8Rt0N5vcmQEB,0
3234,G8bXrIAFQ0HYlnZ7eDym,1
3235,ew25jRNd81oLryHW4ZVI,0
3236,3XwBkUPfuGrKvoiSljnT,0
3237,E9wm8zARbH1j4TW7VMrK,1
3238,H8S3MwPF1hnIfqBWZzmc,0
3239,j4dgfzhlaw1exCvbJAQS,2
3240,kNdmZyxTJ7Kin2Me8GYB,0
3241,hV9s7iFoKgMuRTDep8Ny,2
3242,1Cub9LvOgMWkQqs3R2ef,0
3243,bmQTphu5qdLaNjVcAKn9,1
3244,b6tjpQeGi0dIFDCnMq13,0
3245,Caznys6kPJ3DieOqSpcu,0
3246,GD7JUv1IfRuHpneMKaYc,0
3247,HareMcE1jJ3WqsOXDopb,0
3248,e9l4LOuNqSMX0Api7hfC,0
3249,KMAcej7qgX5u9RbTUZ0x,0
3250,8PuImCboM1zNrUSD7OhV,0
3251,KSWPydxjJAYn08HOcM5a,1
3252,25jQ4xItcnbB6Hfo0E9T,1
3253,51NK2bWwuvf6rH7RTCPk,0
3254,0IAlcuEiP9G6epb71Oom,0
3255,1l5V2AwZS9ixLMmecCkp,0
3256,K86VgF4pZnPzHeSkqhtG,0
3257,G75QxhRIoP9Tg0KAvLUy,1
3258,81IgT57cylMUNGbLkiqm,0
3259,ECzKJTQ1pj6PDIMnXx40,1
3260,JVykPqaQI54ZfizrLeEF,0
3261,6GgdCXPL2Bali0f8ZFkA,3
3262,3KULnNj0pW9RqwyzXHIv,1
3263,0l5IobyKpuqcwO4NxfgD,1
3264,2F6ZfVCQRi3vrwcj4zxL,1
3265,GxnCmdTYLaqXAc7F9zUI,2
3266,HSAm6wFQNzyb4GvscWoY,1
3267,fYUD3GcsHp2JBE4Meg0Q,1
3268,JBGVawO7uqtxM103PbNy,0
3269,erWsqub0mkpO1NyCoDlB,0
3270,adxTjKLeEt0HFnUJq1BS,0
3271,EjLnZ7ke8hyYIqxlJXD5,2
3272,aFfPxALrmCl3nR68GuqU,0
3273,cgjqJU4OnlGLavkNKQmX,0
3274,Bm1b7W65puvrLdECVkay,0
3275,IR2aS8pG4mbN59ZjCixk,1
3276,7v9kY4e0qjIalb2C3Hn1,0
3277,ivrudVW0BGmSOlbqH6MY,0
3278,dFTCW2EBnLVs3OK5ceHj,1
3279,c2D8ZvmSAngyhtJdp7Fa,0
3280,EHroh8QusMvFbPqZ35xa,1
3281,16eajI7F2vQKhwi9dM4O,2
3282,aYvLmPcHznMh8w0uFDkA,0
3283,C5MzcA6N7yxuQfWDOgoU,1
3284,dNVnhr0jiTPeY98JGZoQ,0
3285,JbpXH0NYnFwIrzd2fAoW,1
3286,E9oGIQiNlMZgCKxSW8wj,2
3287,BnV816lKPX7Mt4r0Wmvg,0
3288,bSEPTYjODGy2iZfawId3,1
3289,9YlIvoaQbABMT36ji4Ow,0
3290,cqisapAyIRh9N3MJnkFZ,1
3291,gXZ5G3kB0dTV7UbEpR29,0
3292,2VHnal41dt9Ar0EhQSjZ,1
3293,JzMPiTrOXauAZQ4NkbLG,0
3294,hwb7WlKfRcgA2CVXHPYv,0
3295,h8a31y9YAc5CUsT6JISG,0
3296,ATI0r3nmuPxolGfaqVFZ,2
3297,6m5RYe3dk1nZFzHOEq7v,0
3298,6GbjZn4wEtWSkrJUzoVc,1
3299,Ea9zrA0G5hdRBDt83LOI,0
3300,Ewqh9mNWcFsjG0fr5DMB,1
3301,5xRWbQ4TDyvmXr8OBitc,1
3302,AS0PvEt6Vul5aKUif93c,2
3303,j7UqgpTCiRr1s6kWHvKB,0
3304,FdMkgDZaeJus2vTPIxGH,0
3305,jmw9eDNhFgEXaOubnpxC,0
3306,aitshTGMD1EnVb8oAIzf,1
3307,bL63tFHUfNwMiAuvcV5l,2
3308,A5kpVrwRnb1UKuysi6IY,0
3309,bPjNyQd5VM3oArFuWUge,0
3310,fJNT2dHWa6CutwoiU9rV,0
3311,HmfkVjNUB3X9wYzbKWag,2
3312,CDcigxuZ0fYMlmz5ep3v,2
3313,6hRaK4DkcXoZfI32BzH0,0
3314,CFGSoiZsTtUP34fk8lhN,0
3315,firgjUSwdqCOTFeAK5xu,1
3316,0itbI5mjJF28ocTkrUf9,0
3317,6bNyjTBJFmHOoiXYZQ3W,2
3318,b3XoLNJOsUlrzcStWxjF,1
3319,3OnsTxklQ4ei68fEDdhz,1
3320,B3PKloCWhEZ8xTHUJbaL,0
3321,Edy18zl6pisInDJXu9a5,0
3322,iG2A63TItNdQ1XZyuLas,2
3323,iVpCDGotFUS5fMHOz9qA,0
3324,jy3BzhR9UfMtuVeICmkQ,0
3325,9VwJWL5a42R0DtU1jrHk,0
3326,4dyK0YWPvuOnFmk5b9rS,0
3327,1I3Am5YxgsXpDh6BLHTz,1
3328,1sBx73EF2kMvHGZtNfSK,0
3329,04hSzLv5s2TDYPlcgpHB,1
3330,DdQMyxkfHuoOFEURZTBi,0
3331,AK8ZjCh1nXIzygf2s3Tv,0
3332,HPFuImzhBojSq8EKiRnO,0
3333,gA2keFy5GKsjdpBriL7M,0
3334,Ewlc6ehLbWF0VgJdOfs2,0
3335,4pRhWmnacfFAsg1HZCbO,1
3336,81BI6Ky9bfr4CL3TUkFp,0
3337,7RwQrPuUbtMo2HzkvXps,1
3338,GZ6Js1Ma8A2OXzqdlUxW,1
3339,Jr3s0Zc7EDULtVAyT4fv,0
3340,kDyOh6d8WQNTEoxJYUg1,1
3341,f7DNTFHWLuadOVhZmpcn,0
3342,DnptPIqdsURyYA5jkKTo,0
3343,2Tlr63msziCjLuBtvZDa,2
3344,jVEk2G0fyQUiNWbxAzch,0
3345,cxHojJW4LKR1XOMPf2Zb,0
3346,juYnlMbR7SmyqDIPzZXO,0
3347,9MKSaiLY4AtGDZfvRQ1E,0
3348,46FsZxPzIVu87hy95CkB,2
3349,IrmlDPzxU72SNhFbWjB8,2
3350,3nZODLNAGgEF76dck14t,1
3351,C5RGotXVrOxI3Np8g10A,0
3352,iYSNeF167B0Oaslf9Kb5,1
3353,8W23ErmftGwoBqIAhecY,0
3354,d2NmrintQ1WvMlfRGZ4I,0
3355,0IMUKlZs1Sm8LpGRkWhT,2
3356,HsVToFPyNZdRic2hfQgA,1
3357,1ESMN0Gc6wRmC9BFPjWy,2
3358,dvgWEDFtuNPLUfc8ST5e,1
3359,CvdWjIn9A4GkBbp1HF6T,0
3360,0M7aSiE9csDzkmfKheVt,0
3361,1GQ4lzmoS3P96jkAKsRn,0
3362,cwPNTvn3zIrJhXGKlaDS,0
3363,DwNQdfBUbji2WRGn1vLE,1
3364,AUmTl2kEfiHWjJPdOVB9,0
3365,bky7Td0rvnaJqzIjEPVe,0
3366,iI3TgAon297OdrqY6CB0,1
3367,hKfRlZvEnex48Cu2qzFc,0
3368,JXbBkuvnYF1tCANOlZy6,0
3369,6tIsGFJl0y71S2WepLMB,0
3370,eLIcxWgPOwNnD3vQXSkf,0
3371,kcRZAg3mPeJXW94y57dB,0
3372,gQUkyb9unAj1ltqeFHhI,1
3373,2fBiOgkxcmrHRInXwVWP,2
3374,5mcXAfSQWlV43hb6Ns1d,0
3375,jwJRB9KOeGsc4ME7WXuy,1
3376,09bfacpUzuBN5W3S8KTo,0
3377,HDembPkLujCsic0oYQAp,1
3378,bv0C5hAytloHIWaUG6r7,1
3379,iH1NpT5djnMa64tzV0yP,0
3380,ADeT217ZFlhNGQJV4mHk,0
3381,DbAU9EVq0yd2C5cw1ihM,0
3382,HRE9TjDJgZl6LcuV7yKn,1
3383,GrfO6bXRtzV1o78SWmC9,0
3384,eu3NlqHJxfOcWkZIR87P,2
3385,JHD78B2ZYFw9lNqSKjsQ,1
3386,CUTtRjB9iI1Krdz68h4M,1
3387,FWmHJkilr3f9wGYgbysv,2
3388,2YiILGOvJNDhl8Acw1r3,1
3389,9ml614yxaYqeibfruLWz,0
3390,AlkG3guJPUcqyBadfMFH,1
3391,k7pFAZu4qLvW3o0hNHPf,0
3392,8Z4wSKyUQznTifm9hMbl,1
3393,05EeG39MTRrI6VY21DPd,1
3394,aRSepuWwyvZLgfXx8m9E,0
3395,cqdUoQDaZfGkt5ilBe7n,1
3396,JRgoPbLy2GVQzsUdKmkj,0
3397,1yx5iQYgClzaUEIPdLJF,2
3398,G3sXTkHj07CSAKW84LQb,1
3399,D0IG1htMFaB5AoTQRXOe,0
3400,g7qEpdzW3mhFL1Tf0kHV,0
3401,GYz7KAZtw21lqC9bHP3T,0
3402,IyrwUl0Mb2ODRgcVJotp,1
3403,FXGvem2ls1xYbt7rkN3u,0
3404,hv70Fi3rwKSlcsq6DmCE,0
3405,hbrnNtGHS4K8QFIy9jd5,1
3406,enqtU6j094EJFaY3MQoS,1
3407,4ACdoN6gKbsxJfklGT9Z,1
3408,hKAr4wivTe16ZOcWp08D,0
3409,csXTGQtRjwAfxHIho25y,1
3410,5dNsph6uJltkZMLzTP0w,1
3411,2L8T9IgSrJs7mlF5PueZ,0
3412,6vAwsqP5nWgz9Ri0L2EJ,1
3413,HiRplL9qaYo81yeE234G,0
3414,4QVwiS1jTnsztAvr7GKD,1
3415,bSN5cyA8a4TVvLxBGtfD,0
3416,czJZ9CWIe8B5T1lNXhMf,0
3417,4bEmQThjKsiSPcFfzv1q,0
3418,ASod6eiQyz17bRkglJ5q,0
3419,dsqwmviX4YOERWu59MJ2,1
3420,BPx2oZdGwasJRukQDzpn,1
3421,JyExpTqVMmeA2wH0FbkY,0
3422,JfvwSRiNO08Z4X7jK1qd,2
3423,1aAwe4J9VHrsq8uEoZhf,1
3424,GKHQIcajdxPpbu8ltEvJ,0
3425,7BNLHFXEAJRS1bwZxziq,0
3426,COArhIyT2GEJ5Bz7dVQZ,0
3427,bazOp8SLuGgisveCP0QI,0
3428,5QdqPwbTmEL9j6DR8poB,1
3429,IpNGJ84WE1kguZ0tKAPn,0
3430,CETtQuy8HPG0VzD4ndjK,2
3431,DYX2E3otnwLK1cIebNuJ,1
3432,IJ7PHaulCRySGjKf0DEt,0
3433,IMx1nqKaWEz6UdVsuewA,1
3434,6ml5DH9TvnIiKReLuP2d,0
3435,BdonVvH3SC2IFgc6NQTh,0
3436,DdWUEy72LmqkaQ1luYns,0
3437,BMmCz4hZdgYjcbQD5oai,2
3438,EsBRxv5MTp296yaKkwjW,0
3439,DoEYOjCZuGA3x4JSgW5d,1
3440,IxDWCHO5VF02Gl9YqsnB,2
3441,h5ZBNR8Ag9YMIdk0Plt4,2
3442,15EAacDsS3Nj9lQTfLPu,2
3443,DF8mJsVZeA2E6INP03vc,1
3444,D5wceyp2lHBF8JP3qz0S,1
3445,exuybVnG2JL6rKshkRg4,1
3446,E5LABwGCpSmbsKQ40Vlk,0
3447,JSxm4ulB0DOcHZKvkgT8,0
3448,edfxgVuFHpUjQ7wit0Xm,1
3449,kaC12G6AcH0KgrRY74O5,0
3450,Av2JeYcnT9E5GxQ81XBN,1
3451,4hLqKPSOyopVZMeU3ckY,0
3452,2VhINMP4oKmsnjZkY38U,0
3453,ATtGj0H8kfzoENUwnyhL,0
3454,IPS2LtDTghvn1ledpo9f,0
3455,2ro1jNXETKMPhbUzdelp,0
3456,IDqzFwbkhjylEV35KGmv,0
3457,D95QEl8vuaTqdIAszekS,1
3458,7hpPtVH1OdzAD3YwsRy4,0
3459,k8qrhNTAG54fSl6jDtVa,0
3460,dBuCJTrSQLaR8cmVjDlM,1
3461,65fRYHjJXpsLZdb8WFuy,0
3462,ByzLS3siGOpYK6wEut2d,0
3463,JdxPDreW3hNGZljws1yL,2
3464,EatXZFY1SyHpxTDVg5nv,0
3465,J8pNXRP9FacnW7ivEYKd,1
3466,4YyxU7pCh31oAOs8kHgm,0
3467,A4nsFofmGelOp9cKxvUr,2
3468,5CQsuk3ygnTmHKEBDbzZ,0
3469,BMyRblVjoWUws42eSLgc,0
3470,iWd5sag08IpDQFHkBv1t,2
3471,dmHnoVODQABpur6sx7ql,0
3472,EPKSpg8Nue3tGUL6mRxd,0
3473,brLtHayjPFQ5EsuwNhzm,2
3474,1NSfFQ28b0TDh5YGnLeR,0
3475,5jkOh9VRtDcMElf1TUBo,0
3476,aGbul9py8vIL5BVeCfD1,0
3477,f3Cmly2RMnFq57Yis891,0
3478,3ndoEVSf9cJHB7sqC1XZ,0
3479,DIlX3am9iQSYznuWZjMx,0
3480,dRAZE56pjBH8JwFnx9Uh,0
3481,b6M7UCAPBipODxKLZSnv,1
3482,jKSfaQzPoOmT7np0IsuJ,1
3483,DsSCh58cwF0k4KjH2gvz,0
3484,hdYWDuVTnF3kPv9CI4Er,0
3485,9H0cqUxpRSrntadmIJy8,1
3486,EKzas0qTBM4n8OxgHYX2,1
3487,8ohWqdb6lXNZU75AsBc0,0
3488,AncaPV65W0ugYNvEohMU,0
3489,hS8AvgErJHmtROy0iPdX,1
3490,Ce6ZVRzOT907NYXBqD4r,0
3491,az6odA7FxHkJY2LImbt0,2
3492,BMJR7dhFxIZoQUXpKTDa,0
3493,GgmARFo3WxUZ0KzuCM15,0
3494,81lKRfdtTgnpWqIUYMzo,0
3495,2LR1cT43f809ZG6KUd5l,1
3496,1TVNfZcvR09FtU2aPdxK,0
3497,C7yp8ncuAdNBWiJ6PMa3,0
3498,aE6dSw0lysO8Qn4cf2FM,0
3499,gkE2CmMqQtSP3JI6ZoHU,0
3500,h1gS8bA0I3xJoX5zVZ7U,0
3501,IRp87lKaGeXTkBtJS6ji,0
3502,0ZHV6acpJ9KkAWPjEI71,0
3503,Bwqo5fajvyIRE3DKzSx6,0
3504,KpzMHfmGQJbXN92Sdsyx,0
3505,8I5jZWSKhlV2k9HqpOuB,0
3506,0UcDbq2yojiThfdLRNS4,2
3507,3wUPZJets8k6V5Wpo4RN,0
3508,8lW0SucRGF2OTNLe7KZH,0
3509,bjYnW35luS8H4QGpr92E,0
3510,iowRTFnvHWejpr4aU3b5,0
3511,FawWOxhrVe4ysCXLkA8u,0
3512,9AeVRcUy4nGNCjL0WdKt,1
3513,JmO7iq6nVLPrjH4z2UC9,0
3514,hlTCsg3kPWYGzJAcLBK8,0
3515,F46fOgshIUrvDZWuYnCR,2
3516,C3Rd8zrwsm1FeSWhou4v,0
3517,2xXOy0GfquKYWIpsPa3n,0
3518,fZKYVSJadnFIhu5TC4Dm,1
3519,fpz9MnLHRN0ZcByxkXAe,2
3520,cCbg46N90ykYJxqK3tdF,1
3521,8QqTlOsYx5oLychRPgX3,0
3522,H7YIF2QMS5JfO3cR1zxP,1
3523,j5COuQxrFWbLotqA3GE7,1
3524,7rFfuChDjeTMzdLVYJgW,0
3525,hu5p92KP4bYzdOkyIoNU,1
3526,6aJfSuh4VDxrOtjGqviC,2
3527,CrNOE3bTHv7JXhBipFcM,0
3528,Bp7tlyMD5zQI2U0gN49E,0
3529,4txzUmCskIHWrpBgLZM0,0
3530,AGgJTSxpu6rR8mayOhDz,0
3531,dSPzTKHQtaUNgG5w2Luj,2
3532,btAy2hf1qLaTpzVPUlxe,0
3533,CwWxDrGOcAg49R03v8Iz,1
3534,D4GgrKeq87NxjnyvzkY2,1
3535,c3PhRtdH4SuDyLWNQXa6,1
3536,0iZTHuQ5KMb4RtAlrz6D,0
3537,6ZP1VR2mkrjTtxJvS0h3,0
3538,Kan1JQpD2ZAuM4xv3tBc,1
3539,d8HuwQGmjUDz736eFYrM,0
3540,gwjhnyxtd8EsiPb3mkCL,0
3541,j7EMTLk2BV1upcU9tgqa,0
3542,I5PzNTDtvWsK76fBZaGL,1
3543,fnQdUL3759Yoik6sFA1w,1
3544,hECVdzWU83LJkc46iGMR,1
3545,Jo234aEArMdiRlQSD8g0,0
3546,jruhTVpPOJAywFSdmcs5,0
3547,g5C0uJOdZH1mRF8znra7,1
3548,01SuzwMJEIXsK7A8dQbl,0
3549,4Rbo7BA6vqyfMcIJhdzk,0
3550,hsopEiH3WtQcLxwGjNy8,0
3551,di5lC6uMRX8hJ3BQtIVf,0
3552,i7CLX9fEoxgIDnrS2Kt6,1
3553,5chuolCpgextP9bqGSBW,0
3554,a3Y6cPAMIQlVpf8s5S0C,0
3555,JLS67VuPi0hyto3e5g8w,1
3556,eKbBCxVTnXJWySaDrLwG,0
3557,k2wvGcVaD65ZSeHqKtim,2
3558,58h7Q0perUzCyg3KHZPN,0
3559,A6TX0OzcSq9BWrDfylNQ,0
3560,gQIhxTb8e2YmcACas75l,0
3561,F0sNpT8XAKJg4BvwxZPS,0
3562,1V2h8lnzeGiuxmHR9k5Q,0
3563,iA742pGJPEXIWt0zlUSV,0
3564,djK3pcVGIDlzCbT2wrYv,2
3565,GFblksovaPYLI5XeC8RU,0
3566,0Q4ALVSRnlHUBjyOb1sw,0
3567,gj9NIhpdqRb8UcnEeM6P,0
3568,HawOt4hzSPJyk6egrKfv,0
3569,i0OLrWBtKpRQPv4J9fhN,1
3570,5R7IHhyprqkta0CJVLdF,0
3571,esXbGRDMpEzTQV5gIiaU,0
3572,1UJIV2ntdkuWgzvFr4pm,1
3573,CQBGfcqo9wWzUVDA2smx,1
3574,jz61IKlwh8tLe27qWUdk,1
3575,gHUIeo45cqWZX308K6km,0
3576,27o93DUCHcGPXdTxlNwg,2
3577,jCyKgqf4SF3UD1HIYJBO,0
3578,cAPwa3zSIr7lvLVMpE2h,0
3579,783NTBAd2k1E6wHDGjiJ,0
3580,2AkLpJEONXZSefoC0BgQ,0
3581,kg1ZDvKAN9CyWamsRIxi,0
3582,FmV4kRyzJeWnl9aEjArv,0
3583,2TtDCQBqdnV314lNMxSk,1
3584,BNE6GShMglcenpr4KAFq,0
3585,Hl3iXz1IhS69DCANfRVT,0
3586,aeEpJKzLA9OhHB0QTbPN,0
3587,6prXgmtMVs7BYvPL3ce5,1
3588,bxED6RSpmnWV03kyMLoK,0
3589,2NlbHE3LTPkmvV1COSJ4,1
3590,B5M1QJjfpUbcaG3kYX4m,2
3591,7IpfdG8WOkLFojV5bwJr,0
3592,DMjq5z4vmgwOaE1Q2XoG,0
3593,I0LV7EHCRo4umibQ3qpw,2
3594,3cVtgyQEUGxJ6n9Rksl0,0
3595,enD0hZTwMtLNIW2rB6GY,0
3596,8S9KmFuU2iXolxvsdnq0,0
3597,D6b9fCwnyHXaipBtWrK8,2
3598,0BLbmzJRkjNynCgQIdtV,2
3599,DCbTkH41EJzSQtLAVFmp,1
3600,GTQjgZSf6328a5et7wNR,1
3601,FATC6c217RtpuGiV4bZU,1
3602,5MduI1Bv3KD0ZkHtm4ol,1
3603,3CWgqIP4MTAXY0Q2ef7p,0
3604,1ym2nFJUvlZ4zAYBbwa7,0
3605,HkL72qMuOcp0T3gWahnN,0
3606,8r7OAlKjc0vqsthT3UF6,1
3607,4HGxlXJ8Ncy2Ri5az3o7,1
3608,2z8s73BXN0wqjOUdtJFD,1
3609,b9AoKd5WisSgXzMlkGCY,2
3610,CapXxuGU0O7c6ebzfBRW,0
3611,4QHFOZBpgUjaPAu6fXrC,1
3612,jDUlGX1nR7eadfkBEoLx,0
3613,cTt7qy0B8upDkdwJ5g6h,0
3614,3CwcNOpIWJsBERGPHVkr,0
3615,EJOGkzrY3FVAtHgmKicu,0
3616,5edMuN6aRW8wUFPLQnqt,2
3617,aGCAeEkBqOowI8JTZNrn,0
3618,hktS0giJvE2jeDBoqr1s,2
3619,02K5GMYITj7bBoAisEmD,0
3620,6tMgf5pGIsvHSn83WZyx,1
3621,26GkX7dIghv0w38A9ZzF,1
3622,8aMHw0YO5ILJ97eduP1C,0
3623,bw3g9UF6dIjnexWSrsY4,0
3624,GESoUiedANRy0jqX59Fl,1
3625,E1rBMI2bn3vDA0OVR65f,0
3626,76k8OovtGLQ5xBJKuUHb,0
3627,GFdy1EXBLj6k4ceIfvOA,2
3628,7GsWJqlM3kCt62axD5O8,1
3629,bBw96PZreoAt8FEjJ4Rs,0
3630,5LFfKQjM4c1TNgmrEHpX,0
3631,4vA97aYWZbpPSlTuircQ,0
3632,2tb9hEeGUao8nTrIplZJ,1
3633,1i2SThtkCGEplHeoJxqI,1
3634,hplxP3Se6N40oMBqY81v,1
3635,97o6x4ZILtD8bJsd0EQ1,0
3636,0IelgX5H2s14KutkEyNU,0
3637,jxDGoTHUWQeLfakytdO5,1
3638,5ceItS0Y1RjbXrhC9Zdg,0
3639,2b8y9vDX0GjJnC5qtcom,0
3640,ihbKdvnE3kJf0oTz8s9q,0
3641,jEANkOKRWMIL6wDP4elt,0
3642,IqNLyv6Bw15TOQs0JPf8,0
3643,e1UvAFY3h0J7n8MdL4EV,1
3644,HzGMQNh0jB814iA5DbYI,0
3645,6q2Y5BOx8RoluXjA10se,0
3646,dWF5Zcz6wUv2gxOrMtK8,0
3647,5NyhVH1xZIwS4CFu93Rl,0
3648,jn4ALqJUE9u8TPRyd6t5,1
3649,0FOXjzmnD9CUMVcSlEqh,1
3650,31q6gcPKtCp8EQGj7yTL,1
3651,4Ng9bkRyYcl6GWzePs8p,0
3652,iCvAxEGIW5wnpmhfNK2y,2
3653,b65rhymZfPsQ4Ctqjn3J,1
3654,dAe1HUpVzKomkr6vCLGb,0
3655,KsaoU1ZWTfqSFYbOxPg8,1
3656,dPwStgZb4mJYACKDilp8,0
3657,AUHE2QB3peXGCJ5FMcK0,1
3658,7s4hmScB9p6HZfNFwVri,1
3659,fBH3Eg8lVYy9rM0TdIha,0
3660,CRHl3pU1zfuZEojXdGM5,1
3661,drTJEXDQkP82ueAgIitZ,0
3662,HZtnNhLC0wQY2gverD8q,1
3663,9OE0MJmbVG6FtHC7Uesg,2
3664,CYQAdIqNbna5EX31KRvi,0
3665,acmyYPxFCBR5jGoUz1JM,1
3666,bWRYhgXnwv3FLGMCdOur,1
3667,2v1WwXSQbf3RrN4eTG8l,2
3668,8c90RlPJHzhmKp1YZN75,0
3669,buRJ9zQWwTilSgYckpCK,0
3670,kmeiX6z4OhLcWACuJF9b,1
3671,Hx6nJfolcVd7qeXyC0QB,0
3672,4JyQWUq9cs81pFRPCaBw,1
3673,fqQZxwrld3Up98zTKOkb,1
3674,hrB8P7K0OmVQEJz2AqSD,0
3675,jK9SZWNRLUAhvt8o5Ycx,1
3676,6T907yrYp4XJsGPk82Kh,0
3677,b6v9EtuRPJncx0Os4FyN,1
3678,fTdzEIkhXGAJiV7BqxsW,0
3679,ESqUten2YJiswjZodR4O,0
3680,c8GdFuQO4TK6r3a0UYmC,2
3681,1zb0rkEtweXH7ABuqoM2,1
3682,KBfcF596eUdtViub3ZrR,1
3683,4by5ul19kAEtO7CMGPFW,2
3684,69woQijq5CZfpunINT2K,0
3685,jkHSGXpMO7iChRulZd5Y,1
3686,h1nZq0BX5LruizPw3EUm,0
3687,aAndF7evKuSX94kxBWDo,2
3688,BvU3AbFVu1awtI9QGzhR,0
3689,7NyOEfMq1nlsaVHhbpQw,1
3690,bLNRehaMlSUd19V68ugD,0
3691,3X1RZPbneqjVdBU5St4x,1
3692,90jZFCThBQ8HKsDxzywY,0
3693,D0NQOcIT94lrkWxzyaP6,1
3694,2WVTfRnNabH41C9dqzDB,0
3695,B1tSf4zOCleLVdT8KPFN,1
3696,IumK1fceOqnGjAzPDrSR,0
3697,ietZ2N7g30pfdSvn6OxI,0
3698,2AiNV4msBIWd51whz9Xp,3
3699,03nJaQV6K2ObICUmyWoR,0
3700,3rf7KJiPd8hIZ645wBVN,0
3701,hUswQjfHbyK0z15ZPvix,1
3702,4KhBDXeMgWo3OfRsyGj5,0
3703,7C3msQWn96FlYTj1wGSc,0
3704,E1ALI9eYXgG2Nk0HOoby,1
3705,8TAOkFtnREagx32HGdKq,0
3706,35B8Vh0Q9k4STsiCtKx2,3
3707,HWYcw6mKFXI9ABCz5LPE,1
3708,jEZkrOP7GayNmiXdget5,0
3709,JvK5S9pskb2IaXBLHFz7,0
3710,6SpFHDUdJql8rbcZ0YIv,0
3711,B6dzEY3kKIn8me9McfGg,0
3712,8msTxABp5MqdS2PcyCQ7,1
3713,Jy0NTuqFlpx6LnhIXWK4,1
3714,F6BIw9uWHcxymC7tJsDM,0
3715,4UoAE5RzKCHVNrm2YQnI,0
3716,2cmq9yIzWOA8apYwRekT,2
3717,JAB5De4OMltSf6IKHo3Q,0
3718,iH5f4orQv0Z3xAlIsbWh,1
3719,JFuXwQeIqjPgyrWtcmUk,1
3720,29Gyianow1P7Zl63JSDK,0
3721,JPNtw3z5pD06EAd94oxh,1
3722,c02hlI4zUA38QbmGDw1p,1
3723,cFa4U6xqeVW7liJzMQk0,0
3724,5hNHEkrKFC0ufonLQ2d8,0
3725,IeNRm6SYBKxiWPsETau4,1
3726,9dcf2PlYWkyq7aZpge6E,1
3727,EI4Jgyofj8CHR0ts59Ur,0
3728,E0NXAeY94PHxfbrW7KLi,0
3729,F0N7nEHIaOfxj2kJzGXd,0
3730,eWEdpkD7rq68HxBKzXRf,2
3731,AW0UlrFRqepb4aIKumQv,2
3732,aNfVk5qvcY9WFJm6RBQj,0
3733,bN2RltqHMmQVzCD9705G,2
3734,9MUbAjTmtNyZ5cLnlxRg,1
3735,9bx5RUkH6CZzoS7OXmIY,0
3736,j2wLH4fBoVF7rJK0ks5t,0
3737,Auv9HCxOZViJnjMaSIt0,1
3738,3TBSm5IlCVEyQY17kJPG,0
3739,i1hsFQal0fbxepMygR3C,0
3740,hcnS2PgZufMNXtQ5GAz9,0
3741,dRaB2bOfylYED4WeFzIK,0
3742,hCP3n1Ws5IRjMAoYBufJ,1
3743,JGWcpmPRBEtarqZK4biM,0
3744,Ciz8f6xSLwjMPsmDROdg,2
3745,fjbqGwVH6ANh5CRluirI,0
3746,BqhT4IuJponYPSKRxk2Q,0
3747,8hDqJsmCXLNYZb1MdGeR,2
3748,8zYrtD6gFwnQT3EvpUsm,1
3749,JYHewAqbWG78jOvmp6rh,0
3750,aD2gkl7RWXm6rch3zeOS,0
3751,BLGY8Ek5f4JlhOvIXxz2,0
3752,H8P4UObGjAITtirg3h6c,0
3753,JzqSF8afm6XETrWbLpHl,0
3754,HWm4MwL5OiBZ2N13KxyT,0
3755,CRE1I6YFrgafy9sP8zL0,2
3756,8MFRorIPmY0iKq5Wz4xB,0
3757,a0IC5NMWt9HkBdfOZ8nK,0
3758,3ufcA2y6mtDTZFXiIoL8,2
3759,KFNC4Dl2LmXM0u8iAdYT,1
3760,8UhJWnK6pLDHAP4gt02r,0
3761,ektKGDCrclqfQs4WR7U9,0
3762,cBTaW6V7hrS5fKgJvwjA,0
3763,FV7sawPxCOQ9Y8jMAGir,0
3764,9fBojynHeYEqz5rxiWbV,1
3765,GTdj9ktEmJCRqwfncOQg,2
3766,HQZY7q3BvjlrANFkcxT8,0
3767,BT7h2e3AcNWn6UvO5CIx,0
3768,Fa3Bwj8M6UoYhZKimT7E,1
3769,3fxHsVZeOikwBYzM5KCJ,1
3770,6OaQhmCAoK3e8qH7NrB5,0
3771,IRvabWSMkDe8pxXVLOrh,1
3772,DI9lm7HsTY3fNGWSZAVz,0
3773,2qSURceVYgQEhOFAdPXC,0
3774,Bgd518FpSGfwvekMYxUR,0
3775,C0YjaU7beAW2IzcQVtfr,0
3776,9kMOTJlI0c5aU6xzYhXg,1
3777,eSHkVGdM2AQErUmYy8gs,0
3778,Gh4gVXZBCHSkjTDLsMlt,0
3779,h2bGqACH5pKZtoOzMVRJ,0
3780,2ctFLBsIi5wEPAuXKxZv,1
3781,CJz5HUGibIM7WOX4KDmF,0
3782,ixblgAhzj1nEso30pr5V,1
3783,9nNFOagEhDXlmGLwIRJt,0
3784,3Fq6Hra0DR4YuigChWel,0
3785,EiG3AOTeXU1659IJMrjv,0
3786,dMVkBwLu3SRhqrIy7Nop,1
3787,5vOCHATJsXhoGSbrteLi,2
3788,AtwHzolfjd5PGZrOFXY1,1
3789,GuX78SzhflmoDd6CTHyP,1
3790,aud9U7Xni4qS0cTrmjOR,0
3791,EXuotaW9q2Dey35lATQf,1
3792,eRLxnaXMKOzUtEjvi9H2,2
3793,IBwigS1GXp6RxhV8qTEM,0
3794,GZDBtHrSVFvM2cC5dEL9,0
3795,9xo84PyBYen5uj1XTiZO,0
3796,426c9FYfeVQbJnygpdKH,0
3797,GF8K2TW3s9QUjRzxbr5v,0
3798,jbkwtqSZ6HavpN7Rr8el,0
3799,47cdjy1YmUt5nwesX0qS,2
3800,i6GulvUznIrgyAjRE4YW,2
3801,DFa10InzoL4TukWtBxRQ,1
3802,GAvItLYkN1s5nPyE6drh,0
3803,8lGRJnmTIx3geu9fyFSs,0
3804,hNboYglQSecVZ1LntIGf,0
3805,d7oLya1XJFWjEpRzmGVI,0
3806,dfGtV514uRhiHZKDIE3B,0
3807,dcXMOYwoFIA59iRfGST6,1
3808,cNqPy69uQHgF3DOU14G7,2
3809,DY2cQNXStMAUvr8gkEqb,0
3810,aK4CPDZf05uQiwn7Or6V,1
3811,dwBAfDK5Y7SQoO63qxMP,2
3812,jCzu57r2voR9A86hFgHp,0
3813,BP1nuwOygHtXK57Ymdb6,0
3814,em2yvftixEUbhOT80jR5,1
3815,1Skcwz5YxWihMqIyt30X,0
3816,cTt2FxBW3NsAd4LhvQpn,0
3817,jUhyVv6x9WIpHTmFutba,0
3818,A2gUkSIVKnbjsDfdJvwq,0
3819,4bdcgZYPyMtlwOhoq7Dx,0
3820,B063Llt2F9Qpr5ORSbPJ,0
3821,596okG3UjnycItSXaQzR,1
3822,5QjzywcSG4XLhNRt8unq,0
3823,cQUBNJXtAuLKlFf398Co,0
3824,1MjkqlJ7L6EoAPXb2fKV,0
3825,e4jdKn6hHpiNF1Rtv7xJ,2
3826,3jOsiEDPmx8bA76nGKVZ,0
3827,bfkwFMeNh1t5dCjuyROK,0
3828,1nv9wldWsg0fU2hEcKb3,1
3829,kQsiVxDbAXt23wRWal57,1
3830,1xX6oSqvPDVs0AdlI3iB,1
3831,0MpJYhdbf8T7InoqcXr1,2
3832,FTofSxMVXG9wtPrRuIzQ,1
3833,I6pNbzORLrq8uG0cCJPi,0
3834,f3ESKUTJrxZQ5nBjVPgG,1
3835,ctum3yBP7pIQ1W4U96Zk,1
3836,FNkpTvc71Vo3R0UzSLeA,1
3837,5RwWjtmMKlLiXqer8fHG,0
3838,857rChkgSJiFGI9Zu6Hb,0
3839,bzjwRuiFHZyUTeNvCDB6,0
3840,7RnQ3Sy8cEZq2av9oTw6,1
3841,2IyqEP09z683Sx5XWmao,2
3842,AtMdKfnuLBgoj17xEsqY,0
3843,0yjkG4BHeCbTimIslgr7,1
3844,D5Xw4lat8OPszQYGLn3c,0
3845,DNmcvMG3LHIbr6zRed4h,1
3846,9joLAv30xuTSM4fqNbJZ,0
3847,cEaWDOBIweu0jkQUNTLH,0
3848,afdzA0BVnQ9hPYHlLiN5,1
3849,ImCo1Zy8OsF6VXY59Bk7,0
3850,EIl9Q8FRt6skSYXTzCw3,0
3851,4qp7Pt6bcHkjuQzlgN9R,0
3852,EJ2ZomyQW0zLdbxTGVvj,1
3853,jQqeMNUahpkbZI18c49o,0
3854,h5vYpXNJjs0qRDVyF8Z7,0
3855,4EkPyotphi7jl8g3r2JH,1
3856,GxcE1XCeU35zwFIy0ALN,0
3857,jgpTUqt96Bv7i4xcIGzF,2
3858,1KB3Z7gd5aN4Xmx8W0sf,0
3859,h8N2BCGYqs1mRnuEgTZi,2
3860,dEIhM3zraJs4P1T7FiNw,1
3861,BqYN73KuycOixJPpHrRz,1
3862,8gAIkDSGYVM6lHndjRyU,0
3863,fuqLYmHD3tPj1cUTSGJN,2
3864,fZ1FK4ACxVie0GnjQNps,1
3865,5c9nbNjd6TxmDfP4Avp3,2
3866,aMs9Cui2L1UNhb5y8SBH,1
3867,cVFaWK1b2dBXCho37sjE,0
3868,8lpNWeqHu4x5TgdkByha,0
3869,4NnkJueQdl9yX7ITwZKY,2
3870,8U7ztLHDNnSmg3f1Qr2A,2
3871,BRcPd4zStO9XVsnayUYw,0
3872,3IZHa2xXVu6KrgNoPd9W,0
3873,AjcG8xW9vROyTZ5Y4Ukf,0
3874,0hZqVRKkw7GfMdpalLiN,2
3875,dmWXiZ4u3OA0Bj1Ea9gM,0
3876,4Mt53c8yqLWdVzrUoFOP,0
3877,CwYe12tWOHxFMZ94JTzy,0
3878,GWUj9COuPeVEqM7TmlKs,0
3879,7hvO3rkiLUtM0QpfWGn4,1
3880,5KfuVTyz69F2EPrZQ7LA,1
3881,3YWpj7bAwzmVGBdiRD8f,0
3882,IEwuJXUxOQSMLFyH7k2t,0
3883,g8WEey5iY1FksAxqrdaO,0
3884,bPdakDAsN2lrf7XFtxmM,0
3885,Esg6ijhbT8W9tQmcaH4l,1
3886,fb20wREH54P1LUKWNTn7,2
3887,IMDdcNTh4YbE8XOkyfWZ,1
3888,3FRuYdNiL4ye96gBoWK2,0
3889,58FUPhL3HDB0xZ6VMfcG,1
3890,CdYceuLQB6SEz03mNGbD,1
3891,0YIPlyX3fbNs2ntJRGgH,0
3892,FT2MUWLyVQ1ERiCfgckH,0
3893,gCVdj7N0JfPO2Yuh9Xp4,1
3894,9CmVcAJFvbtn0aIZRdNf,1
3895,ihtV7FB5cXINJnSzflvO,0
3896,8iDWJ4yKzNSAQjnxwO70,0
3897,HzlaKhEW2n6x0FMBqdCp,2
3898,BvwxC30DRuqGQag5ybjn,0
3899,FNKr36t4qTZoy5veUDRm,0
3900,27Efp5CXAwqtS8NkKHGW,1
3901,d4lM2k7aq1RwJuTpgO6X,1
3902,b9PJ5cCeBG6NOymu3pfX,1
3903,GTEkXN6RtcSMs2CJo3dg,1
3904,G68a2QiCMsvf9JUWdlND,2
3905,k3Gv04b1HUEMmrPCJAct,1
3906,FgNfZ29dIxl83YzRJ1ae,1
3907,H9W6IBvFuM47N01krXY8,0
3908,HFa7lQeGbUMP8hwKTr9J,0
3909,7SYuaZ8je5XbBpV6w0Ti,0
3910,1WJXH29t4FmdcLBK5DNR,0
3911,EsQSLYTmVKNxr56Z41R7,2
3912,JDWPrC4Vh2SevtkYimaz,0
3913,GSsXPyqKvrjZ4cJlO385,0
3914,aOwASN5yLgujBQ7hC8oi,0
3915,Bn3MOp6gHdfLz8PboiJA,1
3916,aM6vieFrUBwbg8PdWp27,1
3917,JnvWzaTAF4NbM2hqXtYs,0
3918,gybTWSU3EjBGpCVI1JA4,0
3919,a63qScpsxBFJtAXjd1nV,0
3920,FkThbmQlgnjGPdV3p8vB,0
3921,JIy6ZgaGtHBAmv2krdKx,1
3922,exlXR3No8750FkhOSdAD,0
3923,jLGqVQ7B0iuS86YPRd4r,0
3924,gdjL7Gu2qxoX3OHrSkWQ,0
3925,Aep5gJWMNi4P2OLaIV7S,1
3926,bI76Nj2rwaBMqJc1FxDQ,1
3927,FPrCDVSpITEWtUyMuozc,0
3928,k5hNijdJSezp4M8gF10Q,1
3929,7jyrWaVeJudkHi1fgPT6,0
3930,c6L3RkStXIpv9JCa2PrB,2
3931,5RdoJbLBOZEpIVrNtvHu,0
3932,fJh0PBLs1RbxtyMGZUFr,0
3933,ITuyGmaJlwE1Yfd6UZLO,1
3934,63AWhQeRZUJP90TEzH5X,2
3935,hVA2zb6ogGrDYKTZHLv0,2
3936,g7EIaKBGoTkcMCeqNXVx,0
3937,4ac5qdOrj96X8SglAGZL,1
3938,C6OEvgQ2n5F93Tjhoemt,0
3939,E4i9AgkcJmVSFw3f52OI,1
3940,HyG52Uc8FNxgk0wnXpKY,2
3941,4ZVXB9xfgPzeRGmW3AkI,1
3942,g2kbzAYTnm8WeHxNhOMR,0
3943,3Oy1Wo7T0QxYILi8mlVg,0
3944,IuXvyBcm6zkGDM3KUiCZ,0
3945,HatR5OEDxJYmzrQqCjAl,2
3946,Fsjef4CM3N5ROl1kaVZh,1
3947,8wsldXc6EzeFC4TNn7Lk,1
3948,ARUDbr2NviE3at0F59sY,2
3949,InrbAZj9cgpitWdaUHVN,0
3950,Dmd0CialNW4ROkqXuvwE,1
3951,EzwfYMsrq7AnU3t5hCDy,0
3952,BK2Osv0kr1lnCpSDUaIf,1
3953,3RrCi87ovZ1Qw6WuygGB,0
3954,BqMf1a4lXre5iLzPZh7j,0
3955,kaz4GujLsES3IDtnXc10,1
3956,5yeOrl2fKasq6BnStQ4G,0
3957,9IRyEnuKQWOrlsY3tAp7,1
3958,bJvcld8YQ9OxDAnwtSfp,0
3959,4vDizRTKFYmXsLA1McnH,0
3960,8zFhWnEwMyZboGIm2Dp5,2
3961,8RtzYSqgoln09Z2LAmHK,0
3962,fRTmEnxQVBYjkUZ0C3t4,0
3963,HJPDtkT9Qv63BiG810AM,0
3964,gnuITJ1G6aZPskYvm3FX,2
3965,AtDzQGnjHw4lNLqJsukC,0
3966,7BiG4ln3xygQPaOqFpXV,0
3967,Byz5SsHcrIRT9moCwNGa,1
3968,EoxXzTHVP6QkujRtm1ns,0
3969,35i2FSK0EnVOmNHpd8QU,0
3970,jwgxPFMNGtXKTYkio0rI,0
3971,Fo3l7eAEM4XDmKyIV9tj,1
3972,8OQSaZjs2vGYXDg9nbJB,0
3973,1F7jeznmCoiBxNdIKsWT,2
3974,bMK0Xukv9xUAi2QSGJ6Z,2
3975,K0Z2FrjYgcqoQaUuOGWP,0
3976,DOi62hCHTnJ7Qxub8ZXo,0
3977,J8bOFPzjTYvQdZlEeSuD,0
3978,6vLBpK5AxaeNHX7UrWGi,1
3979,9fz4PwldU52rnkRbJ1Si,0
3980,dPjnFN3wtkb4i5lsKfrU,0
3981,HImsZwGROPQ91kTiUrWe,0
3982,hjI9pimf05cxRBaKw18s,1
3983,cL0AkjRPF3NndlTDxe1g,3
3984,d7aHABNQz41Sni2XyVUJ,2
3985,3Lrcb9Md4Isugz5alUK7,1
3986,HB6l3Esd2mZGrOwTfYiI,1
3987,a9qc1ZCzupOiSsjHdx8e,2
3988,1P6o3IJetcjyL4pTaXqi,1
3989,jYq1SsZ6hHofN8UdMIy0,0
3990,3Q8Wvm1ceyOhSajNdCUb,0
3991,5sLXK39w4fkSzAVi1Q6U,0
3992,5xzWZR1OXkKjBTtPYVai,0
3993,c6Da2l807vGgAbYnUjPm,0
3994,4InZfrkMYP8UQOaevoK0,0
3995,5dqijn0zcEPgONTLFRoI,0
3996,hsNbP67uBJjwyXVpcRqY,1
3997,JvsW2yaUokpXVcbhlOMu,2
3998,EMo7F2Xe8pgWKZfwhHuV,0
3999,fQmbIDTrZBds8Uu45HR0,0
4000,bcNWH4s6OjFiIqk5pt8K,0
4001,B2G6QYpojbCtZ1DRTcJf,0
4002,iVXI84d0vYqOcLArnTtm,1
4003,Kbpouar84hSgwVWvf1Nk,1
4004,5jqWz0imIyErK3t1RLv4,0
4005,g7APWpl2oMm4fi5HBktN,2
4006,fSWvxIsOaV0YjkB185ut,0
4007,JxGT97ynUebwfFQZvdu6,2
4008,7rneDC6Ng10vEPuicRWV,0
4009,8pm2Rv3Feu4LEnKd7WMZ,0
4010,jscpD6XwlxRVB452AvU1,0
4011,E8YKtDkh0O4AxmGayQ1c,2
4012,cP1LKEImqN9zQ5eXpodG,0
4013,KBV7bhMZ0tNApmdnyYqF,1
4014,6Gl3BHUfNtrFQv5YJOym,0
4015,6JOiKa5LrAtu42TpY7kI,0
4016,9Qmdi8hcX3ICsuwPoptn,1
4017,75IA0ztPUf4HQJiacnoW,2
4018,e5apYjv4ZGERk2OzFly6,0
4019,i0XRVkoPMwK95hfgWAmJ,1
4020,ieCL1F3nH0Ky8rxzSGtQ,0
4021,bsdFLWce8w4kI72U6hS0,0
4022,3kHFsxKyZQgt9iX6ONrp,0
4023,2q4R1FecArLBQfzSw9H7,0
4024,cpdsREmet3FyD1oYZVIn,0
4025,9OPGQgfxI4ZcybTsJo5E,0
4026,2eA8avWyDsI5h0Zrcl1g,0
4027,8n6YCkmUJ7rBLHA9WRzP,0
4028,KIdHiQmorRG90vEcnbp7,0
4029,1pfyGlxvBcaMTNj3VgE9,1
4030,21XVtgk6bMRdLWP4xoKs,0
4031,B2QPoUSAvji57TYarx0W,1
4032,fnB1L8s4bzI5RTAPZpl9,1
4033,fn2sqVuRcbvEH90ZK47x,0
4034,CM53GutBya9do7piSRe0,0
4035,GBpWNc6frYvmq57wyxgX,0
4036,j5V8KdXkywtlSHNPCBcx,0
4037,ET2AayjsGuUHkY43mFx9,1
4038,I0omgqZBxXl4iz96HUDF,1
4039,JflvaIrSi4x0wkjZVN59,0
4040,hmFl23Vv8AQq74sLiuIz,1
4041,CVZd3lhxBFOTqu9K8ymE,2
4042,Auv3RhZlU6tXcdDQjg2i,0
4043,E5CSXfWRKA8yhVNk0LPj,0
4044,0qV43bnIcBDPF1WlG6tJ,0
4045,DJH5ptZyxizQUc0d3q4a,1
4046,4s5QmpaV1GOniI3HL7xg,2
4047,50fz3EgBdYQKMjvinR9w,0
4048,aLiKUXzYE2vSR3kle74Q,1
4049,FiGCD4zX3Nrlo8QPsK6c,0
4050,9WMOnQwLKEcCFyX6fs4j,0
4051,5nEFwQudZzvWOoSNVqsL,2
4052,9rzSuf6XRkCVTGbl5QUh,0
4053,jGqYz9DaFMOWUlSwJBge,0
4054,g7vEfrR3s49CH8AVUeSu,0
4055,4flnV7Xk0PyZ5ojuIiQc,1
4056,8tsSDovBygRFMTwjlCOk,1
4057,H5i2McIKkbaGe7L3WnQ0,0
4058,FdlaszJrb8ZjBEKXo0nc,0
4059,foWjCIUpHk4tEruJlBGc,2
4060,iXvRMOL7t15VljDfyIPx,0
4061,JwzA3tXdgc7eNYxjCy5L,0
4062,EYJryk0oKhPwRNbWuIUz,0
4063,DSWecTduKPtZNQoVR8qh,0
4064,I0HXFY9SZJROGPl1yrBN,2
4065,84ViQ93gyPruDSoOn7zw,0
4066,6wj5FcD7oghz1bOeVIxC,0
4067,hBTCW1VyKHjzUkncqpeo,1
4068,2oPaLFU6SQDdZ45Wu0EB,0
4069,5lTYCzQPXqEKr1JkNMD8,0
4070,dVmSjvgcEquZ0fsQtIoU,0
4071,IHimG98vhtXQ0DF24r6O,2
4072,EgJw2tGHKzZ3YeR85aID,1
4073,3lVFreCQGTEnZyYs1Iiz,1
4074,EpN4owBqFXM9YRyf3lUi,0
4075,0pQ123lKqiLJtFTwjBfG,1
4076,1UE8oOGSuImQZxeXLyK0,2
4077,Kfn9jdUWrz5cm03hiu7S,1
4078,Jyr4P9SzRXWmEgFwhfub,0
4079,9A3aCDRujOMiWbzGTqfw,0
4080,2mQdWY1BRCsIZTPGAlSc,2
4081,c0NkOS8unzsGWwXvV5K3,2
4082,bx75FsX2VcQ1CkznwIEM,0
4083,HU9Fp58PbXvVDqIm4t7E,0
4084,bA1NQWCdlIBP3kuxYFM9,0
4085,gIjbust1dlK9OpEiAMBV,0
4086,2Jfm9sAlG3DWCI0cpSYw,2
4087,CKIT85YvdjSMoQr09A2L,0
4088,84rjJmfPEVRbCDo3v27K,2
4089,cxJTRtq09SOw2YZE5HjC,1
4090,3E6cAGWj4YTUK8Zg59pH,0
4091,iVwHJulRcYEMXqfUKQ5T,0
4092,aviAP6tKyz1hRZMqGU53,1
4093,er9bQchA80iFN3lsDPmM,2
4094,FftMq5zTYhDgRyxv3wBC,1
4095,2MgFXNYimTJpIzKVE5wn,0
4096,0cfGJLYgE6ROaZH7KT1h,0
4097,HkzCqPSGNEh8Z2g7oXse,1
4098,HNOm6L7wSiGhjp1U3stq,1
4099,aOtVNG6x3empWgK2Zcyd,0
4100,JahiBscoyeldwpEV0mxW,0
4101,5kDwglm7T9UjftPhpExr,2
4102,C9hHuINUVJqk1zo5pTQX,0
4103,Crf0YyHJukXG35MldUSV,1
4104,EIhQGg69bACYPNXBSxy5,0
4105,H483RDhTj6vJenicwzAy,0
4106,0w2LlG4eiBfby9JIMZgS,1
4107,A6GV1ozYMav9f4UbdBwL,0
4108,0AnoOZDNbPXIr2MRBSCJ,1
4109,iuyCt7MlKpBzRVrwveNq,1
4110,2YRS507CXWuiFkBefsvx,0
4111,7YDNgzbXFZ602ipeSTEl,1
4112,gedRiDzKZqO9BMX12Lhy,2
4113,CJR6XzFHGUfeDMsh8xQk,1
4114,CdJ3sjrGFOBaYTx7biRQ,1
4115,ez58HQ2KwcTF7GL4EYPi,0
4116,DZebn8mxWJYjA14adQgF,1
4117,54jSGL7mYhPV1ArX2BpR,2
4118,icsloypKnkj2BH9dMa5f,0
4119,GLXFv4PfqV6dD9eaIO3h,0
4120,1M9k5toHiWfZcLzrdFlw,1
4121,9XRnlJD64Wzy3gNUhkMC,0
4122,j2pzLZUsYTlKG7bVf9Fk,0
4123,fgWQHqCoYMDwa0yd9TuB,2
4124,j6gIME8eK4T1mn9PFqhb,1
4125,DEsoaSYpTiVrI2mCj9MF,0
4126,32jPglFUkIuyNEDoW4eT,0
4127,emB5kWbEAGX2YQLS6jpg,0
4128,JFiGldVRDj6MrH3fAK7L,2
4129,3ubKM2fLx4GCX1Eqkh0i,0
4130,aC3qABWUp29F0XvZNkIY,0
4131,6EHP7m4Xj5xUeTzpqZFO,0
4132,G5s0wMUhuWJi1ckDSzn4,0
4133,fQs8jHrye30NE6KMP9RO,0
4134,BXKmeITqa7cfsyYEdpFS,2
4135,CyK1D8bjpc43Px9Sfl6I,0
4136,6DIXnfF4Lt2GAkYRi8ep,0
4137,cmHUGkYuylEFdKDMjL9o,0
4138,Gh06DE8T1zeKQ3vxjbpo,1
4139,d4ABW7XyvPzItZuoQ6MT,0
4140,jcH6s8DNVoleU3d9tiZL,0
4141,ESYeGhV0kXA6cQaP1KHu,1
4142,0Iv6U2hbcP1xeBitW5Oo,1
4143,8KZ4WQGTEfJYnONerwbV,0
4144,hwcgv8ERTXnJxdFBN1s4,2
4145,dXB9U7M1pgt8lPGhyNuo,0
4146,6RQtx0X42zOelTDaZnvi,0
4147,Ig7mTKfQJ13ap9xriVjM,0
4148,guaL1dwOMlUT5VesBNH7,0
4149,cDybNVfe7X0oUY186BtE,0
4150,b2nCMhEW137KuGiLXkf9,0
4151,1nfCmTztiuIMUsr8Eo7b,2
4152,JonIk6ScNpZM7WgFzm1D,0
4153,dm0NeQKo3ArPab196cEG,2
4154,5YxvIRpAnTkW7KBDHyJP,1
4155,4ODnoUH5ets62Nal1yVx,0
4156,g6ClWcYBrAHskpjGXeFE,0
4157,jnVxmi6BEUF2HYWNlaSO,1
4158,1BYZOXRoVfhtQGMJnkST,0
4159,gAGnfdjOV8H4XPTvFsw0,2
4160,EHkFG5lfKwuy2iq6WdLN,0
4161,fEQ8cAhmuURVLoBlYOsj,1
4162,guPdKvCA0cw9iN8yzbQM,0
4163,6PedV7uYhBAv1iIxoTMW,0
4164,5zYVF03NXadb7Gv64PqC,1
4165,JjOt1WnEXeH8Mhd246lK,0
4166,AnLTgxmeksSPClNiQMJv,0
4167,F1Gznj82acfQMmHNRLAE,0
4168,5XhR0G3LryZSY7qtCvaz,0
4169,9DvQRmFzYk1IuTEtKU0c,1
4170,eHjL4QC8MPTkhdqtZaDV,0
4171,IlSeoJ68B1bWqwd7kvM2,1
4172,1mStzMaQ8RUVBx7TkF4o,0
4173,BJnLTxsZSUg0GO7m1pQu,1
4174,EdoAPfeszUw7qQGYIOal,1
4175,0XrH26wcU1ASsvK5ZqhD,0
4176,FnXVjLgJDclyUw9h213B,0
4177,BRghGEp2P8emtvNHYSTU,2
4178,IWcps27Z3F1niBVavCw8,0
4179,IUACMdt2hcJZ3K5GPzlu,0
4180,APmyDeQT238osZgb7lhN,0
4181,82kLgCGIRNXduWs1SrKh,2
4182,JvYAOiUV3zbkR6hEdCDm,1
4183,igK38Wl1FjDJSnhYZves,2
4184,IQk0AncFSwEVOZh2efJy,0
4185,cYVKNj6JMAE9gaq0b81w,1
4186,a26fPimxvt4dTLeAVGJH,0
4187,5vjkGHhQ78b4Kxd9JosE,0
4188,JlZtxyXbmRfe8qi0QHIg,2
4189,ibDT9XVyqJNrcztvEHgF,0
4190,d9Ojb8wkYFnaEDUoilxv,1
4191,0DqUX5rkg3IbMY6BLGCE,1
4192,7aEbXfVnzhG6dRMLT58q,0
4193,1IbqA5sdXj3P0CMOGmiE,0
4194,gWCuk7BUzdH01whK68eY,1
4195,3h0t6wQAFRlOHK9nfkVY,0
4196,jOaZK2toAgbxChzNvPmp,0
4197,5HlDjF2dx8sJfcbeR6BW,1
4198,59VQlWze1hj3oRLwcm0H,1
4199,fzgZyTMiq8lmuKkhdS27,2
4200,6gJf1hQLyeE3K29BSIra,2
4201,BEcVolryIXTuDYLKbgGj,1
4202,0eaNKwluUmkYdIvZ923c,0
4203,FQLZtVfKGT83YewqPjiI,0
4204,HzvWS4IuPE9idXmlgOAw,1
4205,12Jd4qpOzTtQC3E6PXDb,0
4206,54F6nDevKmwQazX2hu8j,0
4207,bw3dx5ILTmiZB6OWFNkp,0
4208,JNGf3qzH2oLvBXDSM6Fp,1
4209,aDh7LczK1uU9XB3qwSVx,1
4210,2WZUxR417IeGpiFkEYDu,1
4211,htBGqRjHkVFYir3JELlP,0
4212,3n1LAdlCtkErg09OIfFx,1
4213,FH0sp8nvwNRZ9S6TWam1,0
4214,4rNAjfbGERH3iKk8qoS5,0
4215,23X8YxaVuUHGecPoCtlN,0
4216,IPv6izWG0r1oVaRXHNOQ,0
4217,C9v4X6YHwZkNh0GmUiTM,0
4218,J9vHglnKXhiYD4716GWy,0
4219,9hfqg4Uw0L5nPSQ1i2Ae,1
4220,9AWGcHamq8XvsiP5KS2Q,2
4221,bSRakDIeOuFoq7NHQP3j,0
4222,JW5KOAExTVe2qH3kM4SD,1
4223,8qp3fmXhNIbi9cdwG54l,2
4224,91fA2w3oR6kHsgEjVYpv,1
4225,JiS9zt40D5u1xFqckbUO,1
4226,aHDLR3gnyj7lOkNiAXfC,1
4227,JhSGQb9mvEYIXVd0z8U2,1
4228,K0ij9XYNHeJR37b6naD2,0
4229,L0xnGubfYwOPpQAgVNvo,0
4230,CL5Moas9hliPGv6nYSyj,0
4231,0u3DIJTqnpkgl87VSbOL,2
4232,fJcZviE0mUTYWht9kSVe,2
4233,HdngzBjGvbuhi8aJm7Kt,0
4234,gVDuTfNzseWn96HYR23y,0
4235,K786iNwZCzFfscSOh5u9,2
4236,ers73VJzBQHoYxilUdt8,0
4237,ch28HSMqUPA1zYWnX7Tw,0
4238,iYfVGj6l2JWSXdyM538K,1
4239,1hvs5Z9VJaFmwSDnxi6u,0
4240,BC3It0Ak7YM9UQXVZnes,0
4241,cXzKusRWYMq4iA91Cx8k,0
4242,7qKcamLjgNfwJb0B3z9I,0
4243,5lxG2JZF8mhpBRTkWaYC,0
4244,H9tYbAiz7dZ0WsM6PEm1,0
4245,C2Tt45wU1BVuoIehLEqp,1
4246,16gDhwbZTRjLMO9zI5cX,2
4247,57v6nKMC8lhLV34je2RW,0
4248,AiBpmbGDE1zPYOT4usqd,0
4249,8va102hpJn5DVLe9i6Fq,0
4250,Enm8Drf9FPs6yjkhvowi,0
4251,0m94tRnhgpsAUuY1L8KC,0
4252,CNq2i7Z3AnGfwL0JxPVF,0
4253,4g2UZv3nOGWbTCiptDsQ,0
4254,FQzrcxDH57n4XYwUltvb,0
4255,JFWPGhyoASRaxQ4Tb0md,1
4256,7z03lVS5IJ8wOCvQyFdZ,1
4257,gpQPsBn4Hc6uoxmFbYU3,0
4258,ArckypD4u81qtOnU5i96,2
4259,5nKHxu3hfqJYvS2DQi7Z,1
4260,a3V71kjmx5AwEivJMuGQ,1
4261,cRmPXUlkyYxFfNT0v2IS,0
4262,6ZO9dMHY5JkCofwTSyvm,0
4263,8M5LqRFn3buTrYjSKfEU,0
4264,4PUzcORNYF6qx1MvHbtj,0
4265,8Ff7vLkS4YjwlDadb1R5,0
4266,GsAVzyD4hUnebMNvJFxc,0
4267,C6tAxBY5P38WivqHs1uG,0
4268,4xPwVZd8CpJEAUIebmvB,1
4269,ezvmUEQjgBiNfrh1tbdP,1
4270,9yEnJoLOWURsBbt2FivP,0
4271,DG3ZgsPo26QSIfXJtAUF,0
4272,bFfUijL4p83duIsetVPC,0
4273,67LFYMBVhdD3Jo2UGRSX,0
4274,hdiz7HLOqWMCmG4KXkl9,1
4275,8Z0i2knypSb6crfgaXmB,1
4276,1AFY9HiVpuymkQOeoDMU,1
4277,i2zSbNFKQtwAYH8n7Cfx,0
4278,31vEFJmeXuz6nfrOWUka,1
4279,5baZkrT2gEWtsLBSOQPN,0
4280,ArTPy24mpUtMjSYQGh3v,0
4281,7ul8ODTFRYWPryM0xfLd,0
4282,g6ZYW8n9iJToNFMS7QAy,0
4283,iqzUwKp0ZPQFJve6fba2,0
4284,DA5oqlUBMgiPymLxrIcJ,1
4285,J9EgXeHbB5VaD23i7rhN,0
4286,3sw1FG5VqW06nEURlyej,1
4287,5PIwjdM6ROvnbiN9Dx0a,1
4288,AqyaxRL5DeZEYM2Tomj3,0
4289,7PZmOnTke1EJh9I5yijz,0
4290,DszCbghZwq7ORp8f62J0,0
4291,hIlHiET8OjbuW75SYqP3,0
4292,6KNqJCVnkFE4yYc3Qlwi,0
4293,GUOCE4g7Wk2QPIhxJnYF,1
4294,7IrpXlvH6LOStVaewBPg,1
4295,kbSHVK3rjdaW7wlL0MF1,0
4296,eYMbKEvklTj9i6SC8D4G,1
4297,aoJue96cBtikXd5ZvNYD,0
4298,jGtigsJRXU0zaMbcmpHl,0
4299,fy0va8HcFThxnBX5UMbE,0
4300,fyH8oWql4rg7tEJSLpIB,0
4301,JpcD0eAoxQPE2NVlLd4w,0
4302,C1E8oxt6VhKuSUIjap2P,0
4303,EQ9XCpb8NMh2ql6Ki4ky,0
4304,DtLk4r0qWmnYvIzhiNgu,1
4305,ALk7nXPtb84eCUWd0lGv,1
4306,dOeUI4W0VjhNE7uF8lz1,0
4307,48GJctl731qKWuhyfVwL,1
4308,2L8o4lH63UGR1hPEnztQ,0
4309,ALuyE2Q9mjGdOkq8HWoz,2
4310,cxIb52FLlvanqM1ykopB,1
4311,e9dSojWT7mhZQlsEiF08,1
4312,GcDqJZKaY7OdRAkm4o95,1
4313,jQFsKBUnJC8qGSx34M1f,0
4314,bUcAhj40SsfgJPlnVZkq,1
4315,iPtRTr5EZ4bQljzKXYcJ,0
4316,AjmEFTtv9KJaYZUrkzcg,0
4317,DHqruMgb167fkLaiURX3,2
4318,4WaGm3PhidQVRopgXz7J,1
4319,htuGR4dWY0eTLVOKFxv9,0
4320,3EdJ5pSORwmeINfjaglQ,1
4321,Cvi1y2efF0AhORZ75uNK,0
4322,2zsVAYPQrf3GFoD5JhC0,1
4323,830VZXwLBxUc9qAeKMh4,0
4324,EikHh6MSgAax1RKQDCoY,0
4325,DmzHLARjnCfkSKQT7des,2
4326,DrfPgtBxylwzc9AX1mji,1
4327,kGOH7PtQCVpY0JLKXUvj,0
4328,jRz5yerg4LuYHV1oFtEf,1
4329,BiHmc5bPMrnvClfgEw3h,1
4330,ABedwUfPmn9jv5YNbykK,1
4331,2DBKbxPnVCyiLzqAHU9c,0
4332,gtiofz9cBwuYCHjyJTdK,0
4333,GqPZCULjirRngSyMwmh4,0
4334,fR5G8JpWEyoHg9jiaKwv,0
4335,ajpIxyzuMmAlJ9cw2HTY,2
4336,eMFqiPYQxfpHgKZ3W4lB,1
4337,FHX8DhjEQTGtYcUSlP02,0
4338,D0xHyj1fV5sA3tN4JL26,0
4339,aiYVJXQbeFfxtZ3TGvH0,0
4340,eU6LxAR3IJkmaP2CDfKj,0
4341,bRPa6hIrozuSpfAGyOXT,2
4342,6m8NxLfg2MR0nwXFuEq5,0
4343,DfvPWwzumHhd5oyZc6Nx,1
4344,3VdhPHBJMc1nzEyqARWj,1
4345,4Bsbdx8uXvtMOqHnyYfi,0
4346,fdlWPLwhq8nkyD5FmxAV,1
4347,iPIKOaZ32BTRHYqw4CAJ,0
4348,6cJ4OV1TGifn92SCPNEA,1
4349,6a5yQixgGtr7ZEOoFVUp,0
4350,JgtDMQ8WuhPiFxBnalL5,0
4351,KAGlH9fTgDxiSn7zQWbs,0
4352,ejXdxvpslWo5gckEh1Ha,1
4353,edabs9nDHqGtNkgQluzm,0
4354,dEeZWOx1rz8VsJ94BuPg,1
4355,1XtkeS5VmHTrwaRGAzMh,0
4356,6OdWLjiyZQzgchY2XSTl,0
4357,AkqER5MCoYvp4mBzWgD8,0
4358,4GUJ7HBXO8I56WyRSMQd,0
4359,AZkj6twXl4ar9BTGs1SP,1
4360,ibFVtH0dgCDLsZf9ky7Q,1
4361,gpJlG45jTBiCV0ytWzOL,0
4362,129LWuNOIS0RjQnq5om6,2
4363,BUDV6TrHowk5tGJxvsnj,2
4364,BM4bG5xEwohipXWTKt3U,1
4365,eO2JXtZ5Tc8QBGmLDuFM,0
4366,5r4NmBiSpfYJayxqIUtH,0
4367,d6Jnl1vc3OWsVPMygQBt,0
4368,0X8fojtR6QIblypvHLsM,0
4369,K9kNdLS83clsP0wDFObZ,0
4370,5UVMFqt2RCoIGWxsj6NP,1
4371,7rLEfBjbiyXDU0Aewa4P,0
4372,iHMt9Cae1FUfWZTcEvIk,0
4373,8KrxmRY6OpGX1jE9hfIA,2
4374,7qY2raQ6izp1KwGcsdyn,1
4375,BrFQSqw8ejGomMlh6YtE,0
4376,azZYUgqQNfKAdm5nsutG,0
4377,FNxZ7YXTQ56jlWg41uAU,0
4378,jnKkElPsxcIaUFhQb8Jd,1
4379,7cPUox9BR6vdGAWIKZg0,2
4380,BaZ7fikmQxcVzTSlUs4q,0
4381,eD5rI9uaZ2TGsWRNjJtE,1
4382,Bp2gVEzveRtOCrDGWxLI,0
4383,iPqeOav3fHD2VJrt9GoE,0
4384,J6eCDilQ2sMaTugckmB7,0
4385,8GilsX4Uk7xQdmz3wgyP,1
4386,gEvA2ctmNer17KZVUyYR,0
4387,3AJgNPo6iqT8BeODfxHK,0
4388,D5ecMC0KmzORPVrwgLT1,0
4389,COntTlwPvaG3p4hMSJqI,1
4390,4LNpxlPiRBTqZy0sEaMY,0
4391,FfmsbQcv6V3rGdDLBNXM,0
4392,EHtqirucvwIPnKAokO3d,1
4393,CUomVD70p3O8MFkwiTsd,0
4394,FRvg9Ji5jnkDWqm4sMcA,0
4395,0odUVkrjp2B1n8NDS6bR,0
4396,buhAOQaykEJtsIZoWjBp,2
4397,BmTS4hd3V1wtZuNEeHJM,0
4398,afwXEoRvxuBVt1sFWbh5,0
4399,FhotrfvWBaGEu1sN2zSJ,0
4400,gd6OJCrEmvwkUTHZpn8F,0
4401,IftFXWmh7B5Alnxy4DbJ,2
4402,iFDnxWCglRKEJcQaoNs3,1
4403,75xUGovrLMWa4tI0XJNV,0
4404,GCtriz82s6SZXB0HDRc1,1
4405,HYtGu34oz0UImZWDRqar,1
4406,bENI2W7cLoyjuGvZpQ31,0
4407,42QpkKbG3zhcJrR8jw0t,0
4408,8kORlw25hI69eu7jEfVy,0
4409,8GRqMaEyALrQtJfWIVk6,1
4410,i1OyRUG9mCvIZYD6olNT,0
4411,9nLeTGc05kvNBhAda3Vq,0
4412,HqO0wnbzfeNMpoXFEmxR,2
4413,AKZi3yaUj6nkoDm1HeGB,2
4414,hTOJKwgGvBxb3dS8e9cn,1
4415,CL8hrPMFWvzkfb6wlJIN,2
4416,Ge7L4p2hWV3zuMDRmOyQ,0
4417,3t9mSnZWI7eduOTLGgov,0
4418,8sr61uKOzMTjWfdnDqwa,0
4419,2vfzAkDRd5PYmSwVqWx7,1
4420,gPLn7w2aJz05DbrjfFVx,0
4421,j2gBF09pxTcfIPy4kwJH,0
4422,68QZolTBeOXR9jVxbsp7,0
4423,0MQD6mnoy4l3zV8WPRYe,2
4424,EVxmNT7dKfBMebuyaRkg,0
4425,0BY2iPso3bEmudlUzpfq,1
4426,I54GcmXZYf2A9bv3d0Q8,0
4427,hQHmEatGNbUWysPJ2TKe,1
4428,32ngm5yJs7dTNGj401vE,0
4429,6cXb3TjuAmVPgp0fleCd,0
4430,bfW5kuzpZcGC0SmdjLi4,1
4431,8BzIhwWAx031ErlbLuZ9,0
4432,IO12QehGcoYTmpvb8PUE,2
4433,EV47jvH9kYtBwocrbJ6N,0
4434,BPecs2CSaTIjW3ExVlyz,2
4435,gNQ3UDOX98dJqLmxvuSc,1
4436,JFW8DGfRUPbNo3YHz2xq,0
4437,isFh4lrPwI5vYeqQN7Jj,0
4438,istyYHpm3WofMQLX0KBq,1
4439,gq1T5uf3MyIdtU0HsN9a,0
4440,K1cOhi76tkCvbNxPfLmD,0
4441,B6ekpnjGHXYEybfSOzP5,1
4442,f8xWDewNt9qrPzhp1Rdm,0
4443,cnms0zSvd3FqDexiwZo6,0
4444,6q9PF1AdMcOIBjhi58CY,2
4445,CLJUMfrb1jF4VliXSuTB,0
4446,DJjxUw8TfrevydRuCSZW,2
4447,43Pz67mIVtohuyapcLKj,0
4448,GbgDPpJ7jy6Y9ncTOwA1,0
4449,c4yn0XBgpDwveZboYESr,1
4450,KLc2AnjgPzWCTqV7iy0B,0
4451,5p2yY0MvAQGXSIuocmbn,1
4452,B17Ru4gs0vhqyMjCtLZw,0
4453,BreEUiPh3mzaCZFK7xvQ,1
4454,CqzUdJEnt9LOYk4ex8Mm,2
4455,bnTwRQSvo3CLKsgGaI45,0
4456,8d7zkmPAEtQrBiTRNlg6,2
4457,2Z0Jfu1Pd8Mq7xXNSDct,2
4458,DcgUNdMzXlah1kbxiYtv,0
4459,6tgGScmbuHN1OTx0QI7r,1
4460,e2NUHL3pAyVg7IoPhYzv,1
4461,k2W1nfmMKqwIPxsl6ire,0
4462,ixEDUaglAT6ZwM0FGCSu,0
4463,hW0uMVwbTdslPIxXZCvr,0
4464,iV1LFWfRsnP3huM8lypw,0
4465,4PLRF3BAbEtZTXnaGqfD,0
4466,Ck4K1y36GgmWEzZF9LHM,0
4467,7xeFLDBbNVWZiM1u2S5t,0
4468,gjtvRcKedfDiJ1xAk0wa,0
4469,EK40kDNbX1H7ALSu8ZOz,0
4470,AKUTPh7WIcpVu6QsvaMR,2
4471,HKD6kbY482MvpV9saOhi,1
4472,0gcZkSFr7VnEmLPbTxUe,1
4473,3X0ULNpuso5MKmZb1Sty,1
4474,9hd6DsViftagyGO2NCKe,1
4475,EDCyaimufNcxoRghIVMw,0
4476,dhFCORaPLVBf9NUw75Hn,0
4477,ARx16ZEwU0kYrq92ljzO,1
4478,gBPu5wieVs9jhbcmrIMl,2
4479,FzunH2KqlBNLUxImDa8w,0
4480,4U9dtRMoQrbgeB2iSYZE,1
4481,csEMJY7Rt0IGCTKF2j5m,1
4482,F1BvgrkuXq6zEfUsHAVG,0
4483,Dw2sXhq6imtArjTZo3YC,0
4484,HUODeWwRlv1aJKVT3Gni,0
4485,EoLuvjUwHXh2saIBzQb0,0
4486,EgnGvPAVUjXfpNoSdFR7,0
4487,24YOX6UIvdmf0CD9PS1H,0
4488,0bjN3Kgw5OATSreRmEdi,0
4489,4Kr1hQyLdEMq9AmYIlzR,0
4490,bghZNsw5nk9KBIJ7F1iA,2
4491,5BcfbNg9wXoy0l6vSaDm,1
4492,Hlx3YEyNSbCWaBVroRiK,1
4493,ACTK9tVJunILfsYrwyFh,0
4494,K6XgyIA40cPJeMU1CV7G,1
4495,GmEAFpP5ZO0suwaNIeqx,1
4496,96CpHvOlGZiIdYVM0RAf,0
4497,ak9gTzFdlwmvVBoRMDh8,0
4498,85K7ypWXbaOUjmuxDEz9,0
4499,KivjcOQFy2PmDhodWJxC,0
4500,9QRkLX8V3CAmUwb64aDJ,2
4501,eHFQBbSs0P1uT6Ljr9x7,1
4502,IdZTfRtJk1hvGaei3P4A,0
4503,Fc7z9kKf5ZUwpyqC8L21,0
4504,jCXhwVO4ZdNqA9fHauDM,0
4505,2XiGfo95mCALRbu6KzVY,0
4506,EaKhto2dq3PArmlpM1cS,0
4507,gh38VeyNnLw0ucFzAKdH,1
4508,jwQPIaD0Urhgv3FH2Cnb,1
4509,dIUsC2eFoGQ05ifjtn3R,0
4510,etGodBiH4V2DKrbMjx0S,1
4511,eh6DbBL3XNnEl1cxtKkY,2
4512,EV5qiMnPCxDZIRgmwk0b,0
4513,ICO4eZHTXFUnDo7NPVRr,0
4514,EifzW4KvOTjoF5GJb8YD,1
4515,9xcgeaMF2IYrm5JDfpuW,1
4516,IkdgWAqnBm803YZfuQxX,0
4517,jpywtc5sbOmi8MJegRrf,0
4518,0qpMX5CZU8mgD2kaRNVv,1
4519,FRxXsQuBCKOgewT38iz5,0
4520,IUTWY6LR7GmA3t1HPJaN,1
4521,Ax8CPSOsnjuY1cDyNbqH,0
4522,fdKU92Heigr1xALlFTkS,1
4523,EYaB9R8TS2gtmQNJvuWc,2
4524,9Qp0ND1JuVwkbnrBCflT,0
4525,0CPaAXtyswrBq83D6VEg,0
4526,ih6zUfGZWmJpQrXSCbsx,0
4527,hTWBq5QXgOm0eKV9ktRu,1
4528,BNwV59DaCqRXs3LpTtAx,0
4529,0qjuDC7Rhx9rHkLlItAp,1
4530,IPpdskJlaGev2MYSXnC0,1
4531,19hXQ2ODt6WvpEdxTGmo,0
4532,4eRJPISap8c0dZ3hDKfT,0
4533,1cX2xrbYwzdaM4mWuoCl,1
4534,EOeh6tPNzBog5vQRMF0r,1
4535,a7Niv6pD5WPycnQK1TZ8,2
4536,JLGnIyg7olZ9MpdN8wmj,1
4537,hcwtORMJqx6kPiQzVjbX,0
4538,cUaRGeYysorLbHxXwDhj,0
4539,BF6U3mKD1Tvgz2toNr84,2
4540,24DYHUbwxidKLV05Genl,1
4541,kdmNfXGWslxUa3yATSFw,0
4542,AaZv2sYJqpI8He5NBPfD,0
4543,HemlRJ8bucNG4vFDVgK5,0
4544,8zQ4ul6gyLe9xjTZqwEs,1
4545,HkMSwlB8a963ROnPtihu,1
4546,7EXtHV6KiyGSMbARLh5T,0
4547,IEydq4pSaBUO8v5CK2Mo,2
4548,Au5EYTxqCHhdtjBXJfsp,0
4549,3OX0rbks7LQmeDcKx8C4,1
4550,fVTrpQLuNzd7Z0xX3KOv,1
4551,06arUi9q3wHS2C8RZxeB,0
4552,jRtAmhHUTa3Gud5E07vf,0
4553,1EDNRfXhHWl7txAOdycU,1
4554,65nIFXYRgmzdsZq0kPox,1
4555,e6woXQkDrjFVxIuOtdfh,0
4556,9LuFTOtpGNqkoXnbr7MC,1
4557,dIq4Y9QGDh5yJ3lP1U8C,0
4558,cYfUv3IjTKC4a1650yZs,0
4559,0AwWs42SUQ19mI7eDcTC,0
4560,6r02dN7YEojsfTQkzlGh,2
4561,58Z74rMBcgQaUk3CNIFE,0
4562,4RKvBoy9MO5EeTdrtJF1,0
4563,6c5KqjIDH74gkzON2V8B,1
4564,BQp7G0ZNcJ3uRwqeMalf,0
4565,GMEAV21K07wb4O3YisZP,0
4566,8Z4xPFN1p53thUcRmJSH,1
4567,gKlJ0CFirsA3cOZUmWDe,1
4568,iQjwfWnkXCbetmS3sg01,0
4569,dKR7eZk6EAMLYf8215gF,2
4570,G0lOhNpMKqBQb9VrkTim,0
4571,eoYx592qRyF10HBdaJ8L,0
4572,da4QzC5lpXIOi3gy6Fm2,0
4573,igyFEdlJtGwk8uT2rnNV,0
4574,7NFwbJ9Ky8P3Iz06hU1Z,0
4575,imTtQaVAb6Ld3zNunpfP,1
4576,6Cvyc7zMbZq5DfJprmXP,1
4577,G8hm6UqIKBQWlMpeTScb,1
4578,6HdwDkgvEnNh9cqlyfR7,0
4579,jpkIrHe201TamDoXqEQi,0
4580,GUFWALVuS2Ndn5YJfHjw,0
4581,69aKs7pQZjI2tWN80bHy,1
4582,48hgcanwOk90e2A6FsLr,1
4583,aFshyjLKu86f0ptlQnzk,2
4584,hU9dnkVNuPCJbLysXlzp,0
4585,hZfoeEcsTJRnNLlF5wG0,0
4586,FnyqR98g2mSZNIeLiG4o,0
4587,atZAve4X90oMyr1EYCg7,0
4588,5RUlGkJf6XHI3M2L18tx,0
4589,1gtbK8Nhsx3ICnoD9BXY,0
4590,dKNk2oDiqevnRTsgCmG0,0
4591,elzhcCwQE3srZoBWIN6j,0
4592,8kSlXpfKnNrUbJG6OsMD,0
4593,gQYxTl9UmRDKqIMBkOV5,0
4594,3jSmwkIGpJQCBul6gRYH,0
4595,BIGe85AY9yEHOFoh74ap,0
4596,IjcoL9OvTtrmEYgidSNQ,1
4597,HAI3gUuLk0jmQwtZ5GOo,0
4598,HbSOMm8u5lgAnPYLDWJy,1
4599,ebT5zBZIQDVuxP8HRFyc,1
4600,hp3xRaSc8JFL0NqIXBOP,1
4601,5Wj7vbRmSAoHI2Dfsql3,0
4602,7UJTAcmd85jRz0VitSof,0
4603,K2ol7hqUFu9A4kIXMnd0,2
4604,70Svz3Aitx6KsDEuOXZG,1
4605,dJ1cMEjoYRts87lyD5PC,0
4606,fZgzaORsom2wvBLktWn3,1
4607,9eYt5hjsLfTizPRZ0aUJ,0
4608,cnSUu9osXZvAV85ykWNR,0
4609,HP9XAZik5fCJbjupGyV4,1
4610,IR9X4vYJ6OkpueVC5gN7,0
4611,CUw6LiRTAg0ZVM8X4p3P,0
4612,6aYdBUkESTXI5glJqo1r,2
4613,a4lrvUoF016MZ2m7dczE,0
4614,HweGIBg6YCTVOnNvak0F,0
4615,C7cZvXSQWwI0ftjA8xLN,1
4616,8026Dh4VpfjPekaCgAYQ,1
4617,bB4ZncTErxm083fAs5HL,0
4618,bjFKyp5JTwGv6QV9gYAE,0
4619,fW4MkhBrUcioN7TOa6by,1
4620,aJFVUwCrQDbpILeHdoxt,1
4621,aui4zdrRvqCP9yXQDHwT,0
4622,kQEbWRHa04gOYDqM1NJ6,1
4623,7wv5xnFcR2XleO19DyJb,1
4624,2BcVLYAwvCqM37U6bkj9,0
4625,dopWfahqvVGOwM0Z9yTs,0
4626,hy31LBzZrOj98Qm7tE4c,0
4627,8xeA1WMrofFtmNvhKaYJ,2
4628,Ar3u7TDqkySJ4KjhWXge,2
4629,cdlgXf2EV9sOKvn6Dwt1,0
4630,Hp1fY2tRvjFEolKkxnW4,1
4631,a7ugQM5sWX6R4fibeJFj,1
4632,i86xH3JvoKDSFXOYLcUm,0
4633,DpzmuIrsG4BJwvKACP8k,2
4634,AUKiNRGJmyBCkVQ4uXjf,1
4635,aFrzd5P3MBjX8ZGKoAS0,1
4636,aLYlqoB39X8URmnVQNSz,0
4637,dfwmzlqMShiGeVUkYoNc,0
4638,Kvxm20yICftr8djGVqUA,0
4639,i8r3tlV05JwDWgYuAXdc,1
4640,g7dyvFke26HpiqVs8Afc,1
4641,7Rx5kEXu8PUcAvqodymC,0
4642,bWMTEq0N6d7KRZhvigGQ,0
4643,jEhpv08m7FOyKwXYoSs4,1
4644,g5AVPIGTEBSxH6uQwWJC,0
4645,JWYBQVADRKylxCaXIfu8,1
4646,EpJAc1HB3C6GInQv4Wo0,0
4647,jQtFBuMp4SDwin6lPrGx,0
4648,9p7VxgvYBPL4r6kbzasj,0
4649,B2Vfj0zqxgmZb7E8QpGK,2
4650,iPVOQ8oez4GynBhEfg3S,0
4651,0JPAX13cjxewaTh6tRCi,0
4652,Fx7qZU0yclOobRHp21kN,0
4653,5mFA9kajVz67sSR8YNGL,0
4654,iRDBIyTSNfnr93j864dc,0
4655,kGf3NUtFcq2wCSD0Yeuz,1
4656,3JVocsjiuCkvNDy5I1Fw,1
4657,0cH8YeO15ZywEhPrJvmj,1
4658,Bmf4CXo9651TrigSbOjk,0
4659,HFbakUnGgEIfcYjZLAvi,0
4660,dneIusgpMEKqD9ZO6Nah,0
4661,cICg0pMBHFzbWymJo8uL,0
4662,fcCgkuqUA74ZFy8KRoLe,0
4663,aU8GlOs5MQPw91iSpYmV,0
4664,dthU3qPVcC0GZmDAkvaR,2
4665,Fbdqw108uxIcZ6rDMgmY,0
4666,ev8WLIbF5yHECBUz9rZw,2
4667,auFLPdo7bpcUKyqVxGIt,1
4668,9eMPNZm0jOhr1SLBDs46,0
4669,FCVlU4vTjmHoun5QE9s7,1
4670,69jlRk8g7VH4hXypdwU0,2
4671,CIKSXl6M7jd0wrftcLBH,0
4672,4Jbygn1sIkMpzAUPBCRa,1
4673,2eJq8SOvi1Bs4T9XNEj6,0
4674,H1MY0ctT2Pn4bpUSQLmo,1
4675,9SOPAylKjf2HnxEhRC6I,2
4676,JuVXk5yQvxpOqPh3d9lI,0
4677,bROPgBf8pYcSud4Ejeml,1
4678,6vCzcIJSuGOTmDP2QVLF,0
4679,DtdNReLjlsEgKPUxrvHT,0
4680,JZX2B0zdS7MAVmjLUkx6,0
4681,jmZFJgqWL2NO5HkQIh3o,1
4682,502xXcWOnqet1TrUmPBi,1
4683,3WjaNGT1fc0JeubY8DwL,1
4684,2v8l9FWbJZg4G7MCNB6r,0
4685,B4nqpNwsQj21XtKaYE7k,0
4686,IBdSglcK8jHfrDXhxbOU,0
4687,5t6pDKTJ2Pw0fxQiEjbo,0
4688,DeThaSN5zInYXHOcx2ym,0
4689,fslD2jBe0w5tbhr7QF8G,1
4690,AtOQsHM021G6RwbeKBUk,0
4691,0dnTixlMYzDUpsvEVrGc,1
4692,7g6SfEJzqL3nh5cK1MlO,1
4693,gpj3qKVlP0FZb85kyh64,0
4694,FXcKgAs4Rq5IW3SYTvym,1
4695,FqTWKtxrajb3lBHNcz8S,0
4696,7rA0i63yVHEovbzemk5W,1
4697,gacV7j1fSJ2ObNlykwEq,0
4698,iYRmKWHhed3jLEnZ1tTG,0
4699,iH6v0dnEp7RDSGh2VuCZ,0
4700,5dqHfU3MVR9FclYGXNnm,0
4701,Kn4esMArHJhQvGk6Nd3T,1
4702,5XdoJQTAk3Ltu2PONwgC,1
4703,ezpQ9ksPIVhAarCwSg70,0
4704,6bqeRU05pPKuGxQ7NEkO,0
4705,Jx4hzsGNkP7lWd5qRXYS,0
4706,3EzMAgjUT5qkPRJvOYhS,0
4707,c3MLFITXb7vfkndN4xB5,1
4708,7w95c0pt83SLYuHBeRlG,1
4709,54aPBqlUj7ODLT6bWRiy,1
4710,JnX9eYfjBik8KzyGE7sM,0
4711,adHqeXxjBJVt9KD7obTZ,1
4712,FuajKf6MUmELZ3O4sxlw,2
4713,igjezBrTh4SbGtIKZmlA,1
4714,g2xuLl8TswtIEb7SqfXD,0
4715,d8lFkrfZsQom9zgRqpLi,1
4716,aXnIKb9Cpyd8iPrZ4qm3,0
4717,2KukNP13McOI6AH0b8op,0
4718,bRyv98nLOI2mNDlp5xK6,1
4719,acsNRgv9KxMnXAE2YSI6,2
4720,HJSPltnLF4DN3x18ZUjy,0
4721,egtVNRmfrHxwznaFh03c,2
4722,8h7B6Zm4wfJGAHv3RpFW,1
4723,dBUrN5KIgLCxvWtqRocm,0
4724,JkSehsCAmbwqpGPtOcXd,0
4725,6YexBrs0uzwSKTN5LpDn,2
4726,2XnTALlRBbSxQjo4py58,0
4727,cvMhPJWkl23gZjFTq4Rd,0
4728,KHQJDZ7toAnaeLSifmIv,0
4729,3GqJEuYK9nlZTe8VtH5j,0
4730,6WbENDkcC750euPGqApQ,1
4731,B5bnojrMdVUPvOw7zipS,1
4732,Ct97bQUeGS5fRmaKANMZ,1
4733,9UicbzEY8LI0Q6hpn7e1,0
4734,IGX67kgpuNz8JD4Ciwd2,0
4735,eSUGbM9WlOzdasRjqryN,0
4736,AcCwbv1hrPlOuNps5mgG,2
4737,CkYbvN6hPw21aWxKeMZG,2
4738,gX5Wqr9ojRFtSmYvHiPQ,2
4739,cJgj14pLIFQB6wuNeThi,1
4740,04EjIdbPV5e1XroFOpiN,0
4741,BL4IWnsa2AbXyoPHQ0kJ,0
4742,2fCaW87gq1DlA4voSUjG,0
4743,9wOVdUL6r0SmjE1kAMxW,0
4744,e2taZQLKCScNzTV7d0oh,0
4745,Byt6LiXanHRvSsMEGFU9,0
4746,jIDdt1WG4JV3zMa0XSb2,0
4747,e9Kji7QuZFdN1LmcOY03,2
4748,hXkaQsWRA4yLtomnPTUx,0
4749,2qAtoGOuMQZdmH3y7bEY,0
4750,8wMGYTWedtUEPcHJlqa6,2
4751,3U1TuQLner70z6HFRVgb,0
4752,5mVLtUwgRfWi3yeCFJsZ,2
4753,3Fc2OQgjnfUebXqh5HWp,0
4754,GksfriWPNZt927KeDTFc,2
4755,IkHEuqzV2fRptB3TnsoM,0
4756,fak1bOn7lSJFw5WceiKP,1
4757,cSMXzpQ2q4nCy5UfPBg9,0
4758,Hart39NkLlB6RAbq5w7Q,0
4759,hUWD9x6XdNuJrMSg8pqa,1
4760,aJcVr6m8yCw2l14WHhOU,0
4761,EFyS8WGvdetUPbqiBhID,0
4762,Bhp8E1sD7L2xcugonWyf,0
4763,c5lPNJXfrRvxaIHOkign,1
4764,jv916D4YpO5LHJVWlCna,0
4765,0VnTurd7B4YsH63wUGJ2,1
4766,1zVtBw2rdTN9j7a4xZE0,1
4767,HNMWsfd6ShPknjGmO4Re,0
4768,5v0foj1zRqNDHerwuiEg,0
4769,H7LQjtba5R2NymoArTdi,2
4770,HyAR3BXGISmoYQ7J9CLF,0
4771,9RaVK3pIfnECFNAkvST6,1
4772,gYq9lthHL7vVfTSUBo2P,2
4773,0u4QcXSNvYnMalOBCygH,1
4774,cZ8wCtJL6unqdGBDsmXx,0
4775,iEhcPy0K56ASp98xlUoT,1
4776,4j5ZXQI3ghezluq1snEp,0
4777,dB4bEcHq15Xsnr7NQofV,2
4778,6McvAWZj4285L7XPrwnE,2
4779,ivCgUA1qQHpxnX4bDk9l,1
4780,fcCVKbupXtDHZkMisaJw,0
4781,6LICDZ7ujOWYomKvcwPM,1
4782,Jpe2vsPyTqBaMwDALKRr,1
4783,dI2jS5i1QnP4blckxE60,0
4784,egHnxmYdqACWaPsOBzRc,1
4785,bxGymYEIRU3uXZ0KP9gH,0
4786,HAnYJkPbuc6qWghBO7Ld,1
4787,1FAxSngsym35phwROGl0,0
4788,61rgpy8Dx9SR4WBzaPtm,1
4789,1cgZSaQIy6UBTAqsdX9V,0
4790,4fuBOsA3MzoUyhHq1Dwg,1
4791,GbTUXFYkMoafQSe1zN94,0
4792,6qwhD5Z3bsdFkyAzgxQ0,0
4793,6RBJK1mgx7UceZCsFQbt,1
4794,jQyRwClgJHiOnr5IZ4cF,0
4795,JeuzM8SRYWGK1navfErh,0
4796,InZ7pDWkg9MAcEwU2v3O,1
4797,J4zTlSBqN5r1v7MIYHQm,0
4798,Ip4oy5W8U1FbGrDnPajq,1
4799,IJP4m1KraznpiCAh5OcD,0
4800,9IvlTmfgCB6px7HXEOho,0
4801,8EVrKTM6uw3yBzSbq7vR,0
4802,KItq3WlgRT4s1SFYwy5Z,1
4803,duYKP0sJ6pINyZRmOCWF,1
4804,IP8DecoQvMWtK53AJmaU,1
4805,jan6Lld9PSf5ZG4iOuFq,2
4806,5y4KkCXDrLHbgTwSfdqm,0
4807,i8LcqhIaNp4X3Jd0vV1P,0
4808,kjn4yXdo0iLCmZ9GugOV,0
4809,HJ13ogMp0WxAO86sy5dL,2
4810,4LmTgRlzef7VtoXDZpP8,1
4811,DQqSM2enGHopTfCbg9Oc,0
4812,gqm9zEewrY2hDRBTixs6,0
4813,jnuV4HifAv2PR9wkZq8Y,0
4814,AEqQHpi8TYLON30h4eVc,1
4815,hCc0HPsTNYxXADS8yLKv,1
4816,25MVSaOYETk0ueIroJ1L,0
4817,HSyB6uiIDacmkpwsG9Jh,0
4818,FoS2Z5sNPOI1vQGWaRMe,1
4819,42Nj0zM5EGmvLJkCpuOx,1
4820,1esMpo6SAPHiTUGEb3Bt,0
4821,gutpXNfdSFbzG9wB7KM1,0
4822,7P5gA4ZdSNWuYCi8lqpa,0
4823,hyx7urYs1ViGUA3PT0XK,0
4824,Igx4oNafhQKyeMPi0VSA,0
4825,iWrfZKVPJHECxmN1vjz4,0
4826,3AS4rfoQOLUYWzMBwhGp,0
4827,k0LehV4nOdwpWZ7DmSbM,1
4828,3DdXogfvmHaRBNEJFjby,0
4829,Jt9n0B4wTIpYCAko1ZQE,0
4830,CjBNmFq806khnE1OtgA9,0
4831,12pnF9KehUmEk4SZP3Lj,0
4832,9raWvRhK05jbzNPpdQcl,0
4833,iXvTztNsUj9dJw5rqAWo,2
4834,cuQANt4oBpMzmYKRkGf6,0
4835,fuTc53X2xaYiHtpn0M6r,0
4836,ERxv2Sm37oVrpwNdThsk,0
4837,GnHh2cK7j9iZq01bBplw,1
4838,ez3yDwEmqdTGY5SMv9Z0,2
4839,IVQkUgrW24Bmbtfvwqo7,0
4840,hZ9FgpT4IDNx2mEi61r7,0
4841,H9VJ5DiCrbTFq7k0sfGN,0
4842,80SRBPMDkCmJlbwYAiWq,0
4843,KAGfZUyown7ieqDOgBYr,1
4844,B4jFHiRUxXK8A3oaC0OZ,0
4845,2bZlmksaBHeNDVnf9PRx,0
4846,dcBsUgJNZa9tHkVISRXQ,0
4847,fE8nLpWCmaTtuvchbR1I,0
4848,93hSUYmZjMsVpPcHJRCo,1
4849,enDwHFXxh8CzI0WTg15M,1
4850,9fyAiTPMpZvqX6Khnb7V,2
4851,e0qEdcwmYptV31uXBvn7,1
4852,K2jtlV1Dx4ur7ySJP5Uw,1
4853,BlshLxAuJR0VGyQWmT1w,0
4854,dQ5kFDwP4ByqU3tnLTZf,0
4855,fOrPe5av8zdo9NXFGyY4,0
4856,h7Kbin4elq0PXJo2pvrR,1
4857,gtiXlab7VqBfK2PYzdx6,0
4858,gGbvOKAXCB5047PEf6aS,1
4859,GXFP0dYvns5NoQtIBECf,0
4860,gbYsj2FL7BQpaxX931OP,1
4861,G9uS0QUHK6oW7XPmqvfj,0
4862,36wkArG90VEziKRNn4WM,0
4863,dYAObu2FDVoXmvTt5UjG,1
4864,cWho0OsVSbntY3fx1Rd4,1
4865,KAVHCXZWDib1zxPOqINJ,0
4866,ixhrw8fe7msycRaFKkdC,1
4867,7CDSOn5YoWvrks1ZcKpQ,0
4868,2rYVwIn9AyDjRPBXu7H3,0
4869,7O0WDlde2cJBq9VuM5nR,1
4870,2xQalME3fIsHzjc7Zo6w,2
4871,c9tj6deKFW4zDfOvE5VG,1
4872,AsxbfiD2HFmWS7q5cVhy,2
4873,A3sl2V6Zkbfv8NOQhotm,0
4874,J6knLo1rpRBEldSt7bw0,1
4875,8cXfpniBZaYVAzg5xt19,0
4876,2j4t9uRGXVnsH8hxEZi7,1
4877,GNZvEY5fDAqxhpjdysn6,1
4878,CBZdlHELuV4rTPSb0sNM,1
4879,9gMZ6wVFX7KvHN3y8LoG,0
4880,JBXrCHbwSvZ9c5y067Ol,0
4881,dDqoZ3Or2ja7chv8PSQn,0
4882,GBi3fRHvLPWz5kStU8hu,1
4883,EkcHTrCgjeZRFKY2hN3J,2
4884,dKt4HhezElT2nBIP6c5F,0
4885,6KauYyxGt1n8wViqbe5X,1
4886,6U7aMPmel4gBDkRCnt3E,1
4887,9rMC4jyes0RoxgZwIGkA,0
4888,6TUw1J5DR47dAgmjHLOs,0
4889,Cupb3XdgzL8ePYcWiF61,1
4890,E9AvZIuDkLT36dK8bPj4,0
4891,dh4X96NJfygBLnQSze8c,2
4892,bKUMpyOl7R4G3id86Pc9,0
4893,39YX8jkenM2UHOvCRDq5,0
4894,Fi4uPsNg2TcG95h7JR0d,1
4895,g4N1hd78brza3nYsHQfG,0
4896,AOMqLsvZmIi3pK95D4CR,1
4897,gPA06qVDSM1XILOKoG8R,2
4898,Jw2B8a3TEXqztGfdA1Dc,1
4899,GYNuhSXjftWM0AELd7Vm,0
4900,fTWrspAEHwnNFdCh57oV,1
4901,BiKc6IFPEovX59sgzLp4,0
4902,CGjAmy85OhvrlswNZVKt,1
4903,9kWYKpxTBGXd13Py6Ulw,1
4904,9Ur08SqELYFnQAHGva7z,2
4905,iDhagNWxZI4Y7nQ89zHP,2
4906,F5nJCOIi49ZHxkAY2bBz,1
4907,bLoq08BDK2sxRG9zAPVM,1
4908,fLvDejnz5S0RQbJON8CV,2
4909,co48SQZLvCsXf2utnIHG,0
4910,ksTyZ4jN21lBiC9UYOGe,0
4911,9jyrhIR1pzD6LQYEHf0Z,1
4912,CQrRKsfpbjtk43nzmwa9,0
4913,0x47zZTBynC21leohIEs,1
4914,E3YcxZNkd6VrQwe8FqiL,0
4915,BAq9kHTFUjwlChORvzXa,0
4916,FdLBvyh4RzmoEHSG8ANu,0
4917,DHjiEJsSkPOrpdF7RNqB,0
4918,AKuYXb6dyLtEeiDolpxs,0
4919,FEDY3WZIpvTcdGrqkObx,0
4920,2E8TYK3xVP6RAvItNej9,0
4921,j5HNabSQY1ZivMrW2gFL,0
4922,27V4S1ncC3fj0gitGuDI,1
4923,9YmT5IGJbOlxBD4h06Vy,1
4924,gJoqRtiAQ5InmXCHjdEr,0
4925,GxlJVp3SyrY5vKOd9QgR,0
4926,GDZJ2rT0NmUsgPAkzoMu,0
4927,1libdFwcBaLtXRCmMZGe,1
4928,ic1gqvXzQFDjZ5YxkmSt,2
4929,53HdP6AB7nv4SuhI9Yci,0
4930,I9zqNg8Bj7RECDreiUX4,0
4931,F1nhXPej7m8KOUtGTVRk,0
4932,bVdu4ML9qiRgTCSvjtnG,0
4933,jumeizJhVvb4dlSn3M9Z,0
4934,c3XQ8A1gHnbM9smtSjVe,1
4935,85m4HMaLjpTxtlovqZw0,2
4936,92mDMJfaqQrwCSiX5Vht,0
4937,cRESGWXJKb4i1L2qsrMt,1
4938,hdGzSti0HYqTLaZ4lrmv,1
4939,e65UwgD2OfTtXkA8GluM,1
4940,5LM8dkt1OsGXwp3JSP2T,0
4941,H1yNEYo4ZLxmKklg2Mnz,1
4942,gNKpoY74nrmyQLZJaIkh,0
4943,8sNQwJpT43ohCx2MjHaD,0
4944,6NIybqOdJ4sMVfGkhAH5,2
4945,2FM7DbSIHweyXBx8UVNQ,1
4946,BptGe4VriOWLUXmwoN81,1
4947,hJAuWl3aGKLbRz0gtiSe,0
4948,CYEUPAcItFWBs2VQTyKb,0
4949,A5qy6H0JOBYsbCapvcfU,1
4950,Fw3QCzKGsD9e86pgLiIm,0
4951,7OjDaWcAZhmgsMo0qS1K,0
4952,5sJV4UyRmLc7Mx9a6ldr,1
4953,7SAUNtQf8RMmL904jxID,1
4954,eXUS3QBdChLqRxM8aYEs,2
4955,GwusdVTRkYeZOaAgcpHm,1
4956,5NShAgkwDP1u2MC7s6JF,0
4957,cC9waqt8X03K56Lou2HT,0
4958,ecnymlQOXg3BADTJf2WH,1
4959,1fJqS7HUCEa6PYx0ZLc9,0
4960,jPwdh0NtUaR9T4MIWcuE,0
4961,GhHS0zL9cgNXFK6j1dIJ,1
4962,AP7s0ptJOaL52rh9qNH8,0
4963,0JnvoeflBWwIcQa5GEPK,1
4964,85lCRjIZmV670qYBJSNo,0
4965,e536492vEYorx1jONqgG,1
4966,2dqWPx6MhJZoY37vL1gT,1
4967,3oMQAPEXqKpiBlHvOJYz,2
4968,JlyfLgRt2pYs1cmZeHXE,0
4969,G9AfUZY5xLuDFISqKyQs,0
4970,kAzywbamDKcOWFgZGTQ4,0
4971,hFEc3IvTKgdysL7etM1r,2
4972,98gRXLdAIUwOG0eor7Fl,0
4973,4pLtjmWkx3OYwiADERhg,1
4974,5a8pEcRyqVKFmYnGsTrb,1
4975,0rgudc7PpbexCtBjNqWF,0
4976,9rYnHZKwqkfS43RQ5JhE,0
4977,IqHpKbSLQ1J98m5sOxyt,0
4978,dZTvVqYPXm49Mf3uksbl,0
4979,ARUIJ6XPorhKji7SsHg5,0
4980,AvfiP4Bw9IqUEnQyOXbc,0
4981,3X9o8zrqkZThUFMBJjyL,0
4982,7mHG3hRAz15I8CSo9Kej,0
4983,eNhamfpF47A0WXjSiTqk,1
4984,6DvOLIs4i1Gk7P9dEeTo,1
4985,icj1JwTvFPKeUAkE3SGN,1
4986,h2cdZou5ylgEQaUiJvSD,2
4987,h3sORpAu1ScivEPIrBl0,0
4988,bZl1kUSLsMrifRo0cnIA,0
4989,eZR8qPzWGxc3STrUFkIn,2
4990,juPCJRHOoLngNAvBZ7xl,0
4991,HX5Tvj0lL8oVqCryhp7e,1
4992,0K6yBUcTw3qjtNo4ZQpY,0
4993,HxF89VRJUwYW65iBKOIu,2
4994,2pdHWrsICS6VPXhfyEwl,1
4995,d9aX84kmhqvL1eANnciJ,0
4996,iUMBXW25b4RIsgx78CZw,0
4997,aK2me78giLTzX5SCkOvd,0
4998,fbXU3OW7zh4uBEDJwA5Q,2
4999,3aAduIoFRi8fj6Q54xNz,0
5000,0RSW8EmilbznyYPIrgvD,0
5001,5zeZjrCbtImYUE7i6Twd,1
5002,17zD8kITZONlBWYdfvr6,0
5003,3VrMnozUtP519ThSG4iy,1
5004,HuD3AtnJlpCVLdkIWsZS,1
5005,CBg8aqJVTF3uonOkdws4,3
5006,4iXduF6eZKQlNEkzp2Wn,0
5007,if5VeQywStAXFu3snOR9,0
5008,iqIar6PNOtQDBcZV41u8,0
5009,6Qp2b3wMFnzhlKjxLJrk,2
5010,AUMy0gtvXYK74RT163ie,0
5011,1fMQAqC26xFJIgKpkrwS,2
5012,6xezkmBt9upOylqoX48E,0
5013,5Z4xvbHfBY9k8umTM1dj,1
5014,ARLikU0rTQmDbZeKaJOl,1
5015,e9M8Qjno0aqN3HhLZkY4,0
5016,hkscPWGaIw0ALpHuNKr8,1
5017,EXb2I0iutSyZ1V8r69wk,0
5018,9mHqfWkgcJb7utKZ5rCV,2
5019,aobyYRuzim5e7EP3rCL4,1
5020,d1fXGRAg2psKqVW93zTk,1
5021,D8jUY2W1v0cqAGxHNVm6,0
5022,BSJOwazTVHixmLDZEuUn,0
5023,45bI6DlJUGh8KF01ExTW,0
5024,8MvFeGDWuTX2KEgh4PSl,2
5025,hrMLJ7DFIfmUGPB2q8y1,1
5026,6q5pP72VsJa03IoXRwKd,0
5027,G8ukS97hQUnO13ZIXoLM,1
5028,05IXcWGxvnkto4sq17zZ,0
5029,gzpYy61CS5aDhJdOnHMN,0
5030,diSGZtbRoam1lzTkB60V,0
5031,cATwxq4GrYsZpWg3oOfk,1
5032,JiSOgRmtv7I25DcolYBV,0
5033,aXbDi405xeqQynl69Yk2,0
5034,JPmXNcrqjh3GeDu5ZnH1,0
5035,gAdFOfVQUxbq738orWZC,1
5036,eGMTAm0csZLI9QbJpCUY,0
5037,0qPGt4cRVk9NoiJgubf2,1
5038,HA2qnVEF4t31ceLkiTbK,0
5039,5ePdLKZoCV9nv0xIWcl4,1
5040,6LGpjCQ1OTJlvxRH3m97,0
5041,1nyRDJYtOrpTEI3CmGHf,0
5042,BH56lpgQn32eUyJDFImv,0
5043,i7OuEoAMRfXK6FW02vkr,2
5044,Cw9EpOinq0sjVhcdHt6L,0
5045,IuDWhwfPcYTK3LBovO5d,0
5046,81jMeyEZiOpJkCuBlDYg,2
5047,7wpdECAtSosOImULRkQW,0
5048,4KmZOnASsyHRUgVkw5oq,1
5049,0AV6MPlrTWG4fYI7NBtQ,1
5050,GLcwfP1Z08pVWrg7uoy5,0
5051,6HTiZ3c0vd2PfC89GRsN,0
5052,7vKDaxCOzwoU6ZT1nNys,0
5053,EARfujkVMXW1wQO9gcGq,0
5054,CITaOLPoy9vEpM0qe8X2,0
5055,Gpd5s3Y7HKwXf4NaOPZk,0
5056,c8BfFP6iYEIRaUxdGtmX,0
5057,eshmyC9W8ckUO1SYuAjn,2
5058,EmiXnt9e4fpSTUDvcdr3,0
5059,54qJObilEHdFuSCyfhZo,0
5060,9LQfr8w371dNWSsRI4Xv,0
5061,9uMNJCSLlO7dvfgb6szt,0
5062,aoBnFI3NmKzYylct2xr6,2
5063,4DxsyQuwaLWHIfzcTqli,0
5064,6XM2qzI9n1mZf0tu8Qlh,1
5065,602shC5njSE4yHNZ3QFM,0
5066,8LSWJ06fMwxvnDmCGXkh,0
5067,a3jbOGQhRI02H87PlkN1,0
5068,cw9MqhojugmlnC0iY386,0
5069,CJ3iR5O24pcjzwEH8StP,0
5070,ISEbDYCrtqnGOPg3Qdzh,0
5071,ElkwpxW31RdCmvbI0Yar,0
5072,J3Z47eiRfVBUtdbrODSK,0
5073,bdE5NOrmaBpsYKGlhIPF,1
5074,ECp9uB1OcNkKGslaZnjU,2
5075,iNAkPdWahDTFG8MlBtEY,2
5076,2sf3AQd9MjP1xcLFRYyo,1
5077,5ZzGq1x9jt4cWUemd62s,0
5078,J31r0hE2xFveWf6CNwGa,2
5079,3iHvsmdx7DauhSPKfec4,1
5080,HG36dvEWlMhRoN9mwyZB,0
5081,0IyaidUKRqnt2PDfOzHT,2
5082,3PmaDdlEYWrhG6e480xp,0
5083,dB90CQlLWSpv1myr45G8,1
5084,gbpQC3mJrM0Ho418PR7W,1
5085,ax9N5uRm3QvLVoWJnZsA,0
5086,f3dQVpXJs8HceUMBGLPk,0
5087,a5n3BtqdsJlZfup90MS7,2
5088,g80ZFdKzRoNCvqTcejrV,0
5089,1T3m7BMCLXpu9JjyKH8R,1
5090,GgCnpajM8dmXchq1TwZy,0
5091,4qrvCbJD0SmV6ekRhjP7,1
5092,4mAYcV9nGEikubgUXteL,0
5093,IbALBFiNrcgEW0h3Ow9k,0
5094,7UAM4qtfCHSauXLeV1dy,1
5095,jUK5O9P6bJSAiMD0ofQy,1
5096,bGSHa59j3N4FhUotDQsk,0
5097,4e3mraTBH6EvMYXyUVtp,1
5098,bzcsn9Q08SDWutfxMhYm,0
5099,IxVpXTyfqWoj8ri7sMSc,0
5100,4PHfjxZBM02k7IlDCLcN,1
5101,Im34xwvrNE5U2FGfuSCH,1
5102,D3ukxpLVATJ8FR5m9Cjd,2
5103,AJqGYXfbQxew3MtIsyrp,0
5104,fPUD6x9tbpI3GclZuTJM,2
5105,gp7MxT3EYbicRlBKty90,2
5106,7fzIUtmCP3pqN4yXTawd,2
5107,aF27JAotY8IWj43ECOmu,1
5108,gtfUJnxsp1hbBlmeSiL9,0
5109,ht0Lp1XYaVveSyInJx97,0
5110,D8hnW1FkOeZw5mVsKyx7,0
5111,AfYhFaoTP9LyZRwBtm0x,0
5112,4eIl5buqShKLrw0dZYMG,0
5113,AkSm1VnbXzwCOrBlIPQZ,2
5114,dLbutyFNmW7nfhUiE4cr,0
5115,dZv5FgTBxasz7GMhKRSL,1
5116,fGL0FWUZNaCElQ8nIiJ3,1
5117,4GMZpULJPqivrtRe98sB,2
5118,DrNO6fVRJLoqYK4Bkdy0,0
5119,dzValPwcOHZhJISqyp8T,0
5120,aXMsY6r5HDflGbOjUcu7,0
5121,ehW19YdIEik3jUpGA8sX,0
5122,ESncNgeGJIQujo6vOTBa,0
5123,Bwy4zORApCad3tDH9WSo,0
5124,cQobx3fFRYMVpG2TZ7UB,2
5125,AnyrEaNMze5xH7PhCobc,1
5126,0OfazrXvcTqVYi3dEGU9,0
5127,iH0WPl3gvIBwexmry2ES,0
5128,2NYAUVgtXPpbJzRQO7Cl,0
5129,KIhyTXLF9rMqtHe0WZVf,2
5130,6QWh10fPM4EYicpGBvlL,0
5131,0BIdbVDEgmPwjYF4xzir,2
5132,0dauMIK4ATfybzqUgNLc,0
5133,jhzl5tWPcD0gSFiKTwQ6,0
5134,HE4py9ln63A2hQzNcebj,0
5135,ay03bVKipBNvIOgAJxFD,0
5136,IGWl2w5OhUjD4oxuA1H8,1
5137,7tDpNPXUISleJCkZQjr9,1
5138,atyecAsOdg0rzCXHNvxT,0
5139,04QzZ3DVdPsEp9elLR65,2
5140,6U7X8lsfozR3gpB0NuaY,0
5141,BYVt3xvN9yOXT5adsIoC,0
5142,CVBnb3mE7XPhIuor5J14,2
5143,EgVXwZiSQbY2JPoephRM,0
5144,4TbLDIiV9qtauMfs56QX,0
5145,blznf6WSp3tCKOZviV02,1
5146,cd3DfPtAZqQHFR5TYJoG,1
5147,DrRgOcP82FKsloiInQ7x,0
5148,Aakq59juHDKNfbUXR72Y,2
5149,hsbekymnY8oqAfL3Pr0O,0
5150,btk1Yfq0glZevm2dPRsL,0
5151,dmrZGyScpfTCRzUW8a5V,1
5152,5H40FbQlckCMa3jguwS9,2
5153,3g7SToXfidhHqjZ5RJUb,0
5154,G9ItnR8HegBwlxEjDy6m,0
5155,fubHnIvW17oPhXJw9yC4,0
5156,89UZDSqlnhazBOCJrk3t,1
5157,k3lUV2ChNYupKI8vZxme,0
5158,EsV2TRxD9WA3KX10jq5Z,0
5159,g0DCo2kvMYdPAh4UNOjT,0
5160,IWxQPzmwgUTV0tauqOhZ,0
5161,59ja4ZLzRKwVFnsoW7fc,1
5162,hDkmuNtMpaExYj2VFd36,0
5163,g4HxIkhecATBOSbrQzjR,0
5164,ewsfhA3Dunp49SFNMoVR,0
5165,1vhszDdnUVgZ9M5kRYQx,2
5166,1SH4t9y0IAoE8QP5NvXp,0
5167,a5btWIHhlzjuXiBykZG6,1
5168,6EaniIdeHgsKTc8DWOG7,1
5169,JNP8y5lG7OuK4oq9xhaI,1
5170,figPlLtepGyVmDwXExc6,2
5171,jta5QoJ6BOMDnvhIu2Uq,0
5172,Gbf4Z8pqFsrxyKVQOcWg,1
5173,e3HSBfTA9MXzhEN2qIpL,2
5174,feZ7xu3wlJWDkongUBiI,0
5175,5bNgRzHpdGInuxjQBvFt,2
5176,C9YJUvOwLcdK3TWa0mb8,0
5177,d0knbOi6IGAalTuPQjNC,0
5178,aRizqmNnY9Xt5keBvsI4,1
5179,2pyCH3bsa08OgiokhEYJ,0
5180,eWR4wdHSfusGVlc8t2rg,0
5181,bniqS1ycfOAYX8a2Jsw5,1
5182,cAxogRZB2v9lEmzr10Oa,2
5183,1kouSC7XqwfbyQVWnGZg,0
5184,ib2RUqwWKhyVAlD7SOGu,1
5185,19zYbuW3XONcEedv7xUl,0
5186,Cpl1foGPHIm9gsve5NLV,0
5187,1iPIVbHFlw5Mcyn8D2Nu,1
5188,h4BSMuatm2gwqDs8dLJk,0
5189,jpdhY15v8mkeftGiF4VA,1
5190,jzgSsMvr4QtI5i2LaNlJ,0
5191,13TchIQbYmGgO7aufZyE,0
5192,k7Xf4A2MhsF9jgiD1UGE,0
5193,gD0iXSVtJzPQhsfGvNar,2
5194,KNgWvxRr1p8qEfdlsLYM,0
5195,AFY7KdVJNL9ng4pjk1mx,0
5196,BYbQ9W5h6m7r4lzwfCqI,0
5197,6n492zCpNIkbrcsGyVUj,0
5198,Ftqd7rZi148x0zIJMQPY,0
5199,9c3JTf6xQqmg8o2H0I1h,2
5200,19lTEvHhVDprkGxgXLcf,0
5201,jsWqfHZe5rIdb4QgA6V0,0
5202,aG3K4v9cinAygDWmT0Mp,1
5203,Ci5VoabAKvT208Z9rBmq,0
5204,7zr2DsIWVvgJmx3ik4L8,1
5205,eQUEjktxdVNPqmlw3nJW,0
5206,27wyEMFY6QlxGfzpZ3iq,1
5207,8NTcV06HquOrdJzygYSF,0
5208,iTaQmnKNdO3c5xfPLZYw,2
5209,AydrZmxNDPoiRfbvXCW8,0
5210,iWHoYVvyGgmCQ4NEzRU3,0
5211,HD1W2pcn973X5YaQVBtv,0
5212,70xElcmWgS1fChNpniIG,1
5213,ht5AemRiZBk9pDundTw8,2
5214,b8KgVcy57AWMQtHEqdxo,1
5215,Alk4h8YQ3DrOo2KFn5fC,0
5216,2FfmJdWv6RrIjzYhaKZ1,0
5217,eF5DpZHyEhGqCWJVv7l2,0
5218,9Py0kQsvVcHmJe8fZEdT,0
5219,jq7yDM0YvURn4mlhtec2,0
5220,891Ymzl3VvoJLAMXh4pO,1
5221,7QNdReHl4GMupPJ6yiFs,1
5222,jBAq9uw7KzWcE85yJMhd,1
5223,6ZdpisIvCL1GornaSU4D,0
5224,DhWInBmVuLfEF18YRPHZ,0
5225,gRBocU81iGy75lemTdsa,0
5226,6BIMrSNvawLAUTejQfEJ,2
5227,JH5XUDg8MOCWt7xQESRv,0
5228,4l7o0adxGiDvStmFVnzb,0
5229,A4L5MciWJmYurOp2RxEH,0
5230,Cv742oSZumb1kGIU8YBN,0
5231,9uDtE2c4eHXF0Qvaod1W,0
5232,drq576zAkIsjDpaOCLQ0,2
5233,1NvKF7pMREf4iVyzZewr,0
5234,Anhj52SkgdeY1FfuI3GL,2
5235,8gtaP24AeukjmiJUoCKE,0
5236,fwMvl83WJ5KB01UN4ckC,0
5237,BY2yoiJLjKAPsgCvDXQW,0
5238,5rtfSP91u3LJsbzMVWnw,1
5239,hpRHqfonKgzAbd83XVUI,0
5240,b7fZK24zqGU9F3heMOdt,0
5241,Cmf516DZaASV43IUQqe7,1
5242,3NctGxP1CHAqdXWho2F9,1
5243,JytOpUNjThR5knZgifGQ,0
5244,j9fqwK78kFxmBWclQh2N,0
5245,0HcZRmLi9VTpuQJCoXny,1
5246,1jinhWv67o4ODebAw5Q2,2
5247,k1fUSL4R0yqnAoEdQvlD,0
5248,iqaJCAMOH7fgxpvUX5y0,0
5249,bGjVCiMNpsnIBXT59eqg,2
5250,ibds3l6eYOnAuZTFzC2x,0
5251,6Soz1jDVE0mYvOwbty7Q,2
5252,48Dhca7LzbPTWN96xjFY,0
5253,hKiIqfUL3M9jvJVCFBAp,2
5254,40dBpWDhOUzZ5yVAKJF3,0
5255,7AlOZ45a9VQ63HKDyU0z,1
5256,Gr48vzoJW3QHKNFmqeCU,1
5257,8bIuJwoxYKjFVWSdnHi6,1
5258,fmcNPq3vhgr5Tx8ZaRWI,2
5259,gD2jWCFQ0m7POR5uElfN,1
5260,GHwiU2dzIQBjApR8Kfhn,0
5261,8vMOlAULDJyi3PK0SWg9,0
5262,9HAkGKpDrq6hecQZysNd,1
5263,FLumNoC2IxqDP1HSj3zh,0
5264,G2NCXj6ZWOyTFALv7Hqd,3
5265,4EdAzF97t5BgP2KQ1v06,1
5266,Bm1lbzD7fUOh8soCgRjV,1
5267,fDvcA15FYzlk7Jr3I64X,2
5268,HuU7Y0xWq36QjARJSvad,0
5269,a84R1sFmP2NvicpgkJIo,1
5270,HmyrPzn4LNuxQetUMlfK,0
5271,9f0vLRPdeQOU6V8Dgs3k,1
5272,2XoqdSMTgrZKACjPynfW,2
5273,gNHXp32DAWxm8vJbChnq,1
5274,ilEPJ7GwKoDNnLH0mkeQ,0
5275,4LmXA1gc7unUyMPvFQob,0
5276,iF5AvoV9uKdhEeS7msYt,0
5277,F6WTdXrgLfco1s2PUlyH,1
5278,42QdnyRoXTisYJ8M9hEz,0
5279,G6DuwWL03egOH7vqrQMC,0
5280,9k7XsAPloT1qrQeV8RCa,0
5281,B9Er5flSnY8GPoFJb7vz,0
5282,1zP8Fh4ZWpELUrXB7Say,1
5283,ken1LRYK7B4ryGmT3MfC,0
5284,DtnYlsgyQ654Xiw3dkoR,1
5285,jWNEnHAV6QLM9bTPeFyS,0
5286,5S7GkfYCBa3ObXxU8hoq,0
5287,CPu0ovHSWi18aLz62pBF,1
5288,9vwWBi1yIHR0GcAOpU37,0
5289,b4fcS82CLHTEuAvUFz5W,0
5290,87DkeyGYrEq3xpKFh9SO,1
5291,5QY8ZI9CpAKr2olctdL3,1
5292,2ZNUOyAMv67lcYPoetkR,1
5293,bgEJ6vfWp0Gq5uTcVLyw,1
5294,jIaQr5sp0uDvHFnkh6GY,0
5295,5w6GuqFsfkxg7TWIDQBY,0
5296,iYM4CwymksIGXDHt7uAT,1
5297,f4jUEqOubyIYo3Fa0PVC,1
5298,D3P5wso2J0hYbKRIWaCL,0
5299,eDgCZMUwHsh2az0yLb9o,0
5300,1awKqmMpQUblukHhBy7n,2
5301,BDpyWqHITz950E3Q8Mf6,1
5302,jAPy1K0O2qwrC4VDgUGt,2
5303,0csgzpwdL3FbZEJu6DjO,0
5304,H0qUX7nT8yhsKDi1gMxR,0
5305,4pA56nslGDof7acmqjhw,0
5306,eUfHduyMrs3pJKW0imDo,1
5307,D9a2IwAvGMqeYilJ71gU,0
5308,c9LA5YNZJsH7ro6UvtgV,0
5309,cpvSmajetq6923K05MRD,1
5310,37Og0blzE4WYpZ5c9LMN,2
5311,agqI7DjH6FXER2dNJwVT,1
5312,85qIWFZNGAb6nLug14lH,2
5313,k4U7bfepOEJzgK8S23lX,1
5314,CxU4nQhjq7vPAYH2uOyr,0
5315,9BsFXp1YPijRvhCcdA70,0
5316,EvIHo01arDd5U3unLVes,0
5317,AJ3Bb6XsL925OtWelfUK,2
5318,05LHG8fR3iPn6agIo9z7,1
5319,3eaqPVnAvws1lHzX9GhD,0
5320,hCsobXIAEn6SzjftWM90,2
5321,8aIkyv7jJRcWpYOD9Ub1,1
5322,g5NnsVCLJdb1lzPBEUeT,1
5323,f1RcTXe596UypN3BQm84,0
5324,ejd8D3QOiaPBtfCvlskU,0
5325,9zgKyBYkuCJTjlSc7DNA,0
5326,h1Dy5qSUbYtfL7AM3a2l,1
5327,18SQsaz6lMJIZCknYpgL,0
5328,IhL9pebrmGl71FXCkyQo,0
5329,1vuJenm9cg2EtkNBwOUo,3
5330,G9jfR1PvIhwMx2Wts43b,2
5331,aBzIwsiXPGYFxKEgOu2q,0
5332,CHbcUtiQ5F2WNsjGndlJ,0
5333,EPz8I26gZmCOiGbWXwhx,0
5334,84RrvZ0uc7kqOhsSDITN,0
5335,HnCIJEd3foNTBUtSv7wK,0
5336,EL48d6uXjZxrHF5bsB1A,0
5337,a5nMiy8gBFtpuGTxIv0W,1
5338,jBkrWA8tOFNvCyZnPe2Y,1
5339,c3rIdOM29EHXF4ufexlU,1
5340,HrmycL45gqJ8UXTNeYfD,1
5341,EUsYBObJ58dXKutacDx7,0
5342,dcv0gytK4pFIlxaQSWhE,0
5343,bJWZMVQzly2ogEmf897j,0
5344,7TOAFQ4IL2oain9Z1DRq,1
5345,eQ4LrW5UzlSIdkHJgbBp,0
5346,BPUQG48TifxVLWSrYkld,0
5347,iRrWPIwXJje9usE2MvaD,1
5348,bTs3riAYydNjK0VmBRvu,1
5349,3kqaIlVuPtxQJejvyNZ0,0
5350,2qpZmcvFs4LCBNi9IX6H,0
5351,Ix1zV6v9hTQNPnk0aR7m,0
5352,E1Zeu2P3oilLtM8AvGah,1
5353,3OnykHo5geP1NAf6WVIw,0
5354,fyPGVdkrRq4mWwIogJea,0
5355,IQZ1HSzefy0jUGF8VAlx,2
5356,hNjQviUSpfFb3anIL0mO,1
5357,bkyRaZK7X1lNBeWmDJGV,1
5358,AuWm52oTYEKXDIgr8SO0,2
5359,4SlLxU3iCrsYunot8p72,2
5360,ePqHxpGIVMYKlj4DRJcC,0
5361,3gkZ4wV0vUx8haYiMuq1,0
5362,gNOcktmwv3FMZ4TH02EJ,1
5363,9mfSC136RIG0udNwqyKM,1
5364,6BuxhyM8GH4bfpVrjOzE,1
5365,j52QgsK9qrbeDZlvyUBn,0
5366,1uHZOdS3zTnrk8jXUQ2i,0
5367,Ajcs0ECN15RQ237GBbof,0
5368,1tzipfyUJACXjZYPBud5,1
5369,jGt4cydZi2DSfu3qbxHV,2
5370,5NMOKeAjmuGHlDnb40QL,1
5371,7W4mwlHBPNdcFaViXsrD,2
5372,IYACa9WBVQESgJTDtfXh,0
5373,A4i9wPlygmMQK2ftbXaI,1
5374,9EnBSdaVmKxjteDRPJ2U,0
5375,H7tCOwf5rzSluXiGsx8W,1
5376,ec1g6qTfVIQ9RL4DElyw,2
5377,e0i7wC2KdjnLfFBD9Moz,2
5378,7zIMcQ35pnFfgE9qr6vs,0
5379,gS1RpbGO52EelPdx04w8,0
5380,ItmNdeBTS2CuiGF8WEjP,0
5381,EgeQ4cu0XsFMWZNAf52o,1
5382,FvIYS1WO7BTpjMeH6UbK,0
5383,7OKTq3zbJBHh4FCs1LoX,0
5384,kBoNGqDtARYyC6uz5V42,0
5385,c4j1D5gS2UPRMh8GWBzm,0
5386,dS6yJEktRlWQsBaIFYCp,0
5387,Bp9yICsU7lPLvcuhY5Qt,0
5388,bT9MIkgOeyVW8cFHS67j,0
5389,dKcE7Q1zuFViSaDRUtxY,0
5390,6SUlhvQV0HI3ger5pXnu,2
5391,dEPvlBkpJb9sWIDfAaLC,1
5392,EMK2iukONroQXYWSv547,1
5393,cijt4e7E8HuyZpfMd3nT,0
5394,93vLt5cVNKnr7IsbQa48,0
5395,eF5UtAWbwBrYJlRVpNIk,0
5396,5xuVWX1BMUraEz7iDdH2,0
5397,9CNyfxIYakspKnHXFj1B,1
5398,6gHQkuhNCliso84zvqMG,0
5399,2QrbygLtTNwiOBfpoGCv,0
5400,iCjLYXNmqyRhtbeWfFG5,0
5401,G3R1rTmj9XlDLUheVcnN,0
5402,6IhCLEaHxfzjV5TbUNsK,0
5403,LdYVqZXi4EpATxvmBcW8,0
5404,7zuqG1fZwhQlyjcbHUeA,1
5405,6ByMewHIzS0LpsWdXZU1,1
5406,HPJWqBhI7v6zQ9DeLnO2,0
5407,Breoiytz9wOP7m1CknQG,0
5408,2qJP9B5QlxeDECIVzLo4,1
5409,jdqclF2YAsm4LJwZUxPN,0
5410,iEQqVxmbcTeIASF5fBjK,0
5411,13HkPY29CL8RzS0FOc5D,0
5412,e1Mw64jN9GpR23VBF0Ib,0
5413,3vaVPLlpNfMYGzIQgJKy,0
5414,8KeOIvQaxRdsU7mu6CrL,0
5415,0gxJ1YmwFUvnOzoM8N53,0
5416,6fbTnNXuIJg7QjhcKqSr,0
5417,hcGXIb1VuBzeANFpqk25,0
5418,CnAw9VxYtrp5Ps2li1ML,1
5419,DpZu794kIF3KrQxUVmf1,0
5420,dSCoRmelbUOs3t9Bp8g5,0
5421,F1elM9bnvJT6rG4AWk0d,0
5422,jtbI230ofwYMxRuFdpzX,2
5423,5eKrwLvObGWDydgPmXai,0
5424,148bgAqCj3NzaHwSP0Gu,0
5425,JlhVH357f6XkT2EsP4DO,0
5426,dqeifyYrxHMKvs0p7Um3,0
5427,fh3mXC290V6xOuwkWAgp,1
5428,i9IUuFXp4GLzKxO1V0NB,0
5429,AxgUXnZuO2Wfiwd9Kcam,1
5430,3nxujXtip8hGHb6ZQdA4,1
5431,7D92cJaF5QIdpA1OEhSt,0
5432,F8gCLZcH07qTkiBwpjlO,0
5433,3Wi8BgsVyjH7oKbEPq9f,0
5434,EY5VL0ldsmef3GJu9zIv,2
5435,iQy8orOf7tFLkGpZ0CBj,1
5436,ixy8u5ZQrBm61S3LPOhH,0
5437,CM0B6DmviQhWLzTuHRnV,0
5438,1XKY6TxM2eICFymS4AsN,0
5439,jldp5PK6gw1O9t0o7svm,1
5440,9CzLKlOgPSt6voDTQu8q,2
5441,9IxlHe7TDc8iUFbGMumO,0
5442,9TtWwY7yjC3aD1HSI05x,0
5443,2IUJrWpZ8tboCh6O7aqv,2
5444,5VxRKX4N9ShuDZsqFepk,0
5445,EdSkji9WtJ3wTIHB8hQM,1
5446,fYpFPVOnCAKS80qRtiH9,0
5447,fJNIFnjPxKEvHemRBYsg,2
5448,1A7UqoIMrxHgVuW3FS9c,0
5449,g265T09zY4b3ZExKnr1R,2
5450,1hzZA7JPylptLbxKYOmI,1
5451,9yRz8iAj15I2ueLm4PtW,1
5452,GVfB3ExSgaYNZu5jelOU,1
5453,CVNHj8u3ZfAQOelMq5r4,0
5454,I2QaRs1y4TmZVLwWCPv7,0
5455,DGM9EySROr8hLPcelzgi,1
5456,5vAJ9yOCeu6UEkbFSsPm,2
5457,iBNlQ3bYzKr7R6DCXp2F,1
5458,L2QwdUyG0HISDVk8rcsE,0
5459,3ICTQcU6ebE5gGptuK8N,0
5460,CGTaYbKUWz1SEQqH289o,1
5461,gTzsRE5r0qPBDLWXtOmx,2
5462,9FqQV5edjvIzGXMo32hi,0
5463,jZGFYe2TP1uDgWdr0saH,0
5464,6ZviYOFyQP8sReVI2HrG,1
5465,8xWUVaRdteXQ6ZPykFJ0,0
5466,dbLieaCTZ5rU8mV1uBQx,1
5467,10oTLIHtSwzCN45DysmQ,1
5468,8G30bR6M9dmVXziN1Fxs,0
5469,4wvKaeRqlQSBEP9nLOMI,0
5470,GhcBFJEDH3mI21YTWl9z,0
5471,axV1BRUKJ0LwZfOcmvTt,0
5472,B1QctFY2rkoHdzXGnJif,0
5473,5BwP4dfo9Wmlcsj6XGR3,0
5474,8sKZIX9Et54TMJP2fGBy,0
5475,DHC8dfnBFe51uchblZsk,0
5476,BDtAYVl9jedMn7FJ5H01,1
5477,aN8PetkbW4RfxABMh2TE,2
5478,JFlNr7Vo458dMxwQz6nh,0
5479,eQiJI9UaoyCMudbDKzOs,0
5480,gRJ3rY0TIc98NP1fbxXh,0
5481,hvFfuWd0XleJ9gUYkqZ4,0
5482,5DRVonhkBx0twcjXCsLI,1
5483,7dLqHjDaurgEQWxXYkyP,0
5484,DaHxzud536KtgRQ0sFVW,1
5485,7IuEmVGSFBQqKrjhcWvn,0
5486,3HljRUIAsgc25iJNBeqo,1
5487,DcS9t6ymEZvnNu8rx4C7,0
5488,f7YPy6jIpSWrhDlzwFXQ,0
5489,edIj32q07iClgnxvmbDA,2
5490,7m5GMT1j6VFifne9D8Sq,0
5491,HNaWLdV5YIytUe0pFXCA,0
5492,COdQXbslFapMY0rnNTLE,1
5493,3p1PbuZYL5a0XcqxNTdE,0
5494,6sWpIKmX2qS91GMtUy3Z,0
5495,6nw2iAevTqXH1fsatcp7,1
5496,5FwqQXsTrni4xlKDOdZ0,1
5497,8P1cV67GxnzBtkmf3YMy,0
5498,IGlvaPi7VTjxkAmFb05C,2
5499,7NvXmzKWC3VeUZaBFnSh,0
5500,JcZ2u3jWIaS7nD8Vfp1E,1
5501,5RB4kWetM0mahHf6pAuX,0
5502,K6iRbvqZrJ5h3C4x0mMT,1
5503,am8l5JjrXW2hyn3FS4iN,1
5504,E8Yx61NWCXKRkeZpSt9n,0
5505,fIGuejtwV8C3bQ6FEnoO,0
5506,6DwBVcR9gWMp2QyGkhPr,0
5507,k9Vp4RQczHiGXIJ10qMf,2
5508,IBenwH2i7GYhgyKVt9Q0,1
5509,4DYgWsnfa3t0zUXAVrPw,0
5510,e4UyrvS8HOX5tFqGo6jd,0
5511,8Bywd5tJUzgqbGmvcIS4,1
5512,egUM629t8ACVhj3Bp5rR,0
5513,fXP9DUSu5dt3MrYOKhAi,1
5514,Bfwzv7WUD5ucy9t0qrMI,1
5515,EPGmbKVeLBNAdnkpT5sM,2
5516,581bD2ouMmKpySGQszri,0
5517,bfRSxLKkthU2yJTgYePo,1
5518,cMtHXFyh0bSkBKZ3aW6x,1
5519,1qtPBkfg8NicIxdaOXGo,0
5520,dPBsX5TMfCqlKYitkS7E,0
5521,30ryX9b4elIiQcPaVx2W,0
5522,jdUNHTV5DrnJSZqW2MPp,0
5523,D34oHsTMkn7vaOWFQUy8,0
5524,eoNUwRflCT6zM13r8pdV,2
5525,I4nGjE570138M6hqXbmA,0
5526,9vSJ1dDnwbxl4Fm0By8h,1
5527,Hxmc6Yk7XuZsypBWlbDz,2
5528,fXPaL8v6bgNqRIcn1BZO,0
5529,BN76utiov1bnXza58ZTJ,0
5530,dxXyVcRlfr3t6skMUPCK,2
5531,cuQ80MAm4va1koYfLeUG,1
5532,GiNkXlhu50STxfgKa79q,2
5533,7sXGVmyjMe1bc3LdOnYx,2
5534,7dJuvOHt34rg0cGQ6msU,0
5535,4qvPNwKnEOg8R1m6z3ZY,1
5536,IjoyeRsfBXW3bOUDMArL,0
5537,5RNxlpjUVmZwa4SIzODJ,0
5538,17aN50JFZXYrcAk2iCtG,0
5539,fiXI4tZdP6M2gKW0L1bj,0
5540,aORXG41yvEDJcbFNfxPw,0
5541,G8unSowFszcjkpdafJWe,1
5542,fvbowPJXxAKQsVt7MiRL,0
5543,6l0uUHJndYLNAEWjxg8O,0
5544,HJ68L4XrwdsxCnZ37bei,0
5545,I09WMFrpLYEUNljGZeBt,0
5546,inedOmh0W2384wSNLQ6q,1
5547,2VEsIiQxy5a60hwGAolT,2
5548,D06LWUbuEB9O8toIAfpy,0
5549,GHsNPB59S8jJ1Upa43Ah,1
5550,0gL3h5G6CszBV7RSinjJ,0
5551,CYf0IKGlMvP836UexBnO,1
5552,Ew2aWTApjRgkhKSz0Dri,0
5553,2wxRyP0giXLMC4daDunr,1
5554,jgc7JuLdUTfKEIiC32v5,1
5555,7Ounj5D9ZaJBSbK0iodY,0
5556,JdqoYzZN0X7PUBCyvspt,0
5557,H6Vad3u8gEOPbwveYCrF,0
5558,cM2epyubCXDZQgBKJ0NO,1
5559,CL29qImguW8Jefxv6yht,0
5560,3cCfz9Atbl25TUXm0Y6S,0
5561,hmljZYQoVN82BXJOSEtz,2
5562,AOVMlEpXa3N2Tj581QGc,2
5563,5CGnPfpKwzlobgBT67aH,0
5564,JUKui8IlmdXj7DVLn56e,1
5565,8kVfT5MmuErjvdPsZxIY,3
5566,FXOALRt8SHUp2naVJksy,1
5567,ILFSHhZsTilxeJEYNRM0,1
5568,2bf65CdkZTUGXjzq9KNJ,1
5569,1WysH96E7LwIYafNrmO3,0
5570,4Nxt0uDWz8f6YpPqCTM5,0
5571,0cdnSIvN489sFUwYlrMQ,2
5572,HNpYIJlrkg9oMPc2b3C8,0
5573,CVmZtqTvgep9y0Q56dSG,2
5574,aqws4GBWlifZPdN5kbXC,1
5575,1jedHW3Pu0SGBqv4ytO8,1
5576,HkrQFoitPNOjaUVqWIux,0
5577,GAHqOv5KajTcR648pnbw,1
5578,7nN0mHVK2B6v5dsMUiQh,2
5579,cA98WLxlpJCyq3ED651Y,0
5580,8dW2hOcgRfSTnapKVHwl,2
5581,4Ugfa1zIRAGubSCl8yNF,0
5582,0SaYqdFRA5G7rfktjT63,0
5583,HCaGgWTI2fY0qNdZzeVF,1
5584,8ovZYfGnP2Htekc7gizT,1
5585,C0ATrYp62uZIndBXMgmL,1
5586,gdmNQEslb8Hut9fyw5VS,0
5587,fBRjLOxWbPyreYn4hvkU,0
5588,4ufQ0DhPlE8xLpoRmJyc,2
5589,5Of9sWRiPv6dZwHIEqtS,0
5590,EcRZsJXubnGd8eSImAWa,0
5591,3ZxKMsRLlDYwnd4uPi2z,2
5592,c64G93TVZM258AUDSCka,1
5593,9EVUoh0nzpbNaQO8TiS3,1
5594,AQqlg1wKtNYafzkB5Th6,0
5595,KABv4k0f1jRtPSa2ZUdF,1
5596,D9spv8YxayThAzd1GbWn,1
5597,Gc9LHVWMU5tu7Q8fpFq6,1
5598,jnhylIW4dLfewzYmEDOa,0
5599,FPX8CW9NolmqKYbh3nVt,1
5600,HZ518CvW3dAJpwcoRIhx,0
5601,j2Ovf5KQNuceaI0yliHs,1
5602,FoafOZJusw17CRkz4Ul8,0
5603,gQOItc9hCLYWjk6TKHom,1
5604,bK8LJOUr6pNesx5haDzf,2
5605,0ZAJlqmphO4fjnVB6bMz,1
5606,EJ3BDKo82CwZcdPWN5v1,2
5607,FPBhOUAvt278Dop9armX,0
5608,IYXhFeyzUjrs6RNZcWAd,1
5609,4RKTW3jA6pyNbV2lgUst,0
5610,jhF9uVUQXrSw7bOt3Jkg,0
5611,34JhfVHMQArU8iNpvKC2,0
5612,b1FSAcmvx6wItGUPHoWi,1
5613,2yeOFAbBQo7CIL9WzJP6,2
5614,JtpO4ZqNWST65MdH7xhD,0
5615,gwEG0RDkZB6Xfru7JpVQ,0
5616,gmqz2kCeo9bVnEhWwBLT,0
5617,e7JZ2kUbKHzhfpMRctqE,0
5618,HC1UgrS8istEpO0A7avX,0
5619,4MvTXueNz2rS08iER1BO,0
5620,Jlcr6Ej1P3W04SRGh2Nw,0
5621,1IqjvX7dTxCu54M0ylBE,0
5622,DS3nJylYKdXQp7wbghk8,1
5623,G7JMvWmlnwiVpjcNhSdL,1
5624,HhFctSgYNdwyDxKLnAJC,0
5625,FMbivOcEYHUPoGgtKxXl,1
5626,A1HObY8XCjgNR6vKnPk0,0
5627,3MbT7ePSqZuEWgXpiKDm,0
5628,HzP3pTQ57cAULx6d0k91,0
5629,8w2sWctxOpoIH7VbFREX,0
5630,IeWFCiobD0axuwfMUsAj,1
5631,j375bQGwkDU9X18WA2IS,0
5632,h2f1WROF5miBuetpbI8J,3
5633,i8AI7QqlSXMaEzPCZRFu,0
5634,6tfq21R8nrIeSWAULNVk,0
5635,c4U1FrbkhoPEIXjCeYgJ,0
5636,hkwv0zui5laA6Wg4V9c2,1
5637,hsU2gaFmPKli7CzWdqtj,0
5638,JbHYMfgWXkjx7iVA0Za5,0
5639,JgBfH0iAzTC5L2jIcnmb,0
5640,IABzVohOWJZtRQXrcdC4,1
5641,e3cvTitaVJmhGKBX6xyO,1
5642,hEpcOWe8nsfUbY07Vwk1,1
5643,8uI6s0FjMC13OLyRcAkw,1
5644,huUAxkrTVYFZco27Bba5,0
5645,CT9nz5AgFyHGskIN8Oaj,0
5646,ECniUjgm5uspabfKSQAT,0
5647,fIQ7X2ysMOH3qG6kKwib,0
5648,fnuUPBWtXN7bSsMvRDem,1
5649,ET1tAiVW5rGwDjgsQxYL,1
5650,4gmLdiWMqTFlR0UhBY7b,0
5651,9WC4pIz3EqV0tOXgQio8,0
5652,CmqH2NFrlY4EyvzkTW1S,1
5653,JfHLpzI7Za8nXSy0lGjO,2
5654,c35p2bKLvCUAko96VwdI,0
5655,jPuWJtg4px1DwvFAVb6e,0
5656,IVMFepgX5rASctxiL7y8,0
5657,e2JZOtCHpEGf4YR6cdov,0
5658,6WoydrPp0u9ZgiwaKnY1,0
5659,DxXaHhzNWCijYObQsPry,2
5660,egm3lLTG8vfnbr2dtcMu,0
5661,bti2lKe3gdHYqMPC4SvI,0
5662,DMYi0TwJsZ5pt31IaxzO,0
5663,JMNi0s1eEKFpV85LZkrT,0
5664,DpNvYX1qedHLiQnRhF98,2
5665,g2uMpUceKFwO3SBx1TPv,0
5666,2wyvEnXdNFbxaAWr1Dok,1
5667,4vr2yUw5PiEgN6BaWRho,0
5668,CIJ1f70KSNDz8ZyoRFEH,0
5669,jcZCrbDqHQusThgnOeV5,0
5670,AkOyQ3YexrD8c9hdnuJT,0
5671,EXN8IoYcZs1qaCMBPtWA,2
5672,1Rr0hWX8Qz6nm3IgYLuF,1
5673,5FXu1yi9MvKsJIGPC72c,0
5674,goYPdUatw3BQEl6iCI0D,0
5675,KMyXSocsnmOZIl0N1Pg2,1
5676,H9Eli3VJ5WdQ2uejmpKL,0
5677,4oeMgulyp7aGZ510vV6q,0
5678,92IMlB5PUDxYuGOw0dmE,0
5679,AkMBjErNyVGnWaouCQZf,0
5680,5iTN1hBtkRDLcF7JZYns,0
5681,GPifvoxhun3rNgwZ7VQS,0
5682,41sxuO3ZpR5vAc0Kbjqe,0
5683,0zfLRXlhm34ASQUtrdjV,1
5684,ag9pwZE1YjcTzekP8nsb,0
5685,2kS0UbYlHrFLP1EGwM3C,0
5686,ImxloiQ92Xvz8ah6peYM,1
5687,3iZUOaXjKV0Dpmyrt2k5,1
5688,e9Jm5ZnFL3IS6ANtf1q4,1
5689,E9WouwaVCiJ7ZXKOA5Yf,1
5690,CktT6q3sciLlWEuahHQD,1
5691,4lCg5d8GD17tpwQso6RZ,0
5692,741Fqpl2jCHVTQdnMJmv,1
5693,0TBj7glMRJScN9GmOzyi,0
5694,FtdxnjOaVQHhMAwcf2Nu,0
5695,1Z6W8ERe03jfg7oICwiF,1
5696,AqYZlKV8H579cfpjFODJ,1
5697,FtmwqCbojMpvJDKB7H8r,1
5698,2ZPDI3tv7UdhkfRWu54L,1
5699,7cA9IVu3YOH5r8hK42wD,1
5700,APHtWI0Cm8T2yK9ZeBFM,0
5701,CqRBQrebnK6WNFOI4lDg,1
5702,3mSnzZXGkwKY4a7yp2bJ,1
5703,bSZgP3NGeYM4c65TjEWn,0
5704,4qgxbOSvFILhU1RJW5Gf,0
5705,bUNesvZQmcIxfVl68GhF,0
5706,3mpsxg2FODqCAXHbMKPi,2
5707,FoS47rVe0NgkwqDayJ3v,1
5708,hJw2Om4LxnIBFKo5feua,0
5709,GfCSdcknV4PzMv6Ui9W3,1
5710,H7i091zy2AOYnJvPwfxc,0
5711,i94Kjy8WADbQIuNOktdR,1
5712,aiMKVfemDq61JY94T8I7,0
5713,72cG6vkEjAuFBzym5P4e,2
5714,h84uQivAnMyltw6Wkx3f,0
5715,Ccw0Ub4P6y8ARuM2FihB,0
5716,dUfv0TkQX9qN1PzWpcFl,1
5717,dWy5HfqNGPs6vwMxB1m3,1
5718,3SdTQDpt7X4C0NkgamMA,1
5719,bj1D4GtRqlJwX9ypBE2g,0
5720,JY1d3lDuBMqznVF0NISt,0
5721,aeoETp7ktY2qAxGcBvfm,0
5722,BiZV7jR96sXH4IhbrLNJ,0
5723,Ik2JctT0d7BxoChuYREl,0
5724,jDfyvw6lL31RQYMBHGzq,1
5725,CkqxXreDEdPLm6QHnMiO,0
5726,5M96BvWCjp82FOPmu7dw,1
5727,BrePaE2xAs9fJtqvN1Wp,2
5728,IkFwMHPbmDB0VvxEWOGX,0
5729,e2r6IncxE1LQOKFGgphj,0
5730,1r6oKe4cpzuBjOYIhEsL,1
5731,A41Ov2nFcx8flziRwrap,1
5732,9v7VZlw8cq3MR4ynQtgD,2
5733,29WyrbfmNGFBVLoQhg8q,0
5734,gtdaw5AUufWFskKmGPpL,1
5735,jUDRevNaIGil1Tp7SOks,2
5736,dKETSOWafR8BIyGir4Qh,2
5737,IyjtB6DFWvnTYw1E934Q,0
5738,ECjwIxQoZPl8a61NvByq,0
5739,b1s2HyT8eifkmPABoWYp,0
5740,FZhGnySKIx4prT8YmNWR,0
5741,HzjUnQe2LAZmiT6EhGgo,1
5742,Hn2koKsPizIVUq1bWL5g,1
5743,IXcCRNnWtATu1fsQ2qaG,0
5744,CKrbqFAcTZ76hV0sz1jR,1
5745,Jj54oORSMYe7HDUKENpr,0
5746,7wt6aGYEIzuJOXjBbyZP,0
5747,cNVHORo5DAFCQe6TWSbm,1
5748,E2kSi8TAfjsCgOHctolr,0
5749,1mlhNbQOFU0VtAP8ZJBk,0
5750,G814DYsFh9PKktqvwiuW,0
5751,JzTXaNDCqKGuiEvrHOYS,0
5752,G6RpHVm2BiA19FaktEl3,0
5753,jcqFC7I5JRyf0ldpEoi8,1
5754,5PoseIX8Ak7x24hKQuNE,0
5755,DAa96Hpgn1Qfjd2mFCrE,0
5756,CQwNADZxFXBh9fUlOuao,1
5757,1Fe4Dk5vSltEWj3Kpg97,1
5758,Hq6B27bhV0lgvwaLGECx,2
5759,8luifjBMcd42pz0vUJV6,0
5760,Fe0RwyGuONtrH5mJpAx6,0
5761,GewamPurl6D0Fs3zvbon,0
5762,6RIhg1UYy9uEOLXsQFSq,0
5763,I9yrDjPY4kMqU8czFRmv,1
5764,GgZ3AWheHi7BjuKDmF08,0
5765,ES1omtPjaYebMi0JvOny,0
5766,KD2jHtg0IGAX46qF8PU5,0
5767,E3byOtrSIqhfnYPQmLkl,1
5768,iBz3MaqYb0PplxDhgTCN,0
5769,DHmvEUizRk4hQ1eJXld9,1
5770,dIsPRFf31otZBpVUOczm,1
5771,BUGAnop1NDYTh0txE8d6,1
5772,f5JFnNr6QYAXMdB0kyG7,1
5773,8hkxUfgW2bHMqPjrcNLT,1
5774,7RfoFlxTSDhLmqreOzpg,2
5775,6nCl3JdMAkKjXOgoN8U4,1
5776,5umzXcwQLU9KGO0aqTZo,1
5777,8fgzBbsoHXwJ6UvDhmL4,0
5778,37YaF9jLifHNxQPbq8hm,0
5779,8ZOdxFw6MCtiyqIkzYpr,1
5780,bLGq2tnA8CuxsF4Py9RO,2
5781,emUFPnYtVzvkxo42iQqE,2
5782,a6yPugSArOdWK1zQ0c7I,2
5783,2DbfJX4WgzP0R8BwrHyS,0
5784,idQxka9c57Il1oBzjsgC,0
5785,DFjelLkv1az9bJfysVqi,1
5786,fwz93tVUqB0KSh57QMkl,1
5787,JQ7wRLlnb6WqEkd28mgF,1
5788,egpf3iObh8MlAmqzRDPu,1
5789,DYwlopSqXfuyJi5MTbcF,0
5790,H5QR3qYhCvUI6px1oaEV,0
5791,gadc4pf8XmvzYSNTyOMF,1
5792,6SQwZ8l0jKCkh2ErRqJP,1
5793,jw6dqJau5vzf7Vylsb9D,1
5794,cBI4bRkZVxHU7f1ug6tD,0
5795,IjC7vkJo1dViZerbxwT0,1
5796,CTKbnhZkRy7AGstxePSd,0
5797,2FpVtbaHJWAG0ImwTzxU,0
5798,gquE91nRUy3XjiOdBfhW,1
5799,I8Eo1HMw6ylV23huQkCg,0
5800,J9fHxpesDYtIoUc8uZy2,2
5801,IpeJrMZy9XDfBVPGvjmU,0
5802,itDk014ZYvsbGMfdR2cH,0
5803,db7pXDtBiKLxP3J2WuEk,0
5804,EgdZfMrUuFpcJYmS3HVA,0
5805,CtGcyhMJk3wNe9BU08LY,0
5806,HbWgYw9MFDceJX7msTR6,1
5807,60qGO17KlItEySu345zU,2
5808,3MZriOFjTzUcpWfl4nah,0
5809,Fhdbq2nojZ3pKWlHgrIQ,1
5810,DR3eyfHBIJgK08krA1CT,0
5811,2BWnr5UAQ43bEg8tKJ0y,0
5812,CE2cZKbPRmYuOGwn5jDa,0
5813,DpMNfemG3cCqxurE9BHj,0
5814,hBGw5O3lt17ZMKRj4Xrx,0
5815,7YbIjJmqhesLUiDNnAHw,1
5816,0raU6iGvjZREQJYB1HX5,0
5817,bAZhqgSnCfNdXPDptGyi,0
5818,e5wMdCRg8E3SQrDqyiNo,0
5819,H2PfBYSt6hT8wIndaGVz,1
5820,Hl76G9NEXne5FzjwYkUJ,0
5821,0WQtf1pNPdRqUI7KJFAT,0
5822,Fwv6xNbYWaZqCEOjT2H0,1
5823,eu5p80LQma3sw2OhkiZ1,1
5824,6mlM0bsRQHnPwUJkEvN4,0
5825,Cocz51rsXakGETheDUbH,0
5826,btlCw0OcmiDT493yhXf7,2
5827,27c0DulJmYsz8ajZULHC,0
5828,egZPafzVDuMYW0oGTRkr,1
5829,EhKFBX8bPTi2JQnZDYW6,0
5830,40ofYnDCl8TKJXwyGmrP,1
5831,dQNpWIX76sBo4q1RbMJx,0
5832,HWgZ3UYk0mxrcE9Te8O6,2
5833,lcqv9STBAX20houtQnR3,0
5834,J38TtGLfwWuy90Ip76QK,0
5835,dLuRwUfn04V1ZsDpbvKP,0
5836,5MrYiQtEc4lwyBRWh8GJ,0
5837,BeSFz3OshNn8uwGKUCTx,0
5838,9S0BkrXNCxIEbgq4HGc3,0
5839,b7eATO1WEJZGYSX3MPNw,0
5840,IclMG0JOehWLQzYdwjf2,0
5841,8XTIgZSVM1UCWm49iv2K,0
5842,5V2a0gIrnbudcovQXh9W,0
5843,9BrzKQYJWfIU7C2whoPT,1
5844,2xCQWIzZGDP9fTbidlqc,0
5845,h1sIMzUVPxaBEXlnbdpS,0
5846,cTZaQl81E3qRPifYNIhD,1
5847,b69RjsrAfMoSTw1acJiX,0
5848,4xre6uX7BbkCW0LtSQdn,0
5849,FIxgyKhla8MGTcAf7Xur,0
5850,Al93Uy2JIpX5ikTNLj1d,0
5851,BTrgf8W6zVmKAhqxCNwy,1
5852,EsbqF29S3UBC7vMDOIWm,0
5853,723C8e4nNUKMLrQZYdpP,1
5854,hurl7S8UwEACeDgOBMYx,0
5855,DEjovOYT6qBFNflcSHbG,2
5856,9kjAqe6TgFsQZGRXcp2t,0
5857,hQ3JVMpHcxDdrXqe1Ult,0
5858,amO4HkjxM8KcdFBp0h5C,0
5859,ahXirbx93wGU1RMfLBCl,0
5860,gA94Fpfcq5lRMvmkKXYJ,2
5861,C7knyMSfZacwTAdUBjem,0
5862,eTQhnbRXam27Kwqj1MUy,0
5863,0xpa8zDNdEnK9gB1Wmer,0
5864,AwsXV6xuy3d5Pq0jck1o,0
5865,gakqGme850Xcf76A9SnF,2
5866,4dgyhKqaZbAvwx2eXFsc,1
5867,4mW3JCvdzTjoRaDPK9ge,0
5868,aYOGVixvL1rIfUSjBtQq,2
5869,GMw5FUkrDxPvy2XmV4cJ,0
5870,0sH5GdO3LpZwMbPaXjfN,0
5871,aeYfI1yn7sPiR49EW5xp,1
5872,2GjiEfvtJrInW9wOkU5e,0
5873,67RMbxiLz1OgnVYSElPH,0
5874,FURh5Tif1jXCzZGqlHyN,0
5875,FNk5ufg4GxHDLUpeOBmo,1
5876,3GIiqFjPozTtc4Kms2NW,0
5877,4fWRVvbOArgeL5KwP6lE,0
5878,KOsC9hgvbu7QEk085FZp,0
5879,cGv8jZ2BnPMdm64VWeRw,1
5880,DW4JTXzdAu08aLeQOFPt,0
5881,Fr94kItvl5LyH1ASRX3o,1
5882,8VGXzLxvhH0qIltWc35U,1
5883,Idry1KoQ2uFm0aLeABDG,0
5884,86QrjZewznD2W3VhpRbm,1
5885,iuy39zbPM8EZ4NIpOUTf,0
5886,c90v7sxVBkMbGzCoNIay,1
5887,HNRDf1hTCBS0qusaiFrg,0
5888,kh3ui6jzm0Q1T2IrMG8a,1
5889,9xCOeSAVnyF7GDbEhu6l,1
5890,EcurA2WMeGk5Tv9V4LHl,1
5891,A1ocVJEUfDn9bh4ZlINj,0
5892,jYWpNLrtc2ns0kMizPgX,1
5893,420SDzWFNamqIiHBYjPu,0
5894,bVPTFMfeAG0RJmvKYdWL,1
5895,eFEsN65mlqoxkhUTKCXy,1
5896,9kcl1e37zbpLWTPhSoiH,0
5897,Ao6pPNzw2BkKsX0hTR7E,2
5898,C2spzDaAf6rwHJ4tBgFv,2
5899,HS57ZBKpujzrE6CxVLWg,2
5900,65DnqP94QNtxbAHo1ucL,0
5901,Axl1rGXDEZ3ftd9agJ47,2
5902,iPIBLrzewX8YydsAOtnu,0
5903,JTQc1mK6P8bI7zF4f90r,0
5904,Hk4FQ1JKPXOZgqzon37N,2
5905,jy6vK4hB8Z2eYMFXdkbP,0
5906,Hz8NEvBRqL31AdfQgmFn,1
5907,ERYW9mVD8wcqBQXzk4dr,0
5908,hVxz0Pnbl9TRZ3t7mMs2,2
5909,B8JrNPWkKaxyn5ci1qYb,1
5910,19Emlw3WgC2O4iJknVtP,1
5911,jHklh9w41iEcTZ3Cn6ND,0
5912,5AycfmLjIp7NnvgS1JYW,2
5913,8QzroqkiRDNMZIF69E7v,0
5914,8p7F2yktHj4Sxd5IPJDs,0
5915,5QPsHaRAEIt7ibDdVy3F,1
5916,Jndgr04xmijEDKSUNtIW,0
5917,bcygaiFVYIRLd7GOsP8t,0
5918,I3E9CHzBKNQp8j0LOlmF,2
5919,imuPgZwAXOCS7k6DnNyH,1
5920,2lUahz5WrDpB6ejTcYtL,0
5921,9vig36BctVFzU7bJmQ21,0
5922,Gz7eNQgydq6s5TDvm9ft,0
5923,G5dlzsYqu8TkDrxUpXmS,0
5924,IsSfM9LGyi5c8uP3p7hJ,1
5925,K05YJpcfyTCU4EdShQI1,0
5926,GlBR2jy6Nx1HUEag5ISm,0
5927,DhZlIOgu7sYeHvWGbmU5,2
5928,HaFcfJxs8Dtyvl2rPnMi,0
5929,0X6U3SfcmbuZNodnH9qL,0
5930,IFfDHk84oQVNtCivPThK,1
5931,KGorN9J6XAC4bOEkmyup,0
5932,gLN4Guf8p6xbAvUZE1PH,1
5933,K70AVwRbXjTFZv9g463D,1
5934,bncivJyGFUKzOR59kN2Z,1
5935,f9ghvkO14uND65RQ2S0q,0
5936,9l5grVFxD4EItfTnqmks,0
5937,J4xI6SAhl3OuEdWmw1co,1
5938,1VDamNFKYErzIjbfxRh2,2
5939,HFyT4lU2KtEZfXP3xYV6,1
5940,5Xc0iAYjsG7ugxrZNIoS,0
5941,CyBDLTEdItp1ak9sc2Fb,2
5942,8nc3AGwk7qMWrEJhdSxP,0
5943,gLhwtl4Dd2XY1BsIS0Em,0
5944,CsMJmD2AXflrx0uNPijL,0
5945,i4UOK1laRc75fyTjMQru,2
5946,JsR2Akf5xer89PYDCjF6,1
5947,B0dnNijSbH3fmuCQIL18,0
5948,2aF7KXAph6mJnM9IbENY,0
5949,hwekzyp1YmGI3joFdLaP,1
5950,e5fn4GutJO601CgUSZF8,0
5951,kCyuYhjLRZU7XF52NVzo,0
5952,iQWgy9NUjVlnaJrCG4MT,0
5953,jh371q0WXKwZP8gynubU,0
5954,EoQcKwn0pjdGB5LAmSCa,0
5955,3Dm4fWY9chQxpnqAw5XJ,1
5956,dONo5qIgbC4PZ9yW6QSl,1
5957,6ZsB7guTtJqAp45VcnS8,2
5958,bWDzeRVOdvC0L6F34EAB,0
5959,J6NCAqTrpj7W1Z05XbdM,1
5960,icaSMQIhTNrDURZyoLBG,0
5961,iMfxGbk126VRgczUIp03,2
5962,JoKe87uDxvVPjcXlWOLE,1
5963,GpslYfT8v4PVtUNKrR0I,0
5964,jsTnFQZN0zuGqAgcOfaS,0
5965,FBHvx5A1IchTEYDPkU0V,0
5966,hjESsM1TOUgAXkLzZiRr,2
5967,cgZEp2RhI0eKqPXuYnxw,2
5968,Gtg83nF6ri2sIjAPMVhC,0
5969,BjaLF1KHchGQlUrYO6fn,1
5970,5xE14BrD0KvJ683OywTa,1
5971,3GZL4dcysYpv2MSVOPb5,1
5972,1eCQkhvgDSFNXYLJbAdj,1
5973,57GObyzuhHLAjWRCJaZq,0
5974,71zK8WqnBXjFkHvscDNw,0
5975,5DumcTR1Yk7N9FICzSBe,1
5976,dwSBf3y2m8NrMP57AVeQ,1
5977,IdgVGZmcO08sl6Ai9bEf,0
5978,JZ9xYnXykDNO7jobthiI,1
5979,dJwlcq0EsPRymQWS9X6v,0
5980,iabhfQKo2XPgrGpdZStD,2
5981,d8xwlCsZztFpTnjSRWf3,0
5982,J3yrHmKZTv5tpBlExFkh,2
5983,j1wqtQ9vlpxD5LMr34aG,1
5984,2d1DA6k5BE0H3MzRXv7w,1
5985,6sSpDfKNmx3R4rjQeW9M,0
5986,DBKHf83CLms5xjQMGraY,2
5987,HZ1WSp9dEVFumCsKg8Rv,0
5988,IyVlH08cxfzMLvjFbrOX,0
5989,CdoHWZrkilYB0mQEyjgp,1
5990,AaWxK6vm9kyePRD8gJLV,0
5991,CkzYDnrHsLQpKwhfxbU8,1
5992,cezkDo9iMP0yXgBJSaWv,0
5993,Hzek5JnwTtjLCOUqMBo9,0
5994,3wAXyEs5ODzB802Lgek9,1
5995,g6YuB4D2RCwjUHmW31GZ,0
5996,1h7nkscUw5lDurHXPE20,0
5997,b9KqM5ZVux1thrEBw2PC,0
5998,K73w4anvIFEZi96dxtA5,0
5999,IH0aSRoevUGE3k9FDhJA,0
6000,EjSPcs4ifvgNxIZB9QOY,0
6001,6FPdv92ayjKlUWbLmXS3,2
6002,fEnNJU3pLTbSOeFxaQ0z,0
6003,aloVCMO1bnqKtyuceNd9,1
6004,FR49leoK7WDw3QtHLU6k,0
6005,4CLQnNRbyBDWOaIMFog7,1
6006,1IyCi4PMVRA9ULJ8ZlGd,2
6007,f7kJQINZiDTmY5Cyv8V6,1
6008,bPxO8C4QDMk9nFzyvHTB,2
6009,8IbD9QgPs01NR7STfAxH,0
6010,edQak1FWxm8oPXDvBAU3,1
6011,jo31Zp8ISmPxHkr5R9Vw,1
6012,6OtViL80ylEW5ogaUH7m,0
6013,7DSdcK2ZLkFmhlXUpzJw,0
6014,Emc01jZdFVvCl7bWX2Ae,0
6015,gUqCe4oh1H7M5Y9EJQSs,1
6016,JFGA1Ypxt56ElPa3WUOQ,0
6017,J8EvIQbVSYOXxKC4wgd5,0
6018,1Ue6El4YDMXcVmBsqkoF,1
6019,JecsGrMgn5xWXVkyj2Io,2
6020,8WmlQwgVXPJzeT36c0af,0
6021,HNL7GobQlxzMhkga3uy0,0
6022,cGfr5knhzyK0TUIEom82,0
6023,82j5UBofDE7wucTk4CRJ,0
6024,bUhx0WFojmzE5BSZVqTH,0
6025,3zZpqyclD9B2v5Qas18m,0
6026,GOmnSkldHD5ABFoNX7Jz,0
6027,4QCBDTJFskOqox0H8XIL,0
6028,gjOIy9sRbtFGoWASY16c,1
6029,9pSnLG2tRJTQ6ClHzqfg,0
6030,2rRK7lxiQhSD4B6a9uEI,0
6031,ChfEv4KV6BQi0koFWMRd,2
6032,EdwQ1my8754NBkMaJxGA,0
6033,kMLGcpfOht689UwexvZm,0
6034,6SPDXoT29nxidIlhW1VC,0
6035,gQePb628SxKWtsRZcFV5,0
6036,25JcvPNOIBXgSrAEtpUy,2
6037,GLW9Re0OVAhCr4TUqkZD,1
6038,26mSoP1NGRYsyvqA5fbE,0
6039,BgxjMZfYu1CsoGX7A5bV,1
6040,g0bcCNUpQPmvBarDGWti,1
6041,J7pQhMRbE8j0Gq5wCLg3,0
6042,bMzad2EXxSlq1ftBj5UK,0
6043,Ju4nWgOCHXBlyZmTo51e,0
6044,jg539ocuMFHT8wErzAxV,0
6045,BAUuZ26kwLNq9a37WmpT,0
6046,2WxJSgf0GbH69yBQt3E7,0
6047,FmA5rcLou4t3f97bDvIK,1
6048,JyqYht41w6dOsI7enAF5,2
6049,JudsxDwAcT2XRjZkC7Yv,0
6050,ftboX4CmgIYJ3UTpAqS7,0
6051,FzSPX69c8nfrMl1pLZwK,0
6052,GSoMecQhOTdXZy7D1Cjg,0
6053,4WdqGx1euC382bUvT9mL,1
6054,FEA4PvbRKMCoNt109Suf,0
6055,72KpNMPtbRArxQLszX49,0
6056,AbLUSYiJdvfPVp6gxn0N,0
6057,EihqA5TIw9bVjH1oPFdx,0
6058,Ci7rgxmGAh2uPSvJFjl3,2
6059,4bHkABPdfrjn2DYO97g0,1
6060,jh5EgYDdqxsan190RW8U,1
6061,DoxvCPAMl639BK8FYpLV,1
6062,aQfkEzM0K4RH8bIexyTd,0
6063,jqWFfN8rz6XB1iE3s0Vw,0
6064,B50qpIVmRKnr41xaPSgX,0
6065,C01DeUio3WYBJg45AM2H,0
6066,j1f9O7g3wFBd5GqlKNML,0
6067,iShnob7ANLg4E13UVFcT,0
6068,5StqsK6dcek7TrWPa4EO,1
6069,gvhcKkI6twz5QeJ1BjEx,0
6070,BaXqJjWgIMiF9hbOTw4u,0
6071,AafDoztH3lGEhknjFZJM,0
6072,B7QcjYOCZ8RmDH0xtWfU,0
6073,blw8c7vA4pDdrTk3Zn0H,2
6074,chOj57nWgbIe12SiJUFm,0
6075,3hYGWBHZ6iJr9X8KxENg,0
6076,ArgIoRxLXcld0nwN5EGV,0
6077,K8oHqBcZmDrvwJP5UpOt,0
6078,2WBAlcgeu4zZbTNy713v,0
6079,Fiq2TudjL5KZAoBScWvJ,0
6080,iwJOhQfj1vm6qbGcE0ZY,1
6081,CLpFEnA496yoGwrdmz78,1
6082,anNmxI0dCHhXqo6QWYyk,1
6083,8z7S4FrQvgI2a96dnVmf,0
6084,ehIMXRTHGQibpNKkuZmx,0
6085,14lJRXiAchNqVFSOBLgb,0
6086,EhsWP6i5MAl8oSuDy0xe,1
6087,6V5BQcGzN4XIv1DCTpPh,0
6088,04sJnMaORYc1SV5pKjrP,0
6089,5Sbea2KzpMTZk4Is8vUu,2
6090,fTBbrZUczymOPh5SpFek,0
6091,co40RmlyQMGhD2XAVOFe,1
6092,9lIdfH73S6PZrp54gVwA,0
6093,E8hFMgxcp9DAb1qGwQtB,2
6094,9VZ673sDcNIJKk8vP0TE,0
6095,0evDQX7AVfC1ZTJEKltg,0
6096,kflLjmJz8FGsprySOqoX,0
6097,byKBxZ7dNkLanQtpiJHz,2
6098,2xBS6FcCR4MfrW1idQpq,0
6099,gfJpq3sVhzbLdNjWC16Z,2
6100,3QYwp0UhaluvGBfbmg86,0
6101,8ITycVmn7jY6AGDL2vep,0
6102,hf8eclPDq0WrSU6JZjoy,0
6103,HvLeFD0ARQ8bmGzcgaP6,1
6104,2r058PRy9dg4IL3xEn6k,1
6105,CywHbj2cUaVYgp9xhIDk,1
6106,CN3sIreUGxVhp1gRZn9B,0
6107,8a9wtuvyTULYfFjWMIZo,1
6108,JZlEihvwTBmPUzQreyHc,0
6109,i9zPncFlb46yLARQHo23,0
6110,0akIgwhWHYm1dzsNqBFx,1
6111,HqX48iTlfj6goR3JFWwG,0
6112,IBEoqZCidDj8LlUGg6u9,0
6113,18S9URJgMWqua2TZevsh,2
6114,CwYeBdG7J5ozg29XVxlT,1
6115,cmWUeA4FBR9laODHVhd2,1
6116,5MWdAsOpiyk9G0HvDSxu,0
6117,D38l51Oj6kRCea0qhiFU,2
6118,08BX5Slp2I1FraZWbc6j,0
6119,HPgEAKLnivQmBkXh6jFc,1
6120,eYwtJkx9a6dBz7ChZb43,0
6121,dvqB8LFJpKMkZU19mAg0,1
6122,3tpMAGVr74OgkCde5lzL,2
6123,CrEMlOGaB6feRx3J20iP,2
6124,JKUEA7PuiXYmyGkwQ2l5,1
6125,JnCS8Oh4fUmciFgN5IZ3,0
6126,9gE6rY37hlG2Jdmy5IAT,1
6127,BbYwz50Rv8TM1CrPDnkI,1
6128,2nqWjb58uFIORHeyCrkY,0
6129,HlukEnBqpOFY4yLPUtDe,0
6130,KGTOj6HAvNqWUcP27bCf,0
6131,EmT1hn8qX6kOYFbZIB0f,0
6132,6ZgBUAyrkYH954Nw2laj,0
6133,GQjf5BRNoHmXzt91hb0L,0
6134,aQO9Ltn3WzvS7dpZ2XIb,0
6135,eBoSrA3YNRlPsmk5bXvO,0
6136,h0gOfNZV927YLpjo1xqu,0
6137,BxhpgtQbsyuqY06HJ2OT,0
6138,2aDRThoversxwf5BSlJj,1
6139,l3iRBsCVb4Z81TLNxSgM,0
6140,FbjD1M3Lc9gXERZtGlS4,1
6141,ELf4J1FhcetA82H0qvTu,0
6142,e1Pxcv2KRUSyDWmAasid,0
6143,bNT4jk68t5lZghy3HPcr,0
6144,EXOGAWFx2bptklNmwLui,0
6145,1KjZ4An78sOytkzgRL0E,0
6146,h60RzHtWuaqKJU7s9lVA,0
6147,KakdO56B2GhiC3szw7TI,0
6148,KML4D98uPc2YGCh0EtJA,1
6149,4iEDSe05MQfJsRx9mNpt,2
6150,I8qMJAXkFsO9CQzxvjK4,0
6151,8bNCQU7PMD6lotyJixVw,1
6152,gT1hoOydKQN9bPLF7nef,3
6153,l1yeU9NCErfuov4GIXj6,2
6154,jvGIm6Yu2XKcE8hr4gMy,2
6155,5viPYD8szeboRyH2C97J,0
6156,iXOK1q4SN38EUDbnAWlG,0
6157,C7zrE8PH5XKtM4n0uYkT,0
6158,G31czXvpnwUfRtdJ4TFs,1
6159,j41ax2XCnwqvWozGOPU9,1
6160,bkIroBULjGfha32SetFx,2
6161,fJYw618qMLlRsU0BeZGp,0
6162,3TKGeIq2YSM4nAv1DWZw,2
6163,1q92fF8uKHitWlaIkXzQ,1
6164,C1okxVtRdfUWIXY9G3s8,2
6165,hSNv2TgwqX0Ip3HnVFEj,0
6166,juEShDrt6lY0wJCp9icX,2
6167,biTl3KRyrgcSdzt7YvJD,0
6168,kdzj2p0qHin4fMBCaPF5,0
6169,gOYXcqIUEDltwVdNQzrm,0
6170,1rSPXYcLpO9HQWwGz8fi,0
6171,HpjUXbMnh2rv6KVQTCwP,1
6172,bBDUkAtQcTxhiGXo1N67,1
6173,Gnc8AEuT1KtvpZMCh5mU,0
6174,CYktVyrlT8B3EODuSRQx,0
6175,125y4VsArzkCNOGZfu6o,0
6176,CMKGnmX4D3dQIzgxUAqT,1
6177,8XwCLB6D3cMFWT9dtKSA,1
6178,FGCV8wbAuQp1HiSd7kvm,0
6179,1wf4Y2XaOmlyK8VNTDBn,1
6180,EC1WfFmvIi0sx8lzwDAZ,0
6181,AP1FktpMolXv5yEwsKSJ,0
6182,Ds1jB0JXO2apyzw7ieEY,0
6183,czxjYgBb4TeOD38AhNvi,0
6184,gak4Zc3ztRCB7NDUIXh5,0
6185,BQMXLUcf82rgCojHb0We,2
6186,G2rmTaNBbiM5w0YI6lhy,2
6187,CVmnTbuGZEev5hN3OdiS,0
6188,0zr6vIw74DgVSKXiRUY1,0
6189,FWdX4sHo6lDgZBzGKymf,1
6190,73VYXPJgsRlKIMiOLwG4,0
6191,BynGZjrhQXJiKkNt3Y2W,1
6192,kOTBR1luXMpbG9QoF8y4,1
6193,jXORAVkMBKhU0gbS4126,0
6194,Dj3FqX9IAHco2tG1UOZS,0
6195,cS0k5dWOBjEybfLrlu7N,1
6196,c5gb2nqi78HDkARwKmXS,1
6197,gwiOtI8ScHCWqxklBEnr,0
6198,6gHI9qzDjmLhd4nWS3oi,0
6199,DOBjCft8As0e5UKr7qQM,2
6200,8YF6Rbc7mGV5udHJPMpI,1
6201,0YWidX9hOD5sPrtTvc2M,1
6202,JoDLpkCx5ziwtAU73NVF,0
6203,0i4FNJPQ8GuB3WU56LTS,1
6204,GSYtwpD0MfegOyzNUHXr,2
6205,du8h3mTWYBPRkIy0fLt1,0
6206,cKNi1Aqz6XBmtwRheu9T,0
6207,ARaMSnYZ0XzjUg8swodL,0
6208,FGbnRaJXyzeEu0Hchk95,1
6209,c0rYJFzH6jNMw9QmfCRs,0
6210,AdpPZmQ4xzHO3WwFTqLe,1
6211,i0fxLcWtdpzHqI1hDAVe,0
6212,DEZyY3jrx1v9zbMASC8L,0
6213,Gea1HPumNZXEtlp9bcjz,0
6214,I21HaMnK9rSlpNvoyUhg,0
6215,gUSm1WN6PBYQabnrLs7h,2
6216,HjgSxn8pJ2ITBsmohaLr,0
6217,6fmGMN2PtKoAR5XkwZaj,2
6218,hrguW0CqMt2mJdfvX8IB,1
6219,60q1Io2usSnJWyNpzDlA,1
6220,hq3SpsO8yDUYoPJilgLr,0
6221,ELvb6KaPAhU2T1Xmz7nM,1
6222,etqJIma4h7SNuQ3b2UKw,0
6223,FW0vdghTMl5JtBqVkp3r,0
6224,3fgNi5Fk1QVMqKBXEUnw,0
6225,Ds9pnm1hBNrOxVlza3KT,0
6226,DUsyJ2AwpZHS5Yuxobei,1
6227,7gGtd38URDHjCQsav6fI,1
6228,k2Bues6ACEpX4WjGyloO,0
6229,0S7z4qxYTHPUDO8fgIyA,0
6230,B0hTZnAfwPCkzKsY4yIb,1
6231,HLpXtJWqcKPYl3bdQzEG,0
6232,gDmLXUe9RiC31cxBN7Vy,1
6233,2bdnyMU3XQlIA5grPeZm,0
6234,jav8x0cXCqsOofl9MPyw,0
6235,aMSX7lvrZeCBwE9kUnDf,0
6236,dJ8r0BjtTKZMFQXn3Aub,0
6237,ec91vB7Ufx8CsJGtLNSo,0
6238,BPrg59GQvk3RuosWJiOt,0
6239,Ine2sQjBCd4oqpcbSixO,2
6240,EPzSRHVYOdXGoKDMgALh,1
6241,2N4ypbcWovSjYk0TiZQ8,2
6242,hXkf7nxQJEItSC95GDad,0
6243,0p8RCBnvzTYMlId9SoZL,0
6244,BXVCZF5arGuDLKxWgSsi,2
6245,0b5LqcWix3J4fGIEhXQu,2
6246,6fGrBcm3LauS0qyoYHNj,1
6247,ecjUHgzDC7ryXu2sNwJf,1
6248,Ek7vsbD2Zd4IfM8xA0lw,0
6249,8UGK0mbY3De124d7wizL,1
6250,Hj0CXE8hPiFvztq6mnp3,1
6251,G9MXfcb4iVKa3BeN1SLg,2
6252,d0j39TQiauSXbpsINeU1,0
6253,kc7Nvnm89I3FdoMr0YOR,1
6254,fug584IGjQdWTSY3pke2,1
6255,fgYxPlSK2MeTiGzjbsI8,0
6256,FpRwW15YzghCByLxi897,1
6257,7PtaAnTZi0QCphfNy6ms,1
6258,jk94DfpsQo7XlHqSrhZi,0
6259,5scq0VdirPRF8DxUKbh1,0
6260,0BKcmNv4iGY2hsVSaXJ6,0
6261,ewvkZjT3McJArUo7bQHK,0
6262,dOXyrkBugNZY2C8ojpze,0
6263,5PutEYBseLzSyT4mdpIb,1
6264,gq0Y8ZH1eU2NuIo5tOA6,2
6265,1QHbFGR3qcur6aWZw0Jk,0
6266,5tMCNKDogQ2x7zwUbpcZ,1
6267,7z8YaOovircnH5DZxyFC,1
6268,hzrQCyf6qP72XZjATuBw,0
6269,bytpBoAvag09TNfrLSRC,1
6270,L1OGj5BEh2drf0Wtiu9N,0
6271,3NkDlyOHUWc2Qjzgh9dV,1
6272,bR2QdKrOsGkLPgTFXi7t,1
6273,jWid1IPvKStDEqeU89y4,1
6274,5VcsRv2Sfz9yJApielx4,0
6275,0nxrvcZJUBNGM8Vg4SRf,1
6276,auByF0EAKHrTbtweSXWU,2
6277,iHPzknB1x9ac7AJSMZWb,0
6278,efBbC0rAF3pDLahwOydZ,1
6279,1KCvMqIFUoaB6wfOc2xQ,2
6280,F8bN6Gx0wTRZWsHI3XLO,0
6281,FIVR08jS5sZo6avbmPHk,0
6282,K17ifkYqXgNOHav8uzCL,1
6283,GFVUryQSjKEPM5pqs9h2,0
6284,ivhYSt0cMuU8bwy5zxAe,0
6285,ecd3A46BQyk2SFJ7IMqb,1
6286,6iwXrYeB4ZSlWy5Tj98L,1
6287,cSEgrupo7tj9hLIb54PX,1
6288,iygdLJ12UmnPhGqtsSCo,0
6289,dEabFQq0yznt5eID378R,2
6290,CrscPL6baYHtUAW2FIR5,1
6291,czBpmyW2hKAiGLDbv0Uq,0
6292,hIUwCzSGPn31WrRA0y4Q,0
6293,0LZkc7qeS39TUtVHuJB1,3
6294,cjHS7QJZpy8l9dL0wb6Y,0
6295,7sNR0UFCQniz8vbhVpIo,0
6296,CX7ol6EGO5dcu8pPirjI,0
6297,bxdM9LUoRTGO4lvaAmPt,1
6298,Gx3dKXvNTwWPFM8oZisj,1
6299,B4gfkOxmjwq9ldFATahW,0
6300,9Y6NWhIlrO7P18TjopSC,1
6301,gLEW2nYOmSC9AjBvbuas,1
6302,dLVM6kPA8ru3EeKlqRZB,1
6303,exPVYR5hK2tpB6riD3dn,0
6304,81ZbxYRAu0SEJOj5NsgC,0
6305,e285vEry1U9RkNdZhG3B,1
6306,1VMhvfCS30zbeFK4UZxL,0
6307,8hIFCdlVcX0uxefwQ5E7,1
6308,4wqFVbfT1C6Z0oO8GXPv,1
6309,DfQ8pMRCoZqHSuBIyWnY,1
6310,2fGKSL70vMkXTuDg4FtE,1
6311,e7BFP34ZIgJaWMYXhL1S,0
6312,C6zoibw4yPTtUNZaA12q,2
6313,EvXRL4pIdMyi8qnfUze6,1
6314,FYsIBi6yv7zdqw1b5uHE,0
6315,HC14OEyUzrK9PLfADTlq,0
6316,AWP8Q53x0GmBLV2T46Ep,2
6317,dI204lhmsui8gEwUC6ox,0
6318,iQZCbSt5Pg7Ajqk0LYvl,0
6319,iK503zvsIBnMQAwmgHux,0
6320,k6lGB2z9JmIVMAnsKZvP,0
6321,eXFGUlRML6kdJfYu5a9h,1
6322,FRTmvrEKAXNotPaWdqn4,1
6323,bzU7Kglmx3vFEhkMS0wZ,0
6324,82kVSm5MBPszG7X13Zin,1
6325,3nyoF8wIxz4g7husN2e1,1
6326,0KZFcsOYR4MdPJf6VvGS,1
6327,8jMu2sOJQ6d3UD4YiBmA,1
6328,5W7Qe8nZX4AHthcmyrCI,2
6329,BY8w7dTsS2GgLR5pbMKj,0
6330,ab4tO71wcCyvkjrpZD3u,0
6331,ArMnPlD6b7SdcX538UqQ,0
6332,aeNhGKA8io4HrFtDcq31,2
6333,AocU28V01uDMpbavxJmQ,0
6334,hmxWlvCrP5zufkQb8Ljn,0
6335,GltvVHPJ9eLNj48a5CBR,0
6336,f5y8uOVS6BlZq4DAmeCJ,0
6337,djHpkGZoE0n64ub7WPer,0
6338,invl0ZhpcKaBLtyMTsfx,2
6339,HiYZTk8L6B7axN0hqgW9,3
6340,fPsFBVTedpHZq81bOwxJ,0
6341,8wm2jYBqV30okUMfuDCd,1
6342,FrVgycGXPJC4mMvfe56i,1
6343,7YJU9tqj1cl4vwrKGO53,2
6344,gG1MDImaLc8XuKRivsyf,0
6345,jHYOwUV8zrCoKBgXkG2l,0
6346,DZSwtHBVTqhivJscaoWA,0
6347,a2sZItYqWX4B6cPk0Mwo,0
6348,eYmB1PSplO9Gq6MNFXy5,1
6349,fBto15gFvjNLWk7lxCzr,2
6350,ij8Lk6IpxTzC4WUH79Gv,2
6351,ag50qP4ZzQo1eOVErXdp,0
6352,8db5LXcqCo9SJBVxQ1g0,1
6353,E4r0jbMGeABRC92Ucz6l,0
6354,iXQAH6xIYeLSlCfdmWbR,2
6355,4xli1n8H7ez9aR5vbPSN,0
6356,JS8ZjyGstceXaxVgH5bE,0
6357,ADHSRzr6YevfqojpWCBZ,2
6358,aEL6vo2BZD8w3QNH0ctS,0
6359,hIkK1vBdj9fDJPcUWzA8,0
6360,0ZiAjFN81BOE7plhCnSm,0
6361,9YAyRfMXO8kJKgEoSd6m,1
6362,dlSVoJMCzwnZxrt0ybUm,0
6363,dLYhSmA1Ks5UDF0ErTOg,0
6364,hTe1goq5BG2YU7kQiuFm,0
6365,gFWLibev8VZR2pntMDUN,1
6366,ei0C84XpoqcAS6v5ZExI,1
6367,09CPNMYyQjSguFrE8UOf,0
6368,I9Fsn3j0vud75iUrtycq,0
6369,ifUhxpyIT6wVsHcGj7JL,0
6370,G1ab9rZ2SFOshYk74yxB,1
6371,2i5N9Ftj3xoySflKzbAC,1
6372,CLHlPKJvWSrwaMOQ9GIU,0
6373,kfigr70cURVxjFCabY4n,1
6374,2NvEQCbmDXczPtxO6MK0,0
6375,jyCUclPuFnL2Y8Z5meRg,0
6376,8JUVDQ2tjPlZSRcYpzrw,0
6377,BALQRhwGyW4kzdUqZ3Ir,1
6378,iUPd9pr2ebcqtCXR1g3n,0
6379,AJ9BXwPQ1TvYLNM7lHGc,0
6380,HjmLyYDIq3XkSU5tCaV8,0
6381,2e5P1iKzXugGRBFfOEnc,0
6382,IRqeDsmQajGnB4g718wy,0
6383,DVsfP6pU89nBdhZHqxI5,2
6384,e0okgCIVZru7T1Av5qz6,1
6385,3SHYJ561ndFZAqWT4sND,0
6386,01kcPWA9K2BOxQeS5Rju,0
6387,asxd9IrOhnPK1pMVRtX0,2
6388,7c13Hk2SFD8NJeBYTUZs,2
6389,AdH9JqR1OtEk68UxPGfg,0
6390,3LNmCgSGtiMFrKJl2H5d,1
6391,1TLN456WuaqCsDr9pv0z,1
6392,EauSoMGmHqOL3i7Kyj9v,2
6393,8GoaOMPuBA3slq2J4TEd,0
6394,G3uzt1aRrN0sbjgHn7Qe,2
6395,ieI35JrWTM0KhHE1glbG,0
6396,6wHyQ3DVLMBtsxnhGvmo,0
6397,8WTumgpMQzadctY6vqZ7,2
6398,j8nmPzbFQ3ovqrXu9JtV,2
6399,3kETNFWJXPAwmR6BlYf5,0
6400,1Z9IPyxXu7q8VlLTRHNG,1
6401,gGPBDhr24EI875LfTNXV,0
6402,EPZlkC7e34xH9RNVGAtW,2
6403,1hfkVAzp9jybt7YKEBrF,0
6404,fy9TuAIjJGqmkz6HCWaK,1
6405,ASEw3L0HqWMePiy1uKxc,0
6406,AXvM7mlBfJ8eHVDcspNz,0
6407,GlHSULc9O3qh8zmPpBuJ,1
6408,9hM3zF2cpYv7lU0fDWb6,1
6409,0YJRabHQ1reDxN3yjUCd,2
6410,cigYwfn2RCeDhOx7PjLW,0
6411,5W4u3pSRyDefEKhVNZms,1
6412,dOZeYQCpVaBDEJG2v5zF,2
6413,EeUvkZX3KQO1HPqI74fV,1
6414,2tqQkycVPSxIRGuW3wnh,0
6415,3aisrYOcQetkUqnfvp5K,1
6416,Bpd4WExsYXfkN3R7gc1T,2
6417,GxtBdWrs8kcv9j7T4eiy,0
6418,7sbEMLcRn1mktlNwzdxW,0
6419,4NcsdhFPKLYWxq7R5AJU,1
6420,eNvtBzPm6MnGE8rJQcLF,0
6421,6mvWVJXheHiotAd9CZrx,0
6422,GJhmONp2RTcoHdrKgBMi,0
6423,AqJTUE6cwrdI0QF3Dvg5,1
6424,iCnEzomH19dKjvfZQ4g8,0
6425,iBvYkTZo4b5G62pQh1KO,0
6426,07iSOIG2urUvsMl9E5Rn,1
6427,iySOCw3xsHdq8efXvL2t,0
6428,6Ly7GnlwtNuax5JTX0Zo,0
6429,d9eL3MgusYQWwtf6l2yn,1
6430,GdA8RwInXaH5J1OfSEpN,1
6431,EHm9XcRIT4noJVrP62NK,0
6432,iIeGdtEAXlyvJfKoQ5xu,0
6433,DdHqQwxGnP7ICrlbvJTk,1
6434,ig4IwJckBlRaT3FUN6rV,1
6435,5rlfRGhezLMBpsV9YJt8,0
6436,6zjI3os7KiycXwLqM9VE,1
6437,bN3kfMQKxw5iLAydtaEZ,0
6438,0MmZ8j5pn2R3VG9wlxYi,0
6439,k8yohOL7S2sewB9Wzfp5,1
6440,0tZy7jgOKCIJslPRvrop,0
6441,0Hlm4XgE1cQhC6BkMays,1
6442,jcz5dACK0gLXsQkJNRp2,0
6443,98fBSiA2Nul5EzmnC6kt,1
6444,AiCumNT0yLjYEceHdMSK,0
6445,HPBQ4Ft0wrnKGmqSpMX7,0
6446,8zMCrYOyB17UZ2jxWJQG,0
6447,f6kY4VAMsg3iJ90IeE2Q,1
6448,5VgnChfGiXpD0tTRI3W1,0
6449,F5l9ti8Mo6qsNAUvHJ1Y,1
6450,IUhoJuZ2y0iWz7sPx1cb,0
6451,JVdaIxt2DBu8Ez0cH5gY,0
6452,jkbVGNKaACut3dU4Zi7w,1
6453,Ikm7ZVy3DBPx0OLMv1tQ,1
6454,1BM4l8DCZmSpoYwE9Qcv,1
6455,jP2yCZi31GWFOEVB4k8x,0
6456,1uNTL24yHl3EVFidSzUA,1
6457,GQh8kxUDtRVwzEP0Wvfs,1
6458,juGVt8nSNeo7OJr2p0md,1
6459,4sY5wVHK1fL7Poim8cJF,0
6460,HzOyE2sgPmtW4lw15XF3,0
6461,AUGwdgy38r6v0XhePCnL,0
6462,9mMnkLUeXYhQsWjrp5q0,0
6463,HnfBWZ6J3L8SwVNdYIgr,0
6464,7hd9cgiH8qxRmtInKr2N,2
6465,cJwzICkWuPeqRh67ELg5,0
6466,1tBWqEHyDjQpKrGg5ulh,1
6467,HiOWw8CRpay9fEM63KLs,0
6468,6GaTso4MCOr0gtjBN3iv,0
6469,IZdcDmnywT9vLuM7fRiF,1
6470,GYo8tD76OWx0jkyIB1iL,1
6471,hR1KatoGrMUNXiOfHw90,0
6472,36mPaSFkA7gVLnCbhqTt,0
6473,imns4fDL9QbS7y6Ohwac,1
6474,i2SFanX7HzmQCjYKvGrI,0
6475,JlD2LoRumXEViyUT71PF,0
6476,AMmdfQwU8WeIgXBNhsjp,0
6477,h41axcJq5TmDypUYEMbI,1
6478,DZcx05fYb82BoIs3XrAR,2
6479,3kpwYGsKyF8HlnjDm6aA,1
6480,cxQKF7NWYzsHOX1R5E8B,1
6481,Ef5DsSKLm8l6Bn4eoMv0,1
6482,gIONM8E513LYstAjyzWl,1
6483,BjChQHpi3Tya5bAO1RJz,2
6484,D6WLAbdEhBvgXrRMJkao,0
6485,2RsBPMStVQNc7x3kgYde,1
6486,51qVyQZvcFaz89onAOBS,0
6487,Cbfxjascd53oZg7uPwWG,0
6488,3uCF0Mmy1oSeHxbtTVnY,0
6489,fc9yYUTNz0qWibKtwR2j,0
6490,7Xl1KHeRiAYN4x62hdtD,0
6491,J4LdiPEnT2yDVqhCofc3,2
6492,0rlkeuBLpWm15TyFRHUJ,0
6493,5NHctFAkOLTw7bIYoq2W,0
6494,45drFT2pMjSGQ71g9yke,2
6495,7pLsiOtom1KAuaZx4bQF,0
6496,L5MO1uWhDZ2yplTkoRUd,0
6497,HQYDIEBFLi8hM6RP5kWw,2
6498,6z8BRNc5EJetqCs4kZYl,0
6499,6DBKSix3qaP1HcQ8r7uG,0
6500,7DkWbXR8Ejo0QgBU6nTC,0
6501,Cg8vhSQsrO2Nw6tWAUji,1
6502,7I1WuTt0o4Eg6wZJAPef,0
6503,4jNUtkx1QJrzdo2ZqB6K,2
6504,6aTHENeI5PBYgzJndM7V,0
6505,9aVMjhASKbL6dHF7rfkX,1
6506,9JN4L3y2vZm5qUcdglSu,0
6507,FoJl7k9pgNGIKrVYUhX6,1
6508,BP1r4aHtfY2evFbukXZL,0
6509,jlSnNDwm6Arby4cQv0ox,0
6510,JrxO687zPbmCVTacWq9d,2
6511,g2pvrdbPVLKz408xBXef,0
6512,ckMbXG2Ru9OHAFarVNpB,0
6513,f1Zy0M3PrxVHzEksOaG5,0
6514,D4UkKvnxZCswzAahu6iW,1
6515,2X3tMeVL1QZ4WJmdqkUz,0
6516,7DU2vQMzELbKx3tBjg9O,2
6517,JIX9YcvfnEK054aHWphi,2
6518,cOH6VhEdFjkLNpvtGBiY,0
6519,4iFfbWB7CqmSszKd5gRu,0
6520,0Eo9qT6idXHDMebwmvPA,1
6521,c0h5bDU2PjwARy1W7uSi,0
6522,gnvX8SWRYfTKMPLpHBtz,0
6523,21l6VM9tKEuCUhL7DjeY,0
6524,7qBpIPJl0DvXnuWAMr6i,0
6525,eIOYEXZSoiFRs5kthP1L,1
6526,0ZiQmgtxzHe9v5O8Lf2k,0
6527,EUwpN3rOGLiAqRCuPVIf,2
6528,2EkHfwNj5o7JcDq6UzuG,2
6529,atU9Jyc0SXb5V2xMmnu7,0
6530,IQzsyO5M0t2PSqCuT3h8,0
6531,KqNYZWSs4H8R6l9BiUEe,1
6532,8TDGlo5eQ9m3YSbZMKBi,0
6533,ewzFu5yAUW4kX8aGidtP,1
6534,f8NM0viCIaxQbBG1c7rh,0
6535,1GqxsQhZ3FutTnbgHpAf,1
6536,9LWNpGBmUctnVraSis5j,0
6537,5zfkYBOKTD2NjpdI43Eo,0
6538,bzVp2rDhyOvx4c37gmuC,2
6539,5YhH9bwB2VyoukplmOQA,0
6540,8f34pWz5MiSc2nDtlOPN,3
6541,adQni6wWvTPIkf0xsZy7,2
6542,cHOBkf75RmntJXruNxPy,0
6543,4GrZxOBKvSPauIDVkhjt,2
6544,5PsZU2Cf0jRbcvOtaDAg,0
6545,6Ty0HzvEdYNFnmiafxgL,1
6546,EeY2GNUFngl7CdaDjZf0,2
6547,7VlzMYyLUfaWkmPe4huH,1
6548,alF0ZAc7xULvhP5Qsr4Y,0
6549,d9HvRYX1U7fGL0cEieVw,0
6550,iz4u6S0COBGKeUkcjrHa,1
6551,7vtNCqSGQbBjmYdEURMH,1
6552,HBoK6P8VSAEZhR5z4Qq2,2
6553,9CNTobS2LlmuWiK8V054,0
6554,kDAbXqPzmGWR8agSwx9E,0
6555,74Or1zJIqk5bcKE2nTLS,0
6556,IdyaQv1LrRA9cSM5PX7j,1
6557,8EQSs7XKIkVNHL0Z41au,0
6558,HmwfPZIjsCeOiXQ8gJo9,1
6559,jVYcTGRCa805U6NxFsZz,1
6560,0DTs2PhZfCwEv7q8349K,0
6561,iRwMLz8VmZTpseJbKcOg,0
6562,9s8NSuY5cHirbLmaWtVe,1
6563,clDmndwYzEaRtyrQusUJ,1
6564,i7aIBcR9ADrmsUyhQJSw,0
6565,5UgEOntlGKqyeVMhuTfR,0
6566,1NpWfIMxU5ebEJHBAv2G,0
6567,Etxjz6KuaSJNY7TeBA2L,2
6568,gYZueKo9wDtQ4FRbB2lf,0
6569,lBuYeZUbtHQVsh7Tn2NJ,0
6570,6dJOwbe7TkHoSa1WAuYE,0
6571,B1RqJe6Mmwjnls7K4aUI,0
6572,fmkRebG1W6wOaUM59rxD,1
6573,jhpgXHtC2QE6nlTbwrGi,1
6574,D3n6SdQlaemK42C9gfR0,1
6575,EuyYZNBLqI2maPtzxFsQ,0
6576,2QCUzf8vh6JL41dZmSNg,0
6577,9M2AykB8necp0RQSUowZ,1
6578,4JGbOVQnEt3ZP5acW7Yz,1
6579,fZ3jxcniKrs4CuNySzL2,0
6580,97XqpfurOYENh65VoBGR,1
6581,FGktWH4PKIdNimlo0B6Q,1
6582,5aqZV2vfkm63IeXYPlWg,0
6583,0OQ9MEykugoYZJrnj64d,2
6584,iqS2Jm1Iv3GCEUpof5ua,0
6585,1awXjkTQiJpCeDV7dL8m,0
6586,8cqDWHrnyKRC2Ja9biQ5,0
6587,CLoqY1lIf0zkmyZ8ONjp,0
6588,EeD6xHtTPIkmqOQw8o9U,0
6589,c7UNyx6wGJhA1uCRBaf5,1
6590,hLScZoszGW7CEOekdfTR,0
6591,a5CmzV0Ze2Qf17s6khcI,0
6592,JIZ5Dg8xYLrfBPUeclHs,1
6593,38EVbc5UfWMGPp1XHR7v,0
6594,4M9zLZjcgVbWiyINDEGp,1
6595,JVSdyxfAB2Y3KT4ZihCk,0
6596,dk4HiPSRzsfbBGVMqNac,0
6597,DNBtPALuVrzM0Cd3mwcl,0
6598,Bkc9awJI1G4DZTodR2zx,0
6599,J28v1KMGkc67ElQw4e0y,0
6600,GvmD1XAoOxPfbRwF2jEt,0
6601,Cqp8ldvL5XeDs2nwFIV6,1
6602,6qzsP5lZoCW3KHIX9Uf7,1
6603,4MBXbUW23oprHNGIRlaw,0
6604,ft5WBShKzCA80vTxlXEa,0
6605,IMDytugVJLdx1jbRkCwH,2
6606,an9pl861kbjVFBeOui7h,0
6607,HrFlL8CVPxQa9TwU7y4J,0
6608,3e80boJq7OFQ9CcnauGp,0
6609,gDkj1Q9xSVqKFcte6dp3,0
6610,izRtJ6ELUuCPWAxB9ZOs,1
6611,6ElMtAdaZfO4kjFKGQng,1
6612,52wpQad87Estg1jBLmeW,1
6613,fMKS7QUA0HsYJ56DWxrZ,0
6614,2bcyFiRa8zKBolCGZSvO,0
6615,5LUGMOTbfNt8rQenmlBx,0
6616,j4Corx2uKJydnTRwmOYg,2
6617,Iyjk3mOQfLnRTSqzdCJ1,2
6618,4f91UESFtRDrnLdyZOCN,1
6619,Eyp1hkveqJKYwHmdXViM,1
6620,KjCWoeYX36Z0SEzTkiqQ,1
6621,8djFkIgPK56XtYGDsb7R,2
6622,8j2uhZyFl6XGkCoixABY,0
6623,AarFhLo7SgGIEU0fHzQn,2
6624,dO7eAltEpgkXjy2NQi95,2
6625,9OG4zUTNyYaZIecgEvfp,0
6626,EPFYlrbJIS1UdNhMAQOV,1
6627,6GXdqZuQkcfbNyJA9gpx,0
6628,FNfgljYWDabwU1Ri6Py8,0
6629,8BYckA0Zu47Rjm3bgUzp,0
6630,CetLXMsaqZQR7xy3gjGD,0
6631,c9fSauIX2i57AtLlhPvx,2
6632,d8A2vi7OX5jwgrlU9N4z,0
6633,AMHbTixhsJU6P3X4W78o,0
6634,iOj4fAeuRb92FNIzQoDt,0
6635,D2nW4jfRsJbM3S7V0A6o,0
6636,8rKwml3nGVhWAiUjDH19,1
6637,iT3Z0gxJOVtYuGDkdM1f,0
6638,AzlMdBSOuma253te0bjX,1
6639,dqBs38ourIHZWme1CTOp,0
6640,EbBqJ7rOtZ45nIlxhKfc,0
6641,29FZvBJyX0GbnaLAYeKw,2
6642,aigX8IufVpNM74At9sx0,0
6643,h0VaLmr69gdOiyRwStZQ,1
6644,C0WhARs5qPD8xjczMgVF,0
6645,bMZdDnzxyquvFwS8J6KI,0
6646,fZhTampMLxVlDU64tyIJ,0
6647,dLuN50yiH4k7ztKnZDjS,1
6648,4augeM3l7UKbHc6ITnOL,0
6649,JVYGACXbeMWgP9hHsocD,2
6650,K6xhRm7Tw0zlSNiFnPCd,1
6651,GkfbZrRKmgFxq0Bypazh,1
6652,IX7eM5rAgK4qpOjo9RDT,2
6653,d2xiVKZe4JTgBQSkOntW,0
6654,E0X5BWPZg4ap1M2hKOdz,0
6655,7NmGCFUTuWswvVJMRfEb,0
6656,af5pr6Fw0xecMobXtNzT,0
6657,0NiOTDde1ktxg954SJFE,0
6658,9Eawp30cdk5Gv1MWDZVo,2
6659,7Qx5U3phNBIMglLwV9PS,0
6660,GkIQt6xha5z0TcEeJRSf,0
6661,7KqfVlEBOmr6tTQewNG8,0
6662,Il2UB7RHQLoZTeiPWt0p,2
6663,9AN1xYGCFidTnrJc5RUQ,2
6664,A7g1E4jMhaFSwliBqHnX,0
6665,4T32Ml0ctDZmHvw7JkYK,0
6666,fEsMVSGolZeiqgz1pPKy,0
6667,f25CLhEsZYBuOwvoTjz0,0
6668,07nrG1cLKUPxjOlWMFiV,2
6669,7cUfx46SVDjs9X0qZlmi,0
6670,fr197DA5lehQgZULyW2z,1
6671,19xM5LfBYviATcUkEOPm,0
6672,FP3ITxh0a4rBOp7lQZ6E,1
6673,5birSkFE6dmgN71BPCJc,0
6674,4kaSNXsgRmT6McOxrA5o,0
6675,AlfXLOuvBphS0FPJZgGD,2
6676,if0JHIlxvu42A5aDjh6b,1
6677,FLKI3hDWBycN2niT0PmJ,1
6678,8FqT40drJNGIK3UAnOfX,0
6679,eI3B1qZCtxfr9sRHFgYz,0
6680,2vzlFiPL03STnwtDhoCU,0
6681,FiIeQ54ZGbvaLxf8A1zK,0
6682,AqKpGPEdBXWCia6DNMrm,2
6683,6dgTKemUkyWupoBhaOZV,1
6684,41o3zDTReYVFtpOB7EWl,0
6685,4PIo3NbSDfGxFc8gQ9M0,0
6686,i5fCYlW7NQwFGjacO61T,0
6687,BOeTymAhdfoYM23aj5Xr,1
6688,Iec1UF56lu9M0zmbhGky,1
6689,ECYBut7y9fqKpw2g4xed,1
6690,Hov1QtF67wa9ELyuJmnS,1
6691,JbzyqeI9ThRA4LWQN823,0
6692,i6j5cGQx7h30nIHvzgJd,1
6693,a7sedvqXEgJMYwAIo93j,2
6694,K1uNd32tY7mzU4Phs0EQ,1
6695,BaxZjfsd2AIWl3TEPFzi,0
6696,ESWN3jbO4QaLp2HDuIzg,0
6697,5fvJTDKPcRtNok0OZ6WH,0
6698,ghvVNmusq9JQicTP5kHD,1
6699,AXKWcOFlx5MNa7L6Rr4q,2
6700,87jlaqfJEScCvPiWTYZD,2
6701,ADE86eHzi79B5JTdmV1g,1
6702,eCFQTgkih9lsKtoqIAj1,0
6703,FKsefBCogNRGAjYLpOm2,1
6704,DxzqgHIJi7okCsMdwEPG,1
6705,bEpoysiFvISXtT3G4OfP,0
6706,g9jFi4GeR7SZkTt6uovW,1
6707,dqXuSezv3IJWonmGFUAp,1
6708,279EOCqmnPGMfixzTuwJ,0
6709,8NYXztOroeRpIaS5BdM4,1
6710,1xGM8wcYTV4pQFhJBd2f,1
6711,0PREAmkFZjrftD3LiwOV,1
6712,akdGAoZzC9t3jr20Wbyc,1
6713,FO8AGC1wIeKXcaH2gnhJ,0
6714,hDVjFuAliwxn2No6XkT0,0
6715,CZvcR8GBrn5JIPdtqz1Y,0
6716,FY8XcAmQ9V51jwKTNPdq,1
6717,DwEQhKioybXvg8lrjpRe,1
6718,8xoYOIE7Kf3htDGPbHA4,0
6719,gwf3X024hVvFkxIZB9DP,1
6720,0Cq4wfhLrKBJiut1lYAZ,0
6721,6qhjHRGpSb27PvtQ3csx,0
6722,beF6iyw4QGzxX3ChpW5M,1
6723,b8jkVcnpatLKQ062E5m9,0
6724,dTI7mpvZHQsJNjl0g6Gk,2
6725,fMe1zLP0EGjFXQrbdCqs,0
6726,bxrjz5vEWF9geNm138dH,1
6727,AVnuU7hweT2kJClBvcHx,1
6728,52L3DyEep9tANInoH1lM,1
6729,bqhCWjYG2HgFMdxUrO1k,2
6730,guK1jI6B9oNCAaZ8TneQ,0
6731,5ZmHwgpCs9J8ylMbTSKe,2
6732,cB6oyxT05IEOijZQ1du4,0
6733,9hibmvMuBATOs1Ukco0t,1
6734,h13m9RvHr5FdnYkiS2yL,2
6735,CSkITPbvqspWu68laVJn,0
6736,gQTjhF1n4ASvDV56ZpWP,0
6737,AOkiJWGCyavIe0cmMZBh,2
6738,C0zcsP1IiGEXyLkx6bp2,0
6739,cGpnJHF7uW0yBCvgAIz9,1
6740,fg2tzH9vWwYIsKEDjxJ3,1
6741,adG3c4XbBMFJvxQ2TKoY,2
6742,CGgOZekvTIXAMYxfNLW1,0
6743,8JL469XT7m3yEuCVIZxM,0
6744,iOJebqWZLA7lXSktgc2N,0
6745,djfk8u6panNOWogmTht2,2
6746,IDZ3l1WMPGcxm78SeQvr,0
6747,aISJkXUny0dojZKYNBAP,0
6748,dZQBi4t7Ws5yDImRvSUj,0
6749,5Ikd8E6aS4f2usxwqnDg,2
6750,e6C5toPskX7ubALDNHZY,1
6751,f1KTZSymHw5na9Vz4Nsd,1
6752,a1K06JDLZYIT7hAezEby,0
6753,CNfgyDcSMLrtvzJX1uGO,0
6754,4ng9zuri2Dtm5H8INwxF,0
6755,kei4pRX9ENQaKFsLcOU1,0
6756,1iWpGIDVnJEaTHR8QSPL,2
6757,1o2t0KwOIqHdhYCcPAfp,0
6758,cKmUqV7zyePDgYIt8i2O,0
6759,0bN6ODYWw2xeCQBn3tEg,1
6760,EkNDq5ziOQ0ocGdC3TX7,2
6761,iz2uT5qrtRNcM3IJjAhb,0
6762,3JkuxSQe9OwRfKFLzWrg,1
6763,BjL7pyHh31cqui4UA8Ge,1
6764,9toXzFrSARZ0TJGKMbV6,0
6765,Bi7hydm9DRPus6jK2XGl,0
6766,dQNpqtaDIbLOPH51lkMw,1
6767,9gBVZNKoIPkFM8vOp45G,0
6768,2H4xSOLEzJhKATZ5orni,1
6769,8WnPIkqEpG1sOmLyBiYQ,1
6770,45Wy3TxE98HfiXreOCSu,1
6771,jJhBM9Xk6Hdu18c2yapZ,0
6772,8BpCogQzxWahjF0wnOAD,0
6773,DhzFERM3B61lSmNP2JTZ,1
6774,AUD3R5PtTseLf9nQx6pj,1
6775,9wlJkWZvER0NU5mTgdzi,1
6776,5uqM1zonRdTQbetDF6wJ,0
6777,2M9jHWhCOGBtY4Jbsvcy,0
6778,eSTidoWz39JNnr0PgUkO,0
6779,jD6G4s3pinYJQTMxmgfZ,0
6780,6IrZu0ynlqf4otPBA7HT,0
6781,bXGWQEp24u1LweHra3fB,2
6782,6dfNwjrKyW5Z7O23MBcl,0
6783,gtoDIM0zURwQ6ZdLx1JN,0
6784,0mcWyK6unLRGV8Hfr97Y,2
6785,0iS3pwlgJco8XORD4TLq,0
6786,esQpnxYJW1PVrT8ovu43,0
6787,1h0FDrPmV7gfCzs9Id43,1
6788,DkYXIHezSPlB5Gdm8stF,2
6789,hZiVAw5nREjHU1qodatK,0
6790,K2jS3nvYxiVstye7IcCO,0
6791,1pf8sevSo3OYJnhcZX6M,1
6792,EwIKWNFXkoZintH6fQj7,0
6793,k378iyT1NpLrAeuQgxvF,1
6794,83WX5lUK6RJTpb2rOHqI,1
6795,e79Jn3ovuIV8FLKZsEG5,0
6796,8opVwIYrGLN2JUdac0v6,0
6797,ESMo7G9RVnYNgB3fHdpP,1
6798,1Vd3xZnQl87fbhPoSYJ6,1
6799,2hbQu5mW4CPsyTgieHOr,2
6800,a3GY8Ug1mfIMqdJCzuAS,1
6801,4BrHgYquho9skZMR06ea,0
6802,gIb13FBH4YAQJt2dfveX,0
6803,hiQNlaFHXJsLzdkgu5DA,2
6804,adYrf7Jq8tuID9pVzkMN,1
6805,AeQbnIpdNBfg8aDTRMlc,1
6806,IxJlZRtd9nWmAU8N6kci,1
6807,50iq3CaS7H1PDWetAMLR,0
6808,Avw6S8FesIhXZuld0cgC,0
6809,chAu06VgWqvZ3LOoaEep,1
6810,hjwLWmz8ogPaAMTxqI3Z,0
6811,1Q7DXjLweHO9EokGNWiI,2
6812,02IOCvYEy8mjiuAQHax3,0
6813,J1pPTHfbe7c2I6zFNLj0,2
6814,HcZqh15GQi8J7g9WvUDp,0
6815,gih3sG9TYD41VZOFRmpb,0
6816,6s3HbFTuzMP9oSwAp2JX,1
6817,C8oNuSMO0skpL1BUP7lQ,0
6818,Gjhd4ZYiPaAFyIpuTx7n,1
6819,1hcfvnSGMXEHU94egR3F,0
6820,9MFzgoiD3y0BXQGdY8vq,0
6821,aIn3UKNJyCvFkD4dGljR,2
6822,6Ms2ERg7o8SHDhbN940U,1
6823,awJH283VpYm7yBDxbOAI,0
6824,hHnpTaPYU4StmeC6yNxr,0
6825,juBfkEG36LCnM41bOwKl,0
6826,7je1xyz0ip59f43nImHM,1
6827,b3EWAzP4jaUevDKZrfqt,0
6828,JhUKcAYwftEjC1PuDgIe,0
6829,7dW2EIJqY86gKjPbtCkw,1
6830,asAFjCoNEKmUnXYOczBf,0
6831,B1vhM3P6rF9nGzimaUOQ,2
6832,HyUaQDRpwS9GT5mC3xjZ,1
6833,JXgqrxRLT1WPpbj9kc8F,1
6834,19UExqPS8Go3MTNci4Hh,0
6835,Atpz1WjXkcIo7l5TPh9Y,0
6836,IETGJWiuU7As6SPewtOk,0
6837,JVPnwpfeExcNDt2ZTAQm,1
6838,bjGNZLIOUHMoqydSfBtp,0
6839,FNMnqPH6hzyY8ZDX7SVj,0
6840,1dhuKsA0t2Dnf9qNQLjl,2
6841,B0vrgthbJyqlNks3UXIx,0
6842,ipU1FvuxcN4l2M9zZmEs,0
6843,jvdbriZknaRP9emq2Lp0,0
6844,1gx83bLB4PSsYIKCTlZt,0
6845,EbY8v7pBHjTOf9Qrxchu,0
6846,fN4v3lq5W7BPzAwTDisj,1
6847,2xysDc6OgM8z9KJ0A43P,1
6848,gTOsBQ6mKYxGpCkM5nct,0
6849,chePT1jq7g5QO02ZN9DJ,1
6850,HBq8GsJYNS4Zenkxt1vp,1
6851,fR9UPVj4SbmQ7eaJYgoc,1
6852,IgAFqe6bJzK94danjcG2,0
6853,craPXWx5M90jq1smZoKA,0
6854,gytj4UOV7FK8snBef35i,0
6855,cCQpIf47skX29OJxaDrE,0
6856,aJtXlTdUzZGoEwB3i5Pm,1
6857,31KjQiNWATfPaozHtYOl,0
6858,7h32P6rADjMVEQuoOJIB,0
6859,42j5t0OCXFxeumqPUK6p,2
6860,5AWgucYh0Hr6K8tNBMQq,1
6861,AcgCHa4oQx3q8XvijZrL,0
6862,j2hkK8Mviq9Bpy0rTmz5,1
6863,DeNw5KicW6YRnFjQbmaE,0
6864,4ilcBJdk3uARvNphIFy8,2
6865,Fg8vNxDcn4oRuG3MZ0d1,0
6866,9XZWSgoYzHci4Q2INbdr,0
6867,cikBKN2eQY8WXfCHvnI7,2
6868,GJfln1kZ2ecOgXrv9Sht,1
6869,A7bCyQK5X6wcgBEqI4WV,0
6870,DAUzEY0LjqsFep1t4RQd,1
6871,Ipt2fgymMd7K8BO1YF4P,0
6872,F3LZkyqGQV79ARhuE2HY,0
6873,JinokfgIrdpe8t1aTVmy,0
6874,anbzmJ7dC1EM3B9QcPDv,1
6875,cIoDLZzPdTiQBpCjW2Ab,1
6876,f3QCengcsa0o7KlZyX1r,0
6877,ICN243AbS8mrtuoY0EOH,0
6878,i7pqWygtZDQLmHX9h3lx,0
6879,fG40aScDhm5qTxB7p8rb,1
6880,BKMV3hZw821iaEHI6XpR,1
6881,JSoqeuhRdWMs3G76lQp8,0
6882,5jFCygSHKY36OlsxB0pW,0
6883,5pzfu3smYkTxHvanAwoj,2
6884,HyBCp9w2VPAqbrhGZ6kj,0
6885,E03uAYZpmXyiCSB9Rrwj,0
6886,K4hfUQFEiTBqIPauRYdp,1
6887,AV91H7oUtuadsjy4ZJQe,1
6888,CjRMQY0S6LdUWNGaExPJ,0
6889,8hVSAMrvyzbTGDIKcZnm,0
6890,aMWhp8tIQvBY4TLsPoJS,0
6891,DrSkvafcTm2A4BNzdVUt,0
6892,78mbJ9OKHRUSCPTk5hlw,0
6893,jtQ2rfKXL79cdBM5nwDW,0
6894,7YkZAEugK6PDz9dmMNy5,2
6895,bx3MXBwc0zulDOa1UqN4,1
6896,I7uOWp8RalsZHt4mb59h,0
6897,9LRnCtUy8FIO1agGPe6B,0
6898,Bpf5rdhvyHN1AKsl60O7,0
6899,9hfoD2kUTe6cvEPLzGt8,0
6900,aNBpfsEkzr29eQC5HKUd,1
6901,ibOJpV2au6cKP5e80x1L,0
6902,Evpm2HCFWB0buXNO3kQj,1
6903,JCzVMIhYuK13LZgo6Nct,2
6904,3zEmSUV0vX2ZPFeIqTic,0
6905,ai6RNWfqAFEr127gC5Jz,0
6906,1UfOQcbmP40I298aeCpJ,0
6907,Kd1CHyERprf9NTQMlsWL,0
6908,gQmxCDohy6pJUcSXrFPW,0
6909,4wm0rBG7K83O1Li6CsaV,1
6910,iDHxeowbV73huM1G9OLj,0
6911,3DfvjbGBnePmskyhpCT2,2
6912,gxcwNmienYJZFR3fGKM8,0
6913,hGrRVejLFzNtXcBW6s2p,0
6914,7L1vUywoYlApTXdPFzRZ,0
6915,d5ki60fcbqeH3SvZzpoB,0
6916,KOEmRNBY5PHlwqn0X2rg,0
6917,jZ2YFw8xbaWQUtiIeX5o,0
6918,79RN6Du2CAiqaOpStbJB,0
6919,EJZfWS6XwhotmT7lg0jM,1
6920,axJPpKABZEFguIr8l9fS,2
6921,jGDhfaCXJUd6tAx80n3T,1
6922,ftaSA2odeIb3PhFY9Els,0
6923,ki3Fo5dh6yWAqOCBrEXP,0
6924,ICzfysQ1KoXG0A4lJRkS,1
6925,6pvAOQCLGgPa1EKniNW0,0
6926,93prvATOY7WiulSKUcRm,1
6927,djhc2OzMUxYIeFaTA3HB,2
6928,Gh2iqW4HNonOcgSJm3kx,0
6929,Iur3cKshVeHqib6C9tnv,0
6930,cL6skgJYz3Uy2T8PvdwO,1
6931,GReXQUwJuhz5Bj69PotI,1
6932,K4M2P0EmlI7FxgSdXQD3,0
6933,Hch7ZabpYeQx94mSA2GL,1
6934,fJRYcZ6pEjGS2XDiNvI1,1
6935,6qU3wkD1pLx42PcgMFEO,0
6936,4ujAGnaTyJf0ct7sEKHz,0
6937,axoyhOeIrvZztVS1b7N5,1
6938,jOPwcHh7kyFaB4Yv8SMU,0
6939,F1MbOITv92hf0GYlNgR8,0
6940,0BZQIJak6Pu2tyAXfrzR,1
6941,Jxo85BDNHMavFUSnplZO,0
6942,FjdkOVL0pvfCyJKhiEat,0
6943,KcfgCTNF3aMdqJ0jyWSG,1
6944,hFPYH9M5UTJpLEx68B0o,0
6945,G8Jqn4KXzOMZjyEIW1Uc,0
6946,9LM4YBhu0K8oxaUGDTln,1
6947,jlAbE5w17FvJnpVHi40P,2
6948,FNcHdxXPKB9kVMnOzSm2,1
6949,H0AQvoZrzgbPiMtdeUWs,0
6950,IO6DAy90tiLWnlPEbf5K,0
6951,JD21YPXin4hOUcCjs39r,0
6952,fejvONdZz12cthT8xKlo,0
6953,2yqweuZUFLQlVj54MgY1,1
6954,fuso63yW7wAXO20gJIBS,1
6955,3O7aKL5iI92qCjvYGBWA,2
6956,HaxgVnrql4bk7FEot9Sm,0
6957,GBQtWjTxb4v21NCDAaoI,0
6958,8vLfMwRVsYl2ZeghxCSp,0
6959,93qwE6DU817h5JxGBn4d,0
6960,i1VKLxAlwqXfUZTCsr39,1
6961,gS4LVT7r6R9NefQvYD20,0
6962,1CbXMgAIJtiNLR0So9ul,1
6963,dT4zQLE6Z2kCapGr1FYy,0
6964,Eeni9vHLuSa6lJOBVtyA,0
6965,JISwfuZgpX0PHTceqGCA,0
6966,4iD1ec9BR6Mghzm82yqs,1
6967,ilogAd4QsU38IFBcuwDp,1
6968,HyGZgONJhVT2lqb0tjwF,2
6969,9YUP4268XrNQmCpzdf0i,0
6970,DnMyV0BR6Wav1rOPKlxJ,0
6971,fuwjqFiZh5B7JgGTYNpV,2
6972,Dn4rZAFdVq6gHktTziEC,2
6973,6fpDY54FlCsirwcZnTeR,0
6974,5G6DcQgmuSxOaAEhb4UL,0
6975,iSDOzmncxkoV39KgPQLy,0
6976,DmCaN6PGnJpsWuMcKo8t,1
6977,5LaoOiqj82w0uQpWzDSf,0
6978,KXy5fwEeZon9r6bHAvRg,0
6979,BVSv2EQDiNfR4OxL60l5,0
6980,4J9LT6XURDIcbnNkajrB,1
6981,0sh9tOC5GprAyciTmaXW,0
6982,e7vxkP0zwIYT9N4ChXuf,1
6983,C3F1J5bwua8KR9GQ0itE,2
6984,Efv5anrwejmQOsHBGuXb,1
6985,jpuZmMoSd7h9rInsUy8c,0
6986,cSi07yRwsxET6kbZNeuj,1
6987,0FKerJl18xOc3jdoyg4A,1
6988,2EgZDWKnJV3Gz4TkIiYU,2
6989,HI5KXVitQYxech7A2ZqU,0
6990,JEdVbXyCro7SBKHZRPOe,1
6991,CdBnaqstfPMA9NXroOJh,1
6992,dQYLG7IkjvbDJENTMWAa,1
6993,JfW6FM47u1otlOYUdwbH,0
6994,GLrQbRUluV0qzahkDEms,1
6995,4vxohlcEjbqS8ramJMO7,0
6996,iDRvFW2NMeUKrPh5m34V,1
6997,arLmM96FqgZI14jVDNCl,0
6998,iFG7jwNOmPvgckQVdf0p,0
6999,cTWboGenJqfL9pIHEODy,2
7000,ibxGylBEOsMeP0cFQVhf,3
7001,4siXYtIN0AxCKn5yzhkg,2
7002,3sKkO0hxBNy6MILz8gia,0
7003,GDieNrMwRKz53Tdcuv7x,1
7004,FK61hsnuxXBgDiGHjvbR,1
7005,dHsIFJomVwubBQYCp0K4,0
7006,GsMCWkKc5LE3PxYhUFnt,0
7007,8J209kMCyFvWuInbYcio,1
7008,jlPuQh3av94snwycJEZT,2
7009,C8gwzSJAW9vquQ1pnLEf,0
7010,9hXMrupo2zPEiYW5smAe,2
7011,65PjxA3a1NeH8iCBKpfS,1
7012,AbnCYsqpKWGyQE2vh8DV,0
7013,3kXqmsjc6JxO0g8uQZWB,0
7014,dhsfOF5RIgnmZGpLAWNS,1
7015,f0FrYtI6vA7P2eZ18izX,0
7016,HmznEa6Xt9ebTjq0JOCg,0
7017,IDWtdRl30GLyVmPQs8uX,2
7018,i3IT61aHRFludsD9OcbC,1
7019,9DVvn8GrbQRsJwXCWcSo,0
7020,gA4NljxR3YfOIeSihuzJ,1
7021,DhuiM79ptzVodnU0Ak84,1
7022,i6cJmVgCYbTHzLMjEO15,1
7023,aPVR4ky8LzBNHeXw1Ou6,0
7024,cARj7FrG15WHEQikbmBU,0
7025,ETH8lrLD7Yx05Wu16hcK,0
7026,EGDX0iWUK8h2jT51sFvA,0
7027,ctvObTz6W3KFQHsmB80n,1
7028,GLzSZuahXjcxv4fQPosm,0
7029,e7FhuKwUW8LfMA2bxEDl,0
7030,aAPj7tsm9RKdiQc0BnM3,0
7031,HqFd1seJ8IURTuwDbW90,0
7032,601qhanLfC3oB4HeIWS5,1
7033,7AOuExQwmYLvhqZ2T1cN,2
7034,8LyrjEcsXh1MGd4wg3eS,0
7035,1nsIO2yMfHuVcFxY7Tlb,0
7036,IWwBaxyoTQbklN6CDG3h,0
7037,26IcTMH970BwKz5nFbrU,2
7038,dJjQbDGsra5i6XzkmWfF,0
7039,Bi0qfC3cKRzFTNxgjbrJ,0
7040,I8CpwJOgDijPzEKxQ6UW,0
7041,i6KyXHtn09sfC7BZ2FDN,2
7042,AsuEkRqBW9CrIy8hmOXG,0
7043,HLjq8RrfpEB5McvJD7xl,0
7044,eFka3xfN4HWyIA1JGuvs,0
7045,Iza3Zouq4wNDSCvgKcLr,0
7046,j5q9Z8uCLzcFGHpA7l4x,1
7047,7kUpheD4FqzZjQXcLO63,0
7048,DxtXmvJyZMRjka8Wg07B,2
7049,9fR7vAU1yrnQqJxLFgkP,0
7050,2ondxDIwf4si7URbH1ZJ,0
7051,dbMYm7QKarliBOhEDHU0,2
7052,0ufTUZyESk6MepA7vzKJ,0
7053,JEULek2arB86vPXS0lDW,0
7054,CyI3Pn0culzrRg6Tb1S4,0
7055,5L67SHvId2q1GB9RC8wK,2
7056,HCd3B9trqLsEMDFc2jNa,0
7057,dZJi4Ayf1xpbrXz9s6Nh,0
7058,4KZRhfsL2Fx6SXrzQDAt,0
7059,AgVCqYNeGIc7r1TLtF96,1
7060,3cOQWb04rxmgsYS8nfNK,1
7061,82AIq1lR7GwbtSsTWQNP,1
7062,bcdvUs26L3ofyDO5P1Wm,0
7063,eYCJ0kLMFuNyoAXi91dK,0
7064,8f4GhQR9jY0MDoHWOCdU,0
7065,EP2O81HXKqh3cw0u9ABn,0
7066,grm1u5UkAvVC8obIKqi7,0
7067,blv3hf75R6kcUoQtIC1Y,0
7068,epFEs6LjYC2nB1Kw7lDP,0
7069,Ar1a58UWPkFHSgKpiZcR,0
7070,6A1oSFjghKeHmz9VUJ3u,0
7071,4pd6mnJHiweUgAIjNubQ,1
7072,gpYNi0jEzrAoxWyu12s6,1
7073,IncSU1t5HBKZW9j476pX,0
7074,fMq0teFj7lSOQkPB1TL2,1
7075,HiSpfPqjrLZOE6h7JNau,2
7076,DCZeMryOtKQxBgW58UYo,0
7077,6v4lNabkVg0pe15nLshu,1
7078,aenC1XKNxyYq7S9B5ghJ,0
7079,91GncYPQHMUTaSuZBqxJ,0
7080,Il2aohvFwitH5SK4xYJn,1
7081,CYLbHFkG3R2N1ZAr6cdV,1
7082,8WHGOMuhtDdw69FACxEJ,0
7083,6meYANGp0FbrZU1ou3jy,0
7084,2mYSX6J9Dd5lkpLuNMc8,0
7085,bDHk4ziTdugcp7jAZlE5,1
7086,ICeS9QhkFyus07p8PRWB,1
7087,3f0X7rvJBx4RQSbUcT15,1
7088,G1t0leJo7ju3MPWwyLNv,1
7089,h8wnNSFs62cI7axUq0iK,1
7090,8mpJUGMP4fhecg692w3r,0
7091,B3q1QtIhPSR2HUYXx5uG,1
7092,JdKvufgTtHEU9qoMxFSW,2
7093,Ee80BjQvgWns9XKqV4Or,1
7094,3KRUBSNL1pbx9tIEc7CG,0
7095,iEDwlh1scqnJ4aeRTbQ7,1
7096,2DgdGoeOqlNtxMrTnEZP,0
7097,Aigal5hnywEbjpK9vNUC,2
7098,jExBgXmKlhA4URac86kQ,1
7099,GvgTdLOzfM5k94o1sIqJ,1
7100,drBa6Xi5wAsectZYNb2n,0
7101,d8UcQkjpeMOEnN4YSCLR,2
7102,7NCqsB8KRtWYQ0LVaPAH,2
7103,3eNs5FMHf1IcySgw6QG2,2
7104,ira26FLCvbOlw4jy1mB0,2
7105,FBWcEoe1pMRfmVwN0uTZ,1
7106,cBDez1Q0g2lyLGRkudaW,0
7107,0H5OFklQm7wAPfE1qaJY,1
7108,aiRmPYXZnQNA509cpthB,0
7109,95O43pwieMPvd7nkf6HN,0
7110,dro7GYJlVhXbT4D1SpCE,0
7111,7OZ8auLijd26EwXcIGHo,0
7112,B2DfZHwl6SrTynJVKCoR,1
7113,3rLyNxUDWnemRoBSigOv,2
7114,DicCRQeqfZvB5OYslt4L,1
7115,cOpJEz3VFlqX7dZDxUYn,1
7116,fJrQ8Y32EzevA5DOitRN,0
7117,9YkUqjMJE6d1yxtgs8FW,3
7118,8gIHGUx4VBT0Kceldnbm,0
7119,JchT0OvFpwRX9beS3i2k,0
7120,CpiLGc5tE26qUd30oSbJ,1
7121,dLUoZ03Xqh5PKMyflOBj,1
7122,fhTWnxRPbIcSqtzlOCoD,0
7123,CqQYj8NFoG2KXVldsRBO,2
7124,aOmQG03HATWje26Fznbl,0
7125,ia5PCMb1LDcE3oBKO8vm,0
7126,ArclRISTQmqu617NfztD,0
7127,fj5YpGb4WZea7RCP9Llm,0
7128,AZQBLknROp0oM1ENXDl8,0
7129,btfgZzCVaKSudFc6E79o,2
7130,4boIVf8XqkEQ3ZRTjdiz,1
7131,hLcXvdUBkxJRtraije6f,0
7132,IH9bfmpC1AVLUki7YhPT,0
7133,EU2ISJOQR87vw1t5opAu,1
7134,iQDcR43OKXIJzT5WV8AH,0
7135,0KyDiQb1whgaSrmlx58J,2
7136,DS4h1UEWOTBx8vRXN5ow,0
7137,gF1a0ZIBcAMKpJtOW5Sh,1
7138,CmDlXRt2wZMNSLK6QHrT,1
7139,G29ao6i5K0ePVIxDXEJh,2
7140,Hg89VOKL6ZYk5oSC4cMU,2
7141,JWDgn4ehCdSx3HcoVPfr,1
7142,CnklPa9rYyDoxsGtAbc7,1
7143,fo0PHYXFKAC4mTi7NQI3,1
7144,EqyvbO9ki50BDJTaKpPI,0
7145,EOWxcs1J2teX9bQfn7B4,1
7146,IwNUoFX01y2aBL9ZmObh,1
7147,7XNob9FGEw6nCSOZT0vJ,1
7148,I2Rtqw5TSvPfYjFkXGKr,1
7149,b2taq4gHVORCYDoixMB3,0
7150,du6hbLIPwW2aGYZkNRQV,2
7151,bXWLaKzxlviEY1Gt7cjw,2
7152,3KCHUXujYosV6ywDkZPA,0
7153,HEsbjuQ2Zoln3XL5WGvN,2
7154,hxJMtUIZ7ABgjblFrGaw,1
7155,5LTv3iVMXuNzsb1Bhafj,0
7156,E4vqKsZIdNazmDC0F95l,1
7157,0URC4HAzJrjWnDVMXF1x,1
7158,65mexjWVua2gcsE3koKi,1
7159,lS0IVqXeJrN6Dzi9Pap1,0
7160,4BCsNIgfYTQtMbmK2Z7l,2
7161,4sfNor501UBlmibpZGSX,1
7162,6YJyE0SvstChMfNp1TbG,1
7163,5SUMnGsTvqBlJb24hy0A,1
7164,8VlJEcmXepIy9RS3GMTq,0
7165,EFsHv1xIeq47t5g0Xwrc,0
7166,1e8SrDV6mBgLUJQXOK2w,2
7167,9iYImqyT3bRtC7VjhxKA,0
7168,j8FrKCme9oS3OGcHhd1z,1
7169,JkcvVWjUdD0OTuSmzA4q,2
7170,aXqpvlgB2tjeYbSHJiGV,0
7171,7aS2U5b9AICGFQzplOx4,1
7172,d9o6Is37la5eh0cQXtvY,0
7173,gVy9KtLowRECFWUXsj5m,0
7174,8f3x7BX2wm0YlEpqhvrz,2
7175,80gD69r3peFlTAGtXzu7,1
7176,2hwAeJRIM54fmCEaYdbn,0
7177,gGrBPR4c8KkNWHuA61UY,1
7178,BIDzw09f5oL1QOtJXH2N,0
7179,kSNnYl3ZLvB2WI7V4iEt,0
7180,Br0EuJntIv8NGYQ4lhWb,0
7181,6W20HbpENsA7BvlF3SLG,0
7182,Cz3Vx6ERt5LkrXy9BMOK,2
7183,73WUpI48k9P6lrKFCHiV,0
7184,ECM0gid48UH3tfPyJWlm,1
7185,ERjWvo0hJSgF4pUb9drB,1
7186,16KuXyrdDOCWGhc7P4kL,1
7187,57w4VeFy3QZx8PNk1rv2,1
7188,DRk5zvgt4bPBjoy6l1w2,0
7189,E4HJzxXgY8B19ZADdtoL,1
7190,ET1JOARX9PKk0bcwp3jN,2
7191,IAX6uCwTfFUH8vOKkzcV,1
7192,hYs7QuD49gNVbiWemnlz,1
7193,5UXfQC6q2ERzr8BM0InP,1
7194,loIP1tiwELF9YNZQjSUO,0
7195,BqXn7hw20xA6d3Di9QzY,0
7196,J1OuMlSZboYIRXC03jQD,1
7197,J7pqfAnFV3goS1rWbkMT,0
7198,DB6xp894gSmt5UAjoscY,2
7199,5mBNaMtbUno9cTkgieRu,0
7200,BwYh9iTOtILyCW8SvJZf,0
7201,b7gT9EzYN5fs40cJX2FQ,1
7202,7ujgT8KqGXmU5JFoM6LH,0
7203,61rOtseYwGE8lUgPRTCi,0
7204,eigPHkQWn1yJ8tpoAXYM,0
7205,3Vhmj45EaPbB60rXoIMw,0
7206,8nOj13Lz5askQDpbwxy2,1
7207,0VfuK267xTdeBcmLaCp1,0
7208,E4wCHstIQWNDe81Z9Okp,0
7209,g08oBJNFLwTvYI2tZeOp,2
7210,fzLv3FCPoyHwONVkBRp8,0
7211,JrFfspKABcSqx2zmTnCg,0
7212,Dm2UHLlhcoiM0xGYwVSN,0
7213,9yEvV8KfDm3hcUZPqBe0,0
7214,cWbYoAvPf4pguimFE0dh,0
7215,39x27LvzZhjJAnKtVkqX,0
7216,KR7J9nBG2CF13zfj6QiV,0
7217,9HJsvSmGZRWbUygFt2eP,0
7218,eWLUsnukJKYQ3dBCFZOT,1
7219,7IqKtSRB0mUzuDs6G4OL,0
7220,81hixSwVrAuGKNc3CLMX,0
7221,dFHf8NmMGkjsXULCnYya,0
7222,4jAPkMmCzW9r8QK6SVnB,0
7223,g6QHUYJW7vBiaPn4bkwX,0
7224,hSuPy5UBrG3FDZsKd1O2,0
7225,93a1FbpJTGSxjfNElrz6,1
7226,GdyzP0X7hR5juQAVtL4J,1
7227,34anOKthJ6CXbZs2MeI5,0
7228,aQJsoxfyBtiTpDKAeNdV,1
7229,eYRdWAKn3EUlCav6V4fm,2
7230,4tXefqnpIW6LbYB5oNrH,0
7231,Fw2DKBfl05J4xkoArtU3,1
7232,D2TGLaizwXHf3YjNJ1pv,0
7233,fbVjmIlAQx0XsMihpKav,2
7234,gCNUKzdsihtJYjLlAR6T,1
7235,6wQzVGgRDpW5ZuAMO0Us,0
7236,hc7TURALz8qiDjaHZSf0,1
7237,bI3lF0LxVd69TQoWM5jr,0
7238,0dkuzUXLTEFwW71vP5bS,1
7239,IR1CwpWFqsnd8gJZtbca,2
7240,fnXmaJVsYryHwPtgD5L6,0
7241,gkKeaVzi3TyCbL7fEWSB,0
7242,JunATHDXOfYZFlRpahV1,0
7243,bAPactd8TMeSl3U64yIC,1
7244,5goj49DlYHBRu7TEU8AM,2
7245,FCQV3jK6B12LrReZdmDu,0
7246,aUt7mRJKdfkuXpSLjHEy,0
7247,g89DUAmuqr4fMC02XSjF,3
7248,GOCxdg4XrQYsZvKf2eNP,1
7249,jULaFyfMxw9nPWX6uK12,0
7250,bgX9Jh2qGusjKMYIwfin,2
7251,dXPc7zh306YQBOm4gZCK,0
7252,gKxq7SlW5RUHM0ru41Ta,1
7253,bVcKdzrpsCQt6HTIhRSe,0
7254,fYsopzlmCDGNAd72Ivxq,1
7255,2uwHk0ITbfVelsUgRt7o,1
7256,boOznJjLCqDKkAT9RB0m,0
7257,f7NWzt8HU0bgdZF14DaS,0
7258,FRyc0EQLMsbCmvYplidA,1
7259,5mvtu96W8B4Ka7sYCSzr,0
7260,hoTWF75dP83ylkMLAtSQ,1
7261,D5gTOIGAk81460VUqlye,1
7262,b0HK7PdNL8Z5omGsTe3u,0
7263,js4396mZnDMYPhqrQFdU,0
7264,G3QcJL0nO9qCtzNpKFVI,0
7265,idINaACF1etphXJy3nSr,1
7266,40BSJK6xsUDbtch2Mw8a,2
7267,E12BaPbiQqUYMVT7ZGxk,0
7268,1JPWLhrtsalBVpyGSKw5,2
7269,AKOaehXvrGbP8cR3os1f,0
7270,1R0pmNFb5znDi6aTVeZt,0
7271,9Ek3SCm6VvZUhNtnpGK8,0
7272,0BEsCP7NAUy8XmkenHWG,0
7273,i3HsbL1OXJ2qTQPY9Cto,0
7274,7xyuBa1o8CHhiJ4tFGeK,0
7275,3gJ82lOIDrUae5FdNfMZ,1
7276,CRrAOvzk452LVZIGMWsq,0
7277,IlMibEgeH8KjRyfdcU23,0
7278,8dW7vKJGCAj3ZNV5a1cz,0
7279,bMCSsqgxuwhlfOXUKLFm,0
7280,62v1di8prIYZuGkPRFab,0
7281,0fHVZKeTE6iRb1PIQ4au,0
7282,CQxAJbN0GImuVeyq87js,1
7283,aBgtuX5CYTZnoksmANV7,0
7284,JSrDQ3qkdHBws1KWoNM6,1
7285,0aVNj3qFgEZI6Akf4Kuv,0
7286,aJHlbn3Ueqs5cZQyiKzC,0
7287,5nPbr70kNiOSQGZmL8IH,0
7288,DXc7aKbmIMuodvRfg5iV,0
7289,2bdEFfrZnB04XGIDig3t,1
7290,daplrWc5FSUL3s4iYyVv,0
7291,i5qAV936TsMzYyWbw0HX,1
7292,gvbqrcCMfOkaXx8J9FUe,1
7293,JmKxR1BwiHDqnyskEA4p,1
7294,HtmVeG1qSNXLglF9vDyk,0
7295,jMUPQ4E1FY2HC6xXpc5r,1
7296,cij8sn69KXL7moUrg2Zv,0
7297,H6tgJ4jTyak8VsANRFud,0
7298,3y7txXDPZ1RneiGcgC65,2
7299,8iBGtATMYPI0cqpVC2d5,0
7300,erlwZD3QgycGvFXsMpPd,1
7301,3wlDRWVC76fdAFvYksmj,1
7302,gObvATCZKJoyNEeuLW1Q,1
7303,ATKzi05WXfeNpJPcvmaZ,1
7304,jAz2bdEis1hUHxcgNLl5,1
7305,gIDjYPOHKpMsXAyE5QeB,1
7306,AL87dvhUHD1ulf9MT3rp,0
7307,6WIpCtyaKz4T3uqOxsDw,2
7308,784QCIkhOnwcRvFeNDZr,0
7309,8wiAzpNQEV07aXyR6DIl,0
7310,gEZCMz90lrmI8cx37FNT,0
7311,EC82QvRNxyZOiAKhlo0V,1
7312,KAEeGNIw967T5pHFhMQd,0
7313,HZI8SimVhNLz1JD5fbyW,1
7314,AWvH1TG5Nym0UCkLRuPo,1
7315,1RKde4WYoA7c5N8lEHtv,0
7316,JwsCip5tZlRhk9ga1KB3,0
7317,0hH3JB2wM79lYdsyuK5N,0
7318,5YEafCpxyFcNqDGl18TS,0
7319,7LWYyj9uaCoVqJiEck62,1
7320,2sHzcQk5T1UExobShRmF,1
7321,0XSHfwZAgYm7eFVInuDT,0
7322,3ZwCbND8K9zgapSBytiV,2
7323,arzldLNUhfoE3cjIZ12b,1
7324,ePCwhpaOtzJHT4QMBsXZ,0
7325,cbLvyT5HKlrmDP60gE7W,1
7326,AeZvV9subzRmODWTjrh0,0
7327,egd4hlyariNILVAQuPJ6,0
7328,DHGMN38qz61rTmpSXsbn,1
7329,Dl76jatFczZmsKedJ1TR,0
7330,AIBO0E1uSDz3vhtwkofq,1
7331,bkY5l3uOgwSZqzvnaU7t,2
7332,82nLVASm1tBsdgHMvEXP,0
7333,cHDLN8VJzG1XuZhrsxyn,0
7334,ABGeDjKUirlfFwcoMQ5V,1
7335,GHrFo8dgAwsJSV5kI0vD,1
7336,bpsjJDvrhYVu91myBkaT,0
7337,954FXI3YU1fzE0idZ2QA,0
7338,e14oxuL6Cb8HO7d3zSqn,2
7339,gdCHhcYzBskGJXZ63rol,1
7340,5pJfOSNowh4sXkYBmKPQ,2
7341,KaTvxlcpDVC0qOis5jH7,1
7342,H4Rm85rlJxfuQwq6d03p,1
7343,FzZLCbl3pMjoh6sWd8RY,0
7344,7oMbW9DCm6tQn5FTRIus,0
7345,9CHdKeRJpZ3jnIgxkMB2,1
7346,0kzRDUmBLHGd4YPj7hO6,2
7347,HWgqvmfE7PnXoRj2YNyb,2
7348,2ECqL8au6iS3jNJDoOdn,0
7349,IRE32sreyaptx70cJTGb,0
7350,av90QiV8gsYkEpcKReuq,0
7351,38nAlIJyjGuc5PpS1ZHw,1
7352,23iLdjsJ6c01QNkrIRXD,1
7353,16cTMtKIjH5SbyovWuBq,1
7354,efsEVDcnA2bP1CZILYux,0
7355,BASrsZoQNCtedvFkT5Xz,0
7356,3GlD7TZI6F5ExPqHs0a1,0
7357,3o1eL8jrlyb7MY6NASQi,1
7358,D5rOGmu3ePpWqYX7bn6j,0
7359,5wFNuSn6Gal8VXTAEimB,2
7360,6K7qtMej5oVChsbfiuxH,2
7361,gAalL7XT1UkoxVvuZIdP,0
7362,Ijgzo3ts4kZ9UQ7h2nYd,0
7363,5a2Ivxte8k3uBCrUEwNq,0
7364,0gDsIvrylX5fPbG7cSBn,1
7365,gXLSZjPsvM1BdOnJGQhN,1
7366,fU4l7Lc8jnyxRewu1okV,1
7367,D6JwgzycPQu7mWt09eOI,1
7368,HQgZpqCOYs93hwJI0kUW,0
7369,IVrnLsEJ42W8iqv15MFD,0
7370,EvMYO86fGxSLUTKyXln5,0
7371,GApUZMLD5BgbES0zrcYn,1
7372,2ydtPK1XCYeBqwSIcRGZ,0
7373,aZVQvsH0lKUqdEn7oFcf,2
7374,b4I670cxfHSWlV8rJiEY,0
7375,JG1LeckMOuCUwIzbn5Wg,0
7376,gUPvp2kiFac1EGMQZL0A,1
7377,eh7tKw0LaQpW2mgUAOVH,0
7378,abcOwUvuE9jGnpP5L241,2
7379,8q2L1eRFEIXKzo5tuSrC,1
7380,hfou5GTCL1HKIYcUEp0q,0
7381,Br5kJPaoUAEHjGcINVtS,0
7382,cMvOmIQpRPnhUTKjHgyA,2
7383,3d2x0BYR7aiJLfPNsbgo,0
7384,7EWa5VQz2NB4MgdPCtTp,1
7385,E5SkPYDzxpyMwtXTWZ8a,1
7386,6ux5VnvYNqdiRP8ZWI92,0
7387,FrWpo1U80Ou9H3dlcq6x,1
7388,dLgQ8Tpbc3o1anleXsKH,1
7389,E5eMjyTfCLnsQPqvowWY,2
7390,HkFgNRjpGq8VcAW0J9bx,0
7391,cxCflUQEJT7mNFg08KpM,1
7392,JOwf2KBpuhVneIb189S3,2
7393,bfLJgRso5yNC2ZUdHpPl,0
7394,d7HGcZnuRPhQ0XBvTt6x,0
7395,AWvYHLw9OjZmSCiqFpgr,0
7396,A8REQ3NzB0dtHFCWDhoc,0
7397,3EMZ7J5djsBm1cwHhtSF,1
7398,fvTz3rSPVQJGelO49Rn0,1
7399,6tzeYCoEGkvdJ4WwSKsu,0
7400,eEZIGWQA2g79rmuShpd6,0
7401,2Rn8XiSKtxyT6CvljuQO,1
7402,0aKlH1MRxLmv34QGhEJP,0
7403,0PlfqyKM1JtYZx2me5FU,2
7404,7YrZK0PHmtnEOMfbCdNG,2
7405,5RiZwJtzlyDGbO7uAhsn,0
7406,2PyleKgax4UEbIQq1MLD,0
7407,fOoBREwIcNmD8u6Kts75,0
7408,61ZG4u8AIUrOMNRYf0sC,0
7409,EpVF6whltPArouQzvC34,1
7410,IJr6lPZBdNCgUGakjMYc,0
7411,IyTm2g1Xst0oAW5uLBQR,2
7412,Fu7M5iY1R6xDoKWGrcpJ,0
7413,fIxHjE7J3CVmeWrLoG4k,1
7414,d603ro8OlAQxKC9wGib1,1
7415,2JpSgz3vxQqm9H4EIRhV,1
7416,8f0rtXdM9izQnEeVWuoj,2
7417,j9xpRuC3HiYyoDlQ6JFO,0
7418,EXRJfhM8jdP3K2Hboz9L,0
7419,EzxVk2DCYKWZpng39AoS,1
7420,bye3ZNnLt4BfuqAJO8v9,0
7421,7gbpotqxaYGmMzEs2Uyc,0
7422,cyuBTQ0SUwpF3jfPeLiI,0
7423,3d0RlfbApTZ7gUcz9uiy,0
7424,9QdfreIM047ZpNmqJSvt,0
7425,FbHh56UTgNAQlPsKOudE,0
7426,0fxgjYEClPL1BDbcshzJ,2
7427,7uqOdRfD2MNowsIh3xUX,1
7428,9SChX48ZTGE0e1kY2IjN,0
7429,em9MTZSzEYVA3sLFnoHb,1
7430,5C0Ke7rXRtb9smU3Qkho,0
7431,EYrRoIbOfeVDdQF3Si9L,1
7432,I7UrtRkQZWEwOjcHF1uY,0
7433,gHPbaK69RwpGA7nFtuvU,0
7434,cvkDfhKMtO1VjzG4Wiop,0
7435,bnpVUwhFmjOAvQoL4ulx,0
7436,eiR2pUnKVjlrMEdPcBDx,0
7437,jgHCV89D0RbYKqhxwXMi,0
7438,bhLUvK8TJqmG5A3lHaYo,2
7439,I2ZH0sW5hT4aDKwo9gR3,0
7440,E3BIVijdM2ck7KGTzfyY,2
7441,LoWgaidpb2IUM5ACcSGO,0
7442,DPE5t3oT6Uu9mZIHNlKh,0
7443,F8Vlm6LJMgyE50a1xbSX,0
7444,hWxgEPKIclqL97uVA2m4,1
7445,e5OSI86uP1sign2bZU7F,0
7446,k9xRmJIPX3h68arYZ5Hj,0
7447,AQTFcnfp8Bqil704UJuk,1
7448,7cRpXh23wYjFr5d6kvQG,2
7449,IJlXen24jGWi0wAdY9QS,0
7450,7slN1qRFSycIgd9Qwejx,2
7451,bUtG1D8cgh4SzifWksaH,1
7452,IWhovBx7FmlpzN0u4tCg,1
7453,FTPlW3bHICJZwrxia7hf,2
7454,aZghyTF6u2VcPkHsEqfp,0
7455,5JfdLYbqX8oFmD1WTg97,0
7456,cZJAl4tyThQ59MFEsvnR,2
7457,6CHL2G3ivRJ49YpWaTdD,1
7458,E6YrzFHnlZgV9t8ifBus,1
7459,jxgaANiB20rR4UuSveCs,1
7460,apYlmGR3OdU5VvrTkPqt,0
7461,ixCLrht37F0qSkoJQDgM,1
7462,jBXul1FAgEcKxO9ZYCDU,1
7463,cwMuz2CjEtOdNiA5h3ya,0
7464,ePJWxchHYqsMv1L39GzX,0
7465,9XgTOw1fq2RcJ70xFDHs,0
7466,9Av6XsuSrOxPiK5pZUYW,0
7467,Dri7s2veJT4hj0R3aHkf,1
7468,D1jnAYav7uQ6GZ9cU5zP,1
7469,JaQydTjesbikFpx6m9Zv,0
7470,IHiArX1xcBZgv69o4s0a,0
7471,8LM1gfQ4JsDe2tV3bkjh,0
7472,f9E4HBYXeghm8ViJaKbr,0
7473,5HbKUA1oyJDeLwhM26Fq,0
7474,BXQNYRIMHrq8LZ7Ay9pc,0
7475,JocNhQ0k3YVagXdWFwb4,1
7476,i0XDKGofpdHatM21hRLT,1
7477,6c4doT8bL0DuwP9pGtOv,1
7478,JAvZf2EF7UHC6OKL81Gm,0
7479,2T9zBqN60tJEQmOblyM8,0
7480,A4oRW0sZJ3jKwazH5TLy,0
7481,bWHnGtLmyoK0de1vJB3S,0
7482,FOijJzZuSwWcCkbHEgTx,0
7483,drj8265K4UhucxtI7ERX,0
7484,Aag8xz4w7b03jD6mG1Yh,0
7485,egWt9IAdDGE2uPJQlRo0,0
7486,AqwKhntSpCI56vsH7WZe,0
7487,5MK9AFWTf6s8vQtD2yNO,1
7488,jzvoOgMqke9NpTJl2Hh0,0
7489,295nPpgmDUkQw4TScqfh,1
7490,0njs7MJQObCY8ABgykiP,0
7491,7zygNrKJ614ea2vuSlBk,0
7492,D2U6lRktjeuTH3LJXFax,2
7493,3k1meX0gV2WMjAvGDrCq,2
7494,ErYMOiwT8h3yqvfkm9Pu,0
7495,c9UpXT52VDBvPgAySnqH,0
7496,eGwk8W6m4NIzsAaHvfx3,0
7497,DeGNyXCZqw049mUMEpoT,1
7498,dkX9UMse72OSJN0Ewtuo,0
7499,k2uRGpoUItiWrTga9ysQ,0
7500,Dg3AFhR8pknxy6Swcj17,0
7501,ieTyx3pGN70aXrcqwFu4,1
7502,bqtyYldWMuFmAiJQ2njC,1
7503,JrsqMWaubVkZ3vj9himO,0
7504,2hziOB94QdKyeqAXo8pM,0
7505,5HogDrBCQJuV0qhzLsk3,1
7506,972muzardTq3IUKHODvP,2
7507,81LeDy7sJGfSQHFAh0cp,0
7508,6Wf4bxw1KEloJkMZUYt7,1
7509,kJlSuTtgh6fP9vas7wCH,0
7510,8OrsVW03Jp4LYekTAmZU,0
7511,fgjcJuBtnLmd8lORVx7b,0
7512,dLaQic9uU0G2SeRXDAHw,1
7513,cyTsg9fViFZ8uLjUXGSv,1
7514,5QnvTRCteUqcpaL3J7SW,2
7515,hbdQuIOsxgM4iLNlGTpn,0
7516,2g4C03AeqoZR6ctiF1Qr,0
7517,F8DCsJPuq27T1IkB3ayU,0
7518,epj8anqLcrRxHGVWT1Bg,0
7519,GeLtAwMsZIQoD0BNuhjr,0
7520,IUXGYzWQ9pNLqDgukfSd,0
7521,1FsfvPlaKG3TpImqOejM,0
7522,DVBG6mNt8U0iye7MgIPK,0
7523,1fJVGN3On0l7kRohcF2E,1
7524,DuAqvcFsUmZVMIEStakP,1
7525,DUVqFkRTd3MnipSGWgbX,0
7526,0GUIi7xAlODwZ4YBenNM,0
7527,emRjoVUvdDB3xIyhNrC8,0
7528,3OQNh7iEautlHUsSZyRW,1
7529,gJQKCF6t8lGeO05PykWH,2
7530,F2ClVtNKYrxp1QsEwGab,1
7531,1YhJFKP0mIC5e6kD7iqS,1
7532,AWk5jCpDtbs7zo3gc90f,0
7533,EIhBgus4WSiDFQney0cp,1
7534,G29t8jq3S5usQkfeL4zn,0
7535,9UEyGJ2p63IXRZLig7b0,0
7536,0JECiqrVNR1dgj67pZue,1
7537,fDdFOVarzCWRkqiL1xHK,0
7538,IWxSEHjOyLRcPBdgCb3z,0
7539,0LQSi5wnRZ3muIs6Mx9E,0
7540,A3v8cnhKHlp7T2jPWeqf,1
7541,jUy3cSnq2h9ICJkZ1HEX,0
7542,39ub8EQsPK6FY45ZcmCX,2
7543,iGeOZD9thLqWJjBTwcmb,0
7544,aF4NnlKgwEO2CiT5uHb6,0
7545,5dZSWcADY0fCq8hsuJlL,1
7546,Ff65YU9skLjAyMibz1B3,1
7547,d6ACYSuPQ4wcjJynZhNE,0
7548,hAu9FPNJlWKs0DpSnbR7,0
7549,4QZHhpPAOd8CB6e3gtxR,0
7550,CmsQnoJjK6vZHDc801iG,2
7551,56uDgcjXQJhVBpWSUFEP,0
7552,jQTW2ckwXNIaeAPMftm8,0
7553,5Um2hXGgeCVPwdtInObq,0
7554,HlhIyxPo0Ozd9eSkw7RY,0
7555,ActJLU7ZGYEIhS1raKF8,0
7556,3njKFSaLcsNydxXDA8q9,0
7557,9AFl6gbmVOB8zWPISnX0,1
7558,gJQOETXYSINzfiyrwW0C,0
7559,2Zlt5IE9yexj3QM7N6cP,0
7560,EdpPC2Fb1ZMoLxlyAr7z,0
7561,2Y8z5kBNOFot4rAVn3cK,1
7562,gw87Mocj1q69KrPG2h4V,0
7563,jEYIT73vQGWhCm8qNFB2,0
7564,aoDeHLArcPENpQZqG5J9,1
7565,5HoI9qyLeGvARjSNTOnK,0
7566,B74NFkymijZMaKAdVqY0,0
7567,Cv4pEJPDoxHsByfn2eYT,0
7568,h5b2LH6uvWwKXc0i4joZ,1
7569,4nEqldNaweD7j806tbhk,1
7570,lLvracbzqACpwsUtnuHh,0
7571,2SuEocCLvdekmN1jJFzI,0
7572,79ZlfG6CozviMAFYnWhK,0
7573,2uRxGAsyiWeOE7apNgvh,0
7574,hxza7D1ItdKu3bNUXRly,1
7575,iIMmk8tNvLweAr2dfn9F,1
7576,14DUiwIb5xrfkF30cThJ,1
7577,C3rzsiflkeKIoJ49XLA7,1
7578,b5qZNQRzLp6MUlfHisoF,0
7579,JcFgaI0O58Am1EVtPxY4,0
7580,dOc4AD20ltIzKYHCPNFS,2
7581,gwhHpbvS8KsCYq9iEA7y,1
7582,DIjcFZaN2Ly4VGnKdoql,1
7583,1x3vgOGJuyRpnhfU52m8,2
7584,1TieqSEpxIa6BmcGFsvM,1
7585,jpe3QBXGNsgbTJcRE4AM,0
7586,6rM5fgWPyUekZKsNmTzV,1
7587,3b7cK2nPtTHIQ658wsYk,0
7588,hKEeYz2uOGHiAUMRd7Jc,0
7589,0aVxkvmflEizUBG2rMT4,0
7590,dtrU9fswTWbzBmAK7onk,2
7591,6FraKh4Wkw8XyYD0S1eN,1
7592,4iNJaXWGlkyVroOfHMqg,1
7593,fUHWYysSetMOK0InvL3Q,0
7594,DWnB8cNMprEmkXTtHu9O,0
7595,cMdF9wsSLT2eKh7zxliB,0
7596,GTJNch5iVIrx3kA74uwb,0
7597,Fyu9GzEigD5T1PCpc0Vx,1
7598,fUX42V0cAKtij9IHrE6N,0
7599,8LYk4IBDwS3luAEK6Vsb,0
7600,EsWOrxC0pMt9jgPQb7cA,0
7601,k9H1WjlnQPASt0mg25hB,0
7602,fwtRXAaBD60Wbu4JEjgc,2
7603,5su2fIARtLqUzSdQgDB9,1
7604,Cim84euO1FBc2h3kXfyR,0
7605,4pQWju6nLDqSwUIiZhs3,1
7606,alOQxMJZq1Idnt5Dgrim,1
7607,EmVYF0ZrIBWCGL5168XH,0
7608,6nO0fzCtXw5ryNuSIRVa,0
7609,IQuKqwWjoiG301AeblVD,2
7610,jBRENK34v8VzuSOUQIFJ,1
7611,6VNXsCD0lueo1nw3KO5M,0
7612,J6RsFGzY9gtBZduifPlD,0
7613,GSBVYnK0U8HMDLyfeEjF,3
7614,91ToMmJQDchgCfyZYGzs,0
7615,Aghn9OrSzad2DvLYPtqV,0
7616,15sGnFeEvMIgpQ8acbUu,0
7617,69I7oy5WLUckT1ZlPVCn,0
7618,i3aXmKk5LswFcx8dYbBN,0
7619,5PZYiLlxFp6Kgsev0zaI,2
7620,9gdaQ5EJPlAWw3cU18Cb,1
7621,hTvkHcPfw8pLuUA2S53z,0
7622,6slf2AGqxWCP53Z9NuhI,1
7623,FwXLJhKd382fCi4umt0O,1
7624,4gwGiZ8tDrzy0fMFOln7,0
7625,9dOVJRHAPot6sCl8pNMI,1
7626,AVDWo2feMJdbXISwBHm6,1
7627,fRGWEv9TLIUOnhj0YV35,1
7628,haMeQO6Y4A93ipELGwXF,0
7629,FJzEvqG08gbxuQaU7TBp,1
7630,JyL9KH05sfl1FqZEmuRk,1
7631,9NFP4OaTELWui5DRkxAI,1
7632,e6Glp0jLSDA3wxbnPsmO,1
7633,ChvufROr8IQNFgstPBJW,1
7634,idlMGO52wDkKCpNz7gYF,1
7635,f5DGWZn73yvJkLPYQihK,1
7636,IFGzJ3dxjPurAUXKwpgl,0
7637,hLFrZkvCVugAjGlTcQ1n,0
7638,02zcUmKV16Lya5xqnPGB,0
7639,AycKDSBZqFkTC4UVnPRi,1
7640,IsvGOaEpYKnrlqAbkRZz,0
7641,6tV2UrOqmFoGua380Rhd,0
7642,HE928OWkP4RJtdsNL7bZ,1
7643,aRQCxG6dwKMrNZBgbzsY,0
7644,eXu9bAoQ5UWBfCz3KsJN,1
7645,iP7SnkW0I6OzuVJq9erE,0
7646,6a9QCg870OIZxrEmqK2l,0
7647,IvgyiZNlULu7BQO9xYop,1
7648,Jhg48uneMoXZOmB10Wbz,0
7649,J9BpcFqysLwr0YHeNt2o,0
7650,GWBugsn5QySAo76NDE0H,1
7651,0Fu9oETtMW4zlg1ZrUy6,0
7652,aoeMjOFhtA5zDJl74Vv3,0
7653,GkQctIpwN58dSs4O7UhY,0
7654,brthU9A3nugqsSwJ6BC1,1
7655,57Y1sP8cgERT6OQyCJjN,0
7656,hHMbnm8juIizgTR7LAWC,0
7657,deOcZLbwRBp9y10liCj5,0
7658,b64eh1R89czkGnQIFA5K,1
7659,50tF9JeP6UYcOrkmyMvs,1
7660,6Zf39ohpMtgQIBFcjKXU,1
7661,7edjQGTXowvNgS9uVi5J,0
7662,k1Jt5Q0jR8nAo4Fq3fzp,1
7663,ISLVPKT1f8cw92bsgWB5,0
7664,iI6gqausrbMvoSCZUVfB,0
7665,2A6SgLfdzGEopT7XcQhD,1
7666,2nNeZpSmwzACDiljoXM0,0
7667,jNUWxT9ZE3AzQHJcflRg,0
7668,24NSkH5K03grqedBQM8T,2
7669,HSdJKWmPaicR3VlnTq9y,1
7670,i4hXY6TsADQkfqSMFrBy,1
7671,ECiA7GPQj6MNZtSJvRqL,1
7672,aIGXWDVUyzTcrYAOeBgP,0
7673,dtrWjXu9a7l41M0ISHqT,0
7674,gDYlpwAxoP1MLSV0Fi6d,2
7675,h5gMG6Y3duSDeNHvFLzA,0
7676,Bv7fxdPDSZKmAXGp8baQ,0
7677,9DauIvUMYJ15so3beSn0,0
7678,eBkv8KYbUZfERHn3Lucj,0
7679,cRVOyGEn15HNAJClPU0X,1
7680,AaNMcn6PxdZX5lwfz8qr,0
7681,A7fDZiS6LavrYlsRGhwj,0
7682,fUu6izTSZs8Px5YyhHpc,0
7683,4S0KT7xLGJ91CzYfMNpI,2
7684,EjePwO67SMgaldTt4pYV,0
7685,eS8lzGXw3KYrBUnhm65a,0
7686,av7Nljxu5MQ3q1b9roUk,0
7687,Gw6ekSBuImx1052yTaVq,2
7688,hmnKR1fgGFeidy5OHP9C,2
7689,194Iy5xv8QRz7XMTnmAk,0
7690,aQUM2OeWo1PwkhzsXv4x,0
7691,1eOaAY4fpV38LIdhxl95,1
7692,1lWSeRJfOo0X9xqC67si,0
7693,bIC9f4xQYOm3SMpvgtWD,0
7694,JK7liDHzL1AIfrPCcFTZ,0
7695,7nM90LOjpVwENAb5Yc4h,1
7696,bU4AfGqVvWaCRJ1ZuB5p,0
7697,4onTdkSFqx9VB0EPj5OM,0
7698,dBo2VNziGhKEm8S01jc6,0
7699,dncOwWDxEl3Ri7XCMmUz,2
7700,jlOU12YZu5dLceTICW6K,0
7701,bEP5u6wB2Yt8f43Xgrcy,2
7702,0MsQ16zDg9XVerbmfCdU,0
7703,FpfoxH3CNAgl9iBY5naM,0
7704,ANwSdUVmzaRjl3oKIX0k,1
7705,60phCeViuwkrxb1vmglQ,1
7706,4LT5m3NUgkMhaXQJHfr8,0
7707,7vXx2gNhaZedKUtIS4mP,2
7708,0GvtWEPUBfDAcMbiYVSR,2
7709,0B2RwKm6dq9fjUWDNIOa,0
7710,2nBdD7s8Kklrtvm3zSow,1
7711,3maHUZPQ5Jg8lcGuqfoA,2
7712,6K8qujACMe4Q2GrzHRan,1
7713,0qDikloYBvpQTcCOMyS4,2
7714,8a3GEC7cPKtx0lI6qYvL,0
7715,FNlnkGrua7CObgcMqDw2,0
7716,KgEBr1ku6lCwmxT30j5R,1
7717,KFrZ0Lop1WDGwUtkusCi,0
7718,2g9xU7Md0IsoLb5f4QPR,1
7719,2LfPBwRadN3TulW86pvO,1
7720,0G4hwobLuAzvl1PWYfmd,0
7721,cdk9u0beg4S6Tnf5yhR2,1
7722,4arPdRYzg8kI1uEjfwiG,2
7723,6w02fn5UqNDMd1tISWKc,1
7724,HKb0OCLUMnZwxI3o6fGi,0
7725,i7Zea2uqM6KfAHtICFEo,0
7726,Eazj0IX9b3PmLoA7SHg4,0
7727,8sPhMUEiAa3l5NDIcXZn,0
7728,5QkxLnYPlrhFpwDCZ67W,1
7729,fkYSDUsqMbrjCKhmA0ZG,1
7730,7eQUvHRSh2WZ5CFm4zdw,2
7731,k4ZPKVD98Gfghw2qIXCc,1
7732,0XVbihU4clgRS9A6tsB2,1
7733,F4DMfxlcO280BNdQSi6a,2
7734,GgvOWXkDhnMfldVP5Z28,0
7735,Li5YIMaubo4TWtEV7gxs,0
7736,cluw4HMDRQ7dhYIojUg6,0
7737,gRNQ2Kw6dHlOXrhBa0Vb,0
7738,5UuSl3msMYk6Q7OiNHvR,1
7739,BIoAC51ZjKvwlkWcigzs,0
7740,e265VErTdZzJDUS4xA7i,0
7741,DRXe2HIAxJaiFp0joQr1,0
7742,8NOJxRZ65rjy1H0pKWsA,0
7743,30bZwzUydP1hQD8WJcrL,0
7744,0i4ENysvVrgFnbaHUuJK,2
7745,eJR1GZNjwOBTaf58dVmp,0
7746,ErJfdSCzHT0DFsN7Wcob,0
7747,h58VsWF3CjNwgxZenm7l,0
7748,EVb2miqJLBj4kTlfzwvS,0
7749,hXDnx2BM6riHUSYW395I,0
7750,EgTaYo2uCnZ7FrH5V9fy,0
7751,2quKIVYh3WUe9fs4FNDL,0
7752,Ege9soWuH6bf1p847Q2X,1
7753,I3u6QhEBDJz4VLkCA8sT,1
7754,hundC7q5ZQLoY1NvWt4S,0
7755,8HEiC2mz6tVxPqD4QhlG,0
7756,I5bhsB7CcpUDVn8Yglwy,2
7757,fRcoCxGFkr2KP0vU634D,0
7758,7HAqkJSVFhjle8tn412s,2
7759,ckaHuew6QN1dhb07q2V3,1
7760,dwBCl7xMSWvqFiZcJ1am,0
7761,4unYl0BDo2NvIZGiEJWj,0
7762,HorXtKLc4EdzP8gYmheV,0
7763,cMzSVED56G2iCUtF9eb7,0
7764,hsJmrAIKloWuP9YnOBS5,1
7765,I1kgetcxWaBhLoMJ8sZp,2
7766,9mNHweEF0uTPbRcyLMG6,0
7767,H14sZdW5uykCAYUFon3r,0
7768,fR7HG9tZAaI1q62XnKyB,0
7769,59voqhS867GYXDAMzmVj,0
7770,A4VuQZbt2oGyOkUcvS7W,0
7771,FLjUoM3ahgeXQuRmAS8O,0
7772,gy5WKTqjLBtY1dlX3osG,0
7773,jgADkcnCSRavse34pTXZ,0
7774,1uCWzmkyoKRNPS4XHcnf,0
7775,4jVLlkxAIGvb3MBzDYHc,0
7776,GeTocyt4jDP3OpSI2u5W,2
7777,cHbuRhD5wCrTyNjBtFM6,1
7778,HlRnpWyuP37okUqjdhC2,0
7779,e0Yr26MQJovX8cdCV1tU,0
7780,drvYNPo4KifmOn3uV596,2
7781,JokgKM4C3RYe0Atmv7j9,0
7782,3AVbapKO2BYJTqtfMv5P,1
7783,aJAUOx5gLdFSYMTGiP4Q,0
7784,2qTFb1xySrO5Z0UBlhRi,0
7785,F7MWGPqic0rbdlKCImEk,1
7786,cXp7BCts2QybOiNEwHzY,2
7787,FxvK59loJEUpbXBsqy8t,0
7788,6rtCpa7TSAiKQZsORYPd,1
7789,7mGrwqj2tdfEuNDn4gVR,2
7790,1yIvRAMqz0K6xXPBZfQ8,0
7791,ICzpyf6g71v5FmNZtVEx,2
7792,FpbBkjtGeV93UvlqCT5f,1
7793,i6TQ10pXmCELtke5PhoH,1
7794,ce2bA7oZP38DCIX9GhQV,0
7795,gUkT0QpZX2PymWOVYaxf,2
7796,itZsBOpnP7yx4ocgGShV,2
7797,BCw58jIVumFW43RExqJk,0
7798,62lqxRWE40MgbnzAIwtU,0
7799,56twYAxvZmueIQ42noik,1
7800,kiLT9E8NrJAdchnwvBt6,0
7801,CqoxfaLiM43QWBjgmPR9,0
7802,3ZvD4c8oNIOTib1JEfMa,1
7803,AueFZ8Mg54xH2fnias9w,1
7804,ENAgb4Hf0pzKyqG5Xjrl,0
7805,0J61YGoWjV25TzxeSluf,0
7806,54sFSWh1V8P07qugyLwo,1
7807,1TanJreGOmNDozP5WQ62,0
7808,J9mdlXyFaQjNMtWk21uE,0
7809,G7DQnb0fcE62usXeAmIN,2
7810,BXzf3pu7SiCkIHdYPAUh,1
7811,JxpDzd4WRgL6onNalSky,1
7812,jZzi1wtyQf5L7HuTO9hU,0
7813,h2dbAkqv6HaWu1wljRcF,2
7814,eB2k9cdUZEnDKwNOPi7Y,0
7815,Cbj4xGISgFHtOnPYfKJ2,1
7816,8QRIkDJS4bgy2nEvMhfa,0
7817,dauhrHMJspEmkvUWL65l,1
7818,3mCGDSjRVxpeoaYXLfc9,0
7819,9N06grZ2fCsGxpvicaoQ,0
7820,ADHdmfR8J6Ebko2P4lqI,0
7821,6mGvPyTaWit3wcogY9jO,0
7822,7ViTtBsPRgZQx1mqfHYO,2
7823,CZnRQNX0g8IGEcdMq1lt,2
7824,JyABO1D3n0kxMLIWq25g,1
7825,geWrd0Rkc2AsuVBJESwi,0
7826,2cSHYRJ7p4jA3O8uM1qI,0
7827,FTf0bi9tk5ZPs6c3ANMn,1
7828,0gHs6DEouiCPAcmWFrTX,1
7829,g1639t4hNmJ8DWwBO5cA,1
7830,jASo6C54kaZUxit0egTL,1
7831,ci0CrsAeoMTyaXxS3v7t,0
7832,DClx6p7OIkUwVmNYajhB,1
7833,b3w9MFpYOBW54VnQhyaN,1
7834,5j8QqdJ1fUCcNEA49VLY,1
7835,657cSztk3InCL0MZmPWK,1
7836,FB7P8fucig2oslTCEept,1
7837,1zOQywEgDm4CquxkWrJd,1
7838,bWItl0m5QhvFgDCsrBHe,1
7839,36geBOvHzxfc1MlNRJGa,0
7840,KCIYcrW1ExdiuljgTMZ3,1
7841,3ekS6OIvjTVhQsgrqiHo,0
7842,2rvzoQwniG6SRm1ybZ7C,0
7843,kbiU1Na2Kx7Cm6sovIBy,1
7844,4o0CMefnHO3xUI8XYVbW,1
7845,KNP2ROq6J8YEcmyrtSjV,1
7846,gQcxnGXHDVTCvz8hyaO9,0
7847,aLFb6P0ZdvNO7thfBkic,0
7848,21OaoipR7tqxzF4HQ9f0,1
7849,CpjlodZOi1La0WtA8QuM,0
7850,06KfrF7ltESna2ZHPVp5,0
7851,2QYaRbl5FupqTBEtMrif,1
7852,FfYe8u5S2rhlB0sDXIaZ,1
7853,eagtG7IQYUKLZ3qs9yTE,0
7854,GuUDslMrhy9KvIoaHAbk,0
7855,bsQcpVBgjyPva7I0kzwx,2
7856,hMC14VJ78NDsKSotHYeu,0
7857,frnIpkYyV06TiJ3cvqUZ,0
7858,4JEYXLGnodxWIcv6qZ9w,1
7859,2mZqzjspRt5Xy4B9f03L,0
7860,EdT3lQiGHbzmrX2L1NgD,0
7861,cgkonXYDZtdqiQ4su8bL,0
7862,etiXx5SkyzfIu0aqWJ7g,0
7863,D1izI3f6u7wPOYSoxRpH,1
7864,cGKYMRas59beQoZO81gB,2
7865,jBuKaDNdCeyWLkElmpSo,0
7866,0Phtp2LVcsCFMKkGgmRH,1
7867,hRKlMBI5HrGzbQnDpPqu,0
7868,hgbBPkqK8SOI7v0FDYtw,2
7869,2Bd4uWfoseKRLOF7ngE3,0
7870,1kfhXMSUYKtn7uciR6HV,2
7871,9MW5Nuf0ogCEcRlYJeKG,0
7872,9ueGyEx8YApXj2mBMch0,1
7873,bcqIoNTEXGPDUwzCWRxO,0
7874,cXuqeLQGf6dyh4ZIUgFV,1
7875,BG4gJuDjFMtVX5cUbPOC,0
7876,8bI2sDvzVOAPKnGXrWpE,0
7877,ELsQIcq78eSCzY5jMhRW,2
7878,9ZLhFl4N2dUJfDQe0jRS,0
7879,izAB3JHdROIwy8UmKbY1,0
7880,FmafvwYsu6Xn510GgU4c,1
7881,5bahrF4B0op6EdVS3JQi,2
7882,dV8HAvzFer2naZEwu1Pk,1
7883,3FzBIgOhHKlnYspCXWLa,0
7884,AIUyufsTl4xF6BHvVpwh,0
7885,iPFa4r6moSNthpqB2RDV,0
7886,3y5HQzqXhoWfrkN0CwF6,2
7887,3zf9MwdQGUiXa1NYpIoE,0
7888,3wBXsMlxyZQodCTzbDtf,0
7889,fzicEKPN527qMsOHpAht,0
7890,0Z3nQDPiU7LMEesmG4TB,0
7891,2pYN8FCaQDlyRA7xOWsP,0
7892,kaFo8nP3JeGOmEX0Kwgb,1
7893,BWkM6V0EzUeGaIOCqH8y,0
7894,ezHTxiry7cw5dsY6NjSZ,0
7895,bUdgzZroIDt5lqNWy3jM,1
7896,AHzQrG8e6qDat3lpK4M2,0
7897,APTVokiODMSIyn3r5UuW,2
7898,6atVwbXZ4SgPnCEHpdis,0
7899,jKs2xGwT7nCOQ5hYraFU,0
7900,8Z3061HFCR7VUzK25iGx,0
7901,ghtBsXwAKYrkLy76bPR9,1
7902,8GAc1VdPixk7WN9gm5F4,0
7903,FfxBsCDyAul0HSgtGdM1,0
7904,k4tKCVH9XwxuyieA2cG3,0
7905,Gr8pcIbXheNmzaBiHgFR,0
7906,dJ326HRzYfn0DZIPhjMv,0
7907,aWg5v9VtjYfJz38HPqOQ,2
7908,foaW2s9e160A5kjJVcKx,2
7909,a1u9v0bUgGqk5nBwQ2tm,0
7910,bMwiKy4LQPJorOxkTe83,2
7911,IzNgeE6msMS5X0ODRrwA,2
7912,fwhnaCdDvsWFLKb90JHq,0
7913,g2AGZaLeRcbOUs01S64N,1
7914,JaADpqREb91ZhoCgIyTk,0
7915,dI89k371NKgURwFqsOBy,0
7916,E5Xsu6AjIn0TLYOtqv3f,1
7917,7uUXqGeM98kIf2xoO5Ys,0
7918,37hj4GErYayxeWokIlLO,0
7919,cRLVYFJTAaoIOWk1dHUy,1
7920,65PrHFzw3RaIg1Qhcfik,0
7921,9vS2ZE3gVx1XwkcRioz7,1
7922,7bjNgtZXIdEuY3xCeqKW,1
7923,I5v28ycbZiHdqzKXDxMJ,0
7924,Ad80bcoyGxVi15qg3Cwh,2
7925,aqKlTfN1CWiYjILp6Bmb,1
7926,Jy2Nw4xD3bPilQfRsW5m,0
7927,1sqBw5DpJaRkx4SlQdLY,1
7928,6fZSlHiQ4K3XmgsrGb50,1
7929,eZjWiTlI85zsSycCfGMV,2
7930,HVlorUn2MsXN6BdZghv4,0
7931,3WfGisHe7lkxVFN8cjXz,0
7932,2ZoTE3iUtwFfuNAYlyOk,0
7933,dSIY6QxZ4tXnoP8lsqmb,0
7934,dvPzx04ftaoVyH1RDnTr,0
7935,8z6VcnraQIhU0Yk1tg4e,0
7936,3AnwI4dqXDW8PQ7ijCKm,1
7937,93tGL7eRYkUqXnDw8POJ,0
7938,CMlwq0OXr8ygBbNESAIs,1
7939,4YBunKLTsWU38x2vQgwy,2
7940,jviZUT0mHFqDPVzrKXLu,2
7941,AmtQlj9uTKxJdONGWca4,0
7942,2obDBHNAI89aSGFfnYZP,0
7943,3EvAIU8zX2g96DJj5Grp,0
7944,95v7GINU3kVdepaZEhJo,1
7945,AUD1nOJfksdL5H7KjpFy,0
7946,8kOwptdojBs37lfMrzWK,0
7947,50f7jCS4w3hED2ueRosN,0
7948,86ltmd4JPQnVozyK37bB,0
7949,1DmFGLjAlhPwn4yEVteq,1
7950,aWN8UkuiLhlmHB2nxo7T,0
7951,JjyXPOBMQz6IZaNUCFYV,0
7952,avEsqegSVNdCUIAX53cY,1
7953,8JqbzxWR216yr3Ptgems,2
7954,6OhHNGdUpoi7tv0k9qwM,2
7955,Do9QfaXw52dYzcFipUeq,0
7956,fMCEj5tSwasRNbJepnuY,2
7957,ESGvu4j7F65olY8IkWi0,0
7958,EbkLMXBGvaxZY81ytCcg,1
7959,82L6irNBWpMQZ9DRlXKw,1
7960,gYtamL8EyZN9Bp3wTkQF,0
7961,gVXOW67NHqmsncU9FGza,1
7962,0OXtHMVdxJuvezcLRGZQ,1
7963,EtbJHF7V6NrkBXzCqjsI,0
7964,cz1skHABMToFuLGvmDq3,0
7965,8JButIKigxSbR9cZ75qv,0
7966,jwG7iS2FOyNaUY01QC5x,1
7967,Fznamk4GOtlcB91EK0qD,2
7968,5tLizVMafFr6UpmbZ8ed,0
7969,8tAWCdvzYj7s2G3Ol5Hu,1
7970,iHmI5snqhCFBXafvzbJE,1
7971,hmPkwqAdWUyQHjFsatCJ,0
7972,1smUAv6epFKI7kbR3u0G,1
7973,1eJx34l8pcAFvMuOwrjB,0
7974,hL5VPA4jfzHRWusCaQi0,1
7975,f3I8LNGxFnEV6gd9iJSr,0
7976,kjHCv9qNRiPUIWzdGnuY,0
7977,kghNvYueUqRoQsbSZ89M,2
7978,D14MK7pSBhfeR3WxHztw,1
7979,d1NogDxXBb0jsyQnSUZE,0
7980,GNx5o9mIsTV3SUkeJFgP,2
7981,dOg1eCFnMbh7DY2p4ljJ,0
7982,GPEC53g1KvWksBcYhuef,0
7983,9IFO1DNV0XYi4mr3yzUs,2
7984,8s5WLuf0pivyOC7YI2er,1
7985,9sOn7MIbKHyzRkDpv5TS,2
7986,je4HWtx9M5ySpPBO0wgf,0
7987,hGP3VcgJjFyBL9IpAtZw,0
7988,HF1t2RKfSUr9AQij4Tsd,1
7989,0EL7OGZKozbiNCVP61gk,1
7990,F3Zj217CLRxgi0NyHMY4,0
7991,6NTZfuU347Ecxj90rigy,0
7992,GoYCdUnVlSbXwk8I9r1O,0
7993,GWbiQstavLpfhYqDE8O0,1
7994,gmFxGQlWUviPhKyAkoeI,0
7995,5Yd31sEr80tzanSMhICl,0
7996,asK0HpjZeJCPf6kXDbzx,2
7997,gkMcsUACjoBPnFYObQfa,1
7998,3YCBS2N5ypQ94Um1Mhdt,1
7999,KlPzTYwJf3HuA0Ftnd5b,0
8000,0uDV25KpjABxvQ1rXgzT,1
8001,AaKdPBWQD37j9prRxFoZ,0
8002,73LO4S6We2aGQvM0qCXo,0
8003,3bapyeGYC5Zot4Sm1NOd,0
8004,2HesW5JxQNOGSIUubRzX,0
8005,04BfoQRA6XEshiNuI7pF,2
8006,Bo1NCzWcGTYOHQ39vMga,0
8007,0QK142N5HoBntC7RydAh,0
8008,cxj17ZYQ4I23dFs9nCih,2
8009,1AhLOsNdHzDPfJrSXmQC,0
8010,FL235qiOsXfm9WlcCgzd,1
8011,FBrgMHOAi6txEZLU5ezT,2
8012,JwXPAuRDQva5FYe8t30z,0
8013,BjrkNJeI9HMb5lOgpC26,2
8014,aFjtGgxzWAseZRiLJK8I,0
8015,GKhapcnCHF2qxI3XkbyR,0
8016,894ejoK3q5aZurSAzUJs,2
8017,GN8ZQjzWfKBYUtH1ehM0,0
8018,c1Bwr4tG0v6IoiP72MgX,0
8019,GOEKlWF9DoZ7Y13rJ8ia,0
8020,bNxQCj6cPugZJ3k7HDeB,1
8021,J8BlM3NXxq4LzIsrGVPD,1
8022,8PZwALmTpNjqr3Kt1XFz,0
8023,9nR0ZHP7X2YJhQu3Nzsa,0
8024,IOukR7FPVbzUl3co9L2H,0
8025,CynZDa3JPgzdGSY6AOmX,2
8026,AvSqZN4QKiLxhE2XCObo,1
8027,gr4aMsZW3fHNbiP7eI5d,0
8028,FKPI2pwaXBJkOsfNYtd9,1
8029,DGqFIJjhM79zSROgB8pL,0
8030,idM9jgSrFceTfECaYGLs,1
8031,E1hdL4PQ5l3Gc82vyeAT,0
8032,h3wJc9sbFx8AMane7uqY,2
8033,2ZkEC4YJ9vO1dHy3Nb68,0
8034,f6IgSeW72uCHcVYjOZUx,1
8035,dHpIeYK9gkS3DWE8ziBU,1
8036,auUCQGeLSRt8YmbdnHK2,1
8037,Be50gvTzhjPKQ4m2FyLl,1
8038,7EP1JTkcfG6hdVUe2RHY,0
8039,JVxhvaMDsj4PYBelFwOu,0
8040,HucyfJVMikNI4eTPCd52,1
8041,doEyIsH3nRDTjfZ5lvY0,1
8042,CV7DFk6tUNpbyJcwEKsx,0
8043,DIAb8Wom3hCTuYKZpJFs,0
8044,3UBNSVDERQHw0cGdsWrq,0
8045,hwHqFn9SxcKJCr8LUaz2,2
8046,gbl9KAStEi2LpcvDfWMn,1
8047,2oMjFb1UfIym9ZgxDPqG,0
8048,1AhQif5kMPb24RnCmjrg,2
8049,FouYPMV2OKXB7fgjIZxU,2
8050,jwoQWVg2BdHpPO4uJben,2
8051,0Rgetc1wAfxlzHTGBOa7,0
8052,2ZI9SdMvc7WAXK03nPyu,1
8053,b8Zi5NAtq7mysdLGIlMx,0
8054,jgNc6pwRCBPetnT2yXQH,1
8055,6NH7fncljqxP30hOriSw,0
8056,i965bg2xFhQCzfv7TZ3I,0
8057,HVvNI0y1LSJ2OpPkFjqY,0
8058,hATF04dxIqGvZSkmK8ru,2
8059,5LTIfdPNmeBt027KkVlb,0
8060,6mUHQtCBjzWA0fGIEnP7,1
8061,0fGuCWgTraQ6nEmLPN8q,1
8062,K25LZ9q8BDCWP0VpjxXw,0
8063,6B2JSV7e5Ik8lAM9WqPG,0
8064,CFH2LexhBSApVRurWQD0,2
8065,5M1NF3uPvts98WBGUi0E,1
8066,CKH3dzusIqDV94rvTJ2l,1
8067,F3X2L89qjhUyCzIoPOrJ,0
8068,dSkI7FWjpnhwJABYgT4s,0
8069,5q34Q7pkvTeoj2E6ItFw,1
8070,294DyEi30U6TVeFSrClm,0
8071,G2wlN4BuxnLUHiXQeSZR,0
8072,J1mFkVIda2ti9BnfG7Mp,0
8073,7DclN1CBzIh5OutSKski,0
8074,2O8w7LMDfCgRhnvNuetV,0
8075,jMHviQAUXJqEbokeVZYg,0
8076,0Qfd8jy2JYX3U7gFBG5D,2
8077,fCZy82xrPRN6WUKpjLTO,2
8078,BWwNc9p154qvzI68aPH0,0
8079,8EegflqKGRVDNihwFZ4b,0
8080,aVM29RPh63DTcnOreZwL,0
8081,7jlGOKozPAb8F6DhZuB1,0
8082,ePzxjFayC48I0Xb9kuS3,0
8083,6nmO0WVPKQbzXErpTkte,0
8084,5mThHDbEpSQAYq3F1xvz,0
8085,8y5qQ2Z1pnLCOFWRJMA4,2
8086,AOtYk5NFbClpG7QLwfB2,0
8087,4sPNK2e8VEkXb5t1odf9,0
8088,JgoL72E0WlXhmFHD5cxp,0
8089,ivJ1wBXIQLEyThgtZNoM,0
8090,EOz1VPtvNhC07QugnxW3,2
8091,2pBx4KMDEatfyGFwoqTO,1
8092,GEfcnxDQbBIuid5UrMoy,0
8093,fmXTOnYxKoQUHVRDL742,0
8094,KdVApoT8ODIh2ZcGE56R,0
8095,APcpJ7ED4KwGeiTkCqFZ,0
8096,92xGBknJqLXYFcgUmjVl,0
8097,jbFcZuLt8zmiJQAORP0p,0
8098,38MtDCdfSEF7BWhizVyL,1
8099,jOTtmr8uJvclSIBf1xHo,0
8100,bpIA0CvVdmQcEB2oisqj,1
8101,8LtljiSurqc9QVgkBPwM,1
8102,5N10esCGIJc2kB3KQYWU,0
8103,gnJEALKUuqpMFItHRVzy,0
8104,1uL0bOdvywrYSTBphUZg,1
8105,AxMQBldJRotHf69j32PG,1
8106,1jex6QUgvfsViWcLJdX4,0
8107,69MHIoldGcUTvxEOXJyw,0
8108,J4P0LycSEbmQ2k7oDuev,1
8109,gcAwHM1dYerUjL9O7ptm,0
8110,AcIxJCZRTFUpaHove6Qf,3
8111,GAOqVercpKCZJX4l1wzh,0
8112,iCkJe3xvjfQanEOUywFo,0
8113,18A9fzqbeyripCSuLKo4,0
8114,gFmZvPRceGixXVwO10sj,0
8115,BmMDeyRaJzQ39WPK2VIs,1
8116,12TEseaJ4jnbyORqKxhf,1
8117,dNw1IRg58zQl0oFVJS2q,2
8118,DCu3ie6Z0Rzwy8WkbTp2,0
8119,8ZV9IwvAeCONWD5TUJ7Y,1
8120,02mlBLHZTDFXGa7Nt6cr,0
8121,GWOV07nzb1Lasfh3wYep,0
8122,EAGHSZ67RVfuTi9Y0seI,0
8123,1mZhRcBEeiGd0aDJw8CO,1
8124,Ft0dsjHpwqcWoXK6ST7n,0
8125,bkvWjpGYrfKLJUyON74g,0
8126,ED2JRwWhLpQl1Xc6CHmF,1
8127,IsKl4oiejb6qy3wZALzV,0
8128,faOmpIAWF9ZURkYqg8vr,1
8129,gBvO2rS0FyHbzcR5Qp76,0
8130,BUPD1HZCoxOlY73siFhm,1
8131,5nSZXBYgVob1qf4avrDP,0
8132,ASwCVlU7bIDm6HjuNOK1,0
8133,D8CZQeAKsq4fiorxGEPp,0
8134,Ck6f2RoaEw9ATQtzhOcs,0
8135,akGLtUpCrwA6VZT7Y4BN,0
8136,g4EyujTPMQHLfVIRlDWS,1
8137,gPICkhiGxzB9fea5wUWM,2
8138,CNG4WO73MXuLIEmhaRcz,1
8139,hf2OZuRmJbxks0Xv9itV,2
8140,iRolW7mEntScOG1kw6bF,0
8141,63JdbfzDMVIrZE0NUyO7,0
8142,GsuSRCHvMtXQDYAkiKWw,0
8143,4XU0IsMdoj31PuckzJ7r,0
8144,C1MR4txhqcAg0vDWSZNl,0
8145,elR5wXCUh8jpg0VT1Amb,0
8146,FLBerci0hxEK1fYtUon5,0
8147,5Kj6AhNFgwEU9aeCXTOy,0
8148,hlz7aimR9U8PWVqSvKgF,1
8149,bZ4i2FL0OjfSryx3BMdg,0
8150,1RyBhpeVSJd96rZkEI7w,1
8151,fN41R9SVgavu6tQ7lreY,1
8152,aj8xLYWXwT6Olgo31ndJ,1
8153,CrKzvf0VWbetkShcayF8,2
8154,G37jI5Fu8YEJVgWhiKCQ,0
8155,6rWRQ9oPiX5B3fusHOG0,3
8156,infCxsk45eNY6QbKt23u,0
8157,HLqwFIxJdXODg4pQm5Wu,1
8158,IXf85MoF9UHRcgrwqse2,0
8159,edyzYvJXM7oLhGwHE61D,1
8160,0GbMkYlNyt72OzBjIcVh,0
8161,djHKwt1VZXBzqmPOAnM2,0
8162,AtDZWHR1rcVobv0yp8Yu,0
8163,cXdSgbQMu2Epl9A7WrNs,1
8164,HsL2jYueFUSCJZbPKzkn,1
8165,8mAqS5PYhyIwls9t1r0Z,0
8166,inC4uW6VxpDb3TtN5jQH,0
8167,CMpESZXjIKbqg7G5NhlV,0
8168,7xUnl2qc9tbYWsFzQCKT,2
8169,AjkSRTPFOyGM0imvQ196,1
8170,2HAvl4QhqKBGu8cWedtY,0
8171,HOxsvV5gKWhCm9FqDb1r,0
8172,CZlaEYRNPz5BfcsLx6jh,2
8173,6hFQvE8Ae5NfGVkHnC7t,1
8174,BLUqHvpdaytR0E3rZMu6,1
8175,ce5KGVx3FUMRzmCXQHOs,0
8176,DwyNaEk0S4769ocfPOzn,0
8177,3NZJCsnHq1zpoF72dt6y,2
8178,4KuEofPrvHURC9i8JGnt,0
8179,Bu4azJQyljTOX3hCn2AN,0
8180,eRVLGHqrwDSMx1p8XKI9,1
8181,JatHiWwG3Amc6VTXuSqC,0
8182,H75RL96JxmMEfBvbe2jk,1
8183,b2CAKLd8wJBEgHry3Qhk,0
8184,hMVA6CuFgxXOPnt24JoT,2
8185,0DM3hS6Gg2QVKb1fZydv,0
8186,HFQTfjJp98VMhYeBrkmd,0
8187,HD3SgIFw48AUElLe57oi,0
8188,kaCP4Mghom8e1ujB6HY9,1
8189,1tzCLRxMuGS0yKI3lj8c,0
8190,Bfu29KOEZa8DCHgMe7i0,1
8191,9C7P6vDFXbryOshpKcfn,0
8192,H2P8x9X5ay1OksdVjwUo,1
8193,9jOk8Tn5JMt4qcXmplfx,1
8194,eRf9nXMwWl8OG0TxbgKv,0
8195,iEVTh37Mo4NWlAaqCFkU,1
8196,6Z9ok5lwEO2cXBsM7dWF,0
8197,Kkd8eR0wGQSLfXIrs53E,0
8198,JlYNWgvo2LCkQRV8d74u,1
8199,40A2WjxFyvlJqiM3DLc7,1
8200,HjhNmc60tkrMRQZ7Po98,1
8201,CNmr15YobqEfvJn6P7hU,1
8202,eIZKWN6bTjYnqCa7ktJg,0
8203,cB8s02ilF5KDxH4XITvb,2
8204,15ADIikydX7eNq90WfcB,0
8205,A4Gwv2fplFCVaiSbKJN0,1
8206,BJxWKlM3u74OAEkSoysr,0
8207,Fx7OEUwu1anTG8bQhqc0,0
8208,K48cme3a1Bsfl2xoG7dD,0
8209,Ee0OJV3KBnFRCbt1fxp4,1
8210,B0iZlJ2qwUe9RvbOSzGC,1
8211,7RVrih9gAL1FodIKNTc2,0
8212,5OoFBKeZaAtRYHMfIcV7,1
8213,eMZYXFS0jiHTV5y742UC,0
8214,ELbIP3i6rgW41Rl9phnZ,0
8215,daYJhP9jKDTN5o8Z1b2G,2
8216,6hsJVLzbaO4P8IGZcvrT,1
8217,5MSWhldbjBpEQeqVoPaI,0
8218,iIrHW0e2tNX9DQL5vh1p,0
8219,JRpgnDye94P8crMsVNHv,0
8220,dS6twLfzX3iyNv8EBnam,0
8221,J2PUnDWVabBmrFxKEeYG,0
8222,8uvPtcIkb9nRhqUGAzg5,0
8223,JO3YyqSKEfcd0RN4hLFu,1
8224,JqRujNbmhKvsxnfrTPwI,0
8225,6VHLJedU0IhWOs82KBtA,0
8226,3T62h8QPf7u5VlsFMktG,2
8227,HueRQzwrp2OPDBYMITGx,0
8228,3QvRB7xD6n9kNutKOYAe,1
8229,CEfkRZXa14zAWG9Duqvc,0
8230,4hnUvGp6xfBC9Rbl0Iim,2
8231,624nasYWOLCkrcqB3HGg,0
8232,9Rv6M5yrfNHhIatUkBql,1
8233,dL4TRA7GvBloM5fYQq26,1
8234,fTNi8v1snWXwpdzQrBPy,1
8235,glnkDGXbTaC17YL3JviW,0
8236,5QvCJULkphcYGge78RNs,0
8237,1PBLNzoZlUuWEvAt8MHq,0
8238,eTt2HsXmqIJRhvaEfNO5,0
8239,hmgHSWv8RYUidfGkn6V3,1
8240,JINMqhxUa3Efc8QF9vCd,0
8241,9XaJfKvR6QwiVNk7qGd0,1
8242,ha3muSrdjiVkA1JeBQ45,0
8243,4AlXcLmdg8JIsuxta617,0
8244,0G2RV1chBlIbkt6JqA5Q,0
8245,5gVwWXsxtIzEn6RUJq7G,0
8246,0fvnGU7dkbr8iEhZuMcP,0
8247,Bnyr5gF3Q0SLeh7CEdoD,1
8248,GRYhfsPiy72KcE8VaeqF,1
8249,GnTwHMeljN8m3PvWBdLQ,0
8250,9aolB0uPHEbsIc2ny1Xk,1
8251,Ayil2RNVazekFYhrtT3E,1
8252,6Wd9umcsexZNDP7IfJnq,1
8253,GZELs4ti7QfTqNIwoX9U,0
8254,jZxB2zDWto8UTu6hPENM,1
8255,czt8O5XbKRoYTujW4qvE,0
8256,2WHevmqLEZAb5ug3I7DN,1
8257,hmW0kZVbo2URyzBOiale,0
8258,7KuBf9wZiUkFYoatEMNz,0
8259,Adj52oSFhTbB837WEvpm,0
8260,h0RSAT7iEZH4lOQv3NtW,0
8261,2cf8jvWxmkMu6s10zbqN,1
8262,ClHVvOj2hM4UekxQKw1f,0
8263,8XarpMwmLAk1gTDfYZol,0
8264,fS6uGVWmT29r4N7qc5hp,2
8265,iDx4TemwdyfNER52l0Mn,0
8266,49buyig6pa25Z1IAqtSr,1
8267,HExR2koQaZOBwnK4qU8m,0
8268,Eyub0sHRwkPJTm58NgXF,0
8269,iUQAHhE3TKRjagWtFdJk,0
8270,JBhPuigxYtENMs4yToa1,0
8271,I5nFDOpfAxyK3CStBieU,1
8272,fGwEMeBFc0JUlpKHONsa,1
8273,g46fdQWzcnK0rBGUJs3j,0
8274,1mCvIc0K8Gd3P5suXTRM,2
8275,iaHNVLkKABMznmxDWFZ5,0
8276,Di0ceNElhvZrdMRgbyYX,1
8277,8ZImDglPqC9RSok2WxQ1,0
8278,CS8VeJ613FL9spGiuY45,1
8279,FNiG6lYdyzwD5fLUoOvC,1
8280,e6WgP1KQ427tHGEzsqlT,0
8281,DayOBihLJU5IkSjAgMmt,0
8282,7uUlDKMXZr6aQmVsLzO8,0
8283,H7CpUha5E4m9YzjxD0Z1,1
8284,57aolZC6XSxqr2HiGsfV,0
8285,dKSWL08mXFJUc7VfA5YP,1
8286,J2cN9YjVQAUdfMzGRnBw,0
8287,FQv3gdPzs1ayVCXuYcWR,0
8288,23L6M58iTRC4rNHlIFDy,0
8289,diM03xh9Zv2Rm4nNVIjc,0
8290,9NeB3O0anTrd71cizjRS,0
8291,h0DRFktYmqyi8p3s2Aa6,1
8292,gQzkDdH4UW3yNmb2Gt6r,0
8293,5itrSmMjzBwOvcb7JgZe,2
8294,42LX1b3e7uYzmyMchxFi,0
8295,AgfxJMKRqbt0SnsjN2yQ,0
8296,8Z5zugCOx3cTB6ikpbSq,0
8297,87OEybJHlup9AavITYCg,2
8298,8E2PuBnfWTCXFGJ7RZcV,2
8299,50Jfanb6tRU9QgoPZdpr,0
8300,JriE9TlhQ2Y5OGwV0XZL,1
8301,IVZFbMA91RSK36luQ4kW,0
8302,9XqeCuYvWS62VE5giIz0,0
8303,bKRFqsMCtGHNh13fw6od,0
8304,3cLxp0USf758FCdWIMeb,1
8305,6WrBNPTRljxmLahZzo5s,2
8306,DGmbwEzu381CyXgAMB2q,2
8307,hS9ODtwMaZzK4kH8jpT6,1
8308,D6C4HPXEmQVd7Y9esqv0,1
8309,CYblXLMZ8v6USIHOq3r4,0
8310,Gu5cz8UrOo0QDfmsZkA6,0
8311,5a3BqXVrZdHKFeMiuyox,0
8312,2mxzRY0nGXtkb45lDrqC,2
8313,5Zrij7tnYzFRaxI9edvf,0
8314,7yxCFjirtYhceaPuNZkD,0
8315,Fa2OpCTDdAE3telu04gK,1
8316,05aiMRw13bYWqZ8OHvjl,1
8317,BEDxazQfwP7s615Vdvpi,0
8318,D4HgKrPeUyIlGFMv1tVR,1
8319,dBO4MNxb7AzLaoWpm9vC,0
8320,JUCpOmLGibKr7gdPHfhj,0
8321,cuZrzSw2lXa4fq5FgmOj,0
8322,gEYi9wkRjzF31tqlsJ8Z,1
8323,jepVLK14FMHN90rgJCzs,2
8324,1JuwbkFyUg7T6KfoNEjp,0
8325,FDJZ0EIO35C7ohn6zTUi,2
8326,i5slewgWou6xZMUcdATm,0
8327,eFK1IWckUmuM3oCAjON0,0
8328,75yjfqgYnbkFS4xd2mWN,0
8329,axmjW0H3EnB9JRdSibKY,1
8330,7brc10uy63I9lxBGkJD8,0
8331,7ED0sQObTcBd6kL8IwJU,1
8332,769Krhu3E0pAyvqMZ5SQ,1
8333,kI2PQoudeFEDYOBTliUf,1
8334,FZyGRoXSd0DTWBqeA59k,0
8335,j06GEwJCPFkXusRhlc8D,0
8336,BFRTaeYZQhGOKp6uMEHi,1
8337,jNUAeECmnsxGJlQrTubv,1
8338,9wW7bjCFh80ZKLrSkyvB,0
8339,8W7PJBs3cfumHjh6Mz5Z,1
8340,ESoHvWkbZ4JgwzlFK6uA,0
8341,0xUc2vRzyYtqFa4VhLnG,0
8342,ajnhEXuNF4kJfOM7Sl36,0
8343,fdSHkFm8b2XBevTGCYM4,1
8344,eBST0wXfIAqj86r9VY5b,2
8345,8LnoxdfArQiIbvV59Yyq,0
8346,1AfYJKywcXSiI6H80nqE,0
8347,7T49Xi2bgMIxcAQKdfky,1
8348,ctp2S3RmE8qngvHUQbBa,1
8349,2SnRYbpqifxILdT4Wg9m,1
8350,HCeF3VaK0l8ENTx9zwYR,2
8351,3lpU6MODFqdfE7eiH9sn,0
8352,3i9xQwF8b4HMzcWZdKgq,2
8353,7iEfJHXeGdvRDhx364nL,0
8354,HxtU7NK9ELA3zhksWuVR,0
8355,b496E87ojrx1PRCO0BqY,2
8356,6mKG5UgpFBOYCdR3Wz8J,0
8357,62rHUwVZ78GqfF5x1vnd,0
8358,0JBNEWmdi7GptrK5qYD9,0
8359,DSZMm8JIrBysVqoNCiRz,0
8360,db8fq1nUoRsFN2y5LkX6,0
8361,HVZBvsWOFIJhr0qNn18Q,0
8362,jgeLHoNOsITmWJ8bpnZi,1
8363,ipK6gHY1UbekXsPNz0lI,0
8364,H6lnwc5Ixk3o8O7iXtJK,0
8365,DeHdPsMiVbvELXWn2w86,1
8366,b8yqURFwVf7KdLlH64TQ,1
8367,CrKgOTJ6MutNvsD1E0jB,0
8368,26xuQtiVm9qcW0ErByXF,0
8369,69jsYQMcGwzrBLUPRb5e,0
8370,i9JrvbXVAD6RBT57kQLq,1
8371,6XvS9xbnOsJKrGL30NZM,2
8372,cAmPglvzOGuwNCYo7Ihf,1
8373,hURnIpZK4frFmclgGCeJ,0
8374,f4SBYHe3GaDiykbJtLdX,0
8375,FevJpgHqdmc4RZT2fxbP,0
8376,aRi6UqPbCVQs1gLWmF4e,0
8377,4bdlcsiDkvA3hZC0XLQI,0
8378,hcxzjg80lCIdiRyQ4en6,1
8379,dg1AyKiHqjFwVOln4sLa,0
8380,Hl2P1kxawM74dKtuoA9c,2
8381,7r3gQfJxjyIdX1YloWuR,2
8382,2cSXHIY6r89uUvsZfqzE,0
8383,6TtolMFBK9Q8pEIXvbNc,0
8384,9GJejM0ZvT8N12gEknId,1
8385,LfVY3tPrRZHGQ2SdJm5x,0
8386,FxhNbBl4iuU6He5mjgta,0
8387,GDtNoxZ3CKvYhcHQukrm,0
8388,h08Yo3NOLxdpHgMG5zB6,0
8389,cHEKPsTwJjfemg6khBFX,0
8390,gFNGYSsVAOx58JEI0laR,1
8391,jC6QJ5RarVUNMAfpsnbw,0
8392,DSUK5GaL9s8tA3PfhZTJ,0
8393,1tO3IYLhvDx6CKoHamQb,1
8394,jEVAIFWvTw1hu3yrizUa,1
8395,ceyIk4f0BRUiar5bLJ8l,0
8396,hZBge41CJMuA60blif7P,0
8397,gLEvBR41T9HcjW2zCAni,1
8398,HngN1QsVwobWqJB3RXCz,2
8399,7GitZvML2g4FwRHINqsT,0
8400,iCIfFsxNyKkVzZv8cGma,2
8401,A6UnWK7Eo8iVp9NIBmRY,1
8402,369xrHyDKegPqFMYWQJu,1
8403,2ITFtqynN5lOsP378RaC,2
8404,idDSEvTsVqZhI7MlKnGu,1
8405,KIMkclhHJbdsR5218rzq,0
8406,FSZsJwdxRCkPAeB2Trf4,0
8407,BuAk3XveYTb4FLRHtO8r,0
8408,5elYuDEtgZd3TLHB1jVo,1
8409,6Ca134elvuOj7mPqSKQr,0
8410,AJ2hWQ4bKcS5PF93wEOm,1
8411,FZE5yneocLv0D7kK9CJh,0
8412,BuLVYHbp2AgWN7oQ46cZ,2
8413,8ELU07KQbV3FndjHtxON,2
8414,F4Yfxzi6htG1ReS0M7Z8,0
8415,DJr7dHKNj6Uw52YSOny1,0
8416,7G3kjlrJTEBAdbepzQOc,0
8417,FVmO980BKzIHYiGUscDx,0
8418,D4NQLor5zyHsjYCukl0O,0
8419,bCxz7M1oONFSUDvuKV9d,0
8420,7ZCB4m2QyOvGaNFUls5q,2
8421,c1X3j2Lat7Eo4I8GWFD5,0
8422,2WabDISz1fTxFnXvekm9,1
8423,bcfqy2O40n1Q5e6PDMVg,0
8424,FzXcL7Rxhj3mT9tlCp4k,0
8425,c1nP8lvwZ6xB3jLdirMW,0
8426,AVG9IvBRfaEbZn1DhSNp,1
8427,JH7LVWse20z1Q5Onfcy9,0
8428,i2Jkh6cyaOwnjltg5VN8,0
8429,fsJt14QZIWVFvumNgnki,0
8430,GmH1ULjobZKMkcVRyqQs,0
8431,h9uzeKZxisW1H8IdXbGt,0
8432,6v7e1UtEQSGMgmw2Ay5F,2
8433,IW7mHNap6Du9ZvEKtdMb,1
8434,5r6xMdBnS3yDCbpET1PH,0
8435,gYadf1sCQqUIPiD5tGo7,1
8436,41wOoxNbCqTKQImafyDJ,0
8437,DkyjfaKHbhTCYr0px2iQ,0
8438,9JDipK3MheU4cHqs8I0x,2
8439,0jKSsqXVHNucByZ9l6Ao,1
8440,8A1wMUgpDrZ6HTcmQoCx,2
8441,gLmvzTR3BJhWD9kaw0nA,0
8442,f2bc6dsxSiWV1tCwRIE5,1
8443,9KMBloOjwteu6ZxUhCzJ,0
8444,4L1CmOTeP97DlJRjf6BA,1
8445,FWLJQbmnM2URyBv4P38O,1
8446,CVDh5bZKveU2np4wSlI8,0
8447,bjw2G3pHJZt1nN6c8akW,1
8448,AGPB43Mde0RNgZLw1t7a,0
8449,gCQ70meuzrYAFaWDxZJv,0
8450,dm1bOf25FYHjuyveM4K8,0
8451,EjWBahQA6X7ROn5foySV,1
8452,4Gp7IWxvROy0MuS5PNzT,2
8453,e7cuTA6PjE1vU2b9qHOt,0
8454,5GvLiZoCkwMyFfBIXY6P,0
8455,Ip4S0Gj1kNsyRExh6J5o,1
8456,2h8eQTGO59HyJ64WtIVL,0
8457,iPrHAsaDfj9wM04dxCR7,0
8458,AJ4B8UOijaqGzpvnL06M,0
8459,iks3Y5jQmILCpn8O6wR7,2
8460,9T7thaO0dejwILXzrcks,0
8461,FN5lMWj0kPY3SBRcoHvz,0
8462,45jzUD8TtAe3wCspRHvO,1
8463,aKQpObrHFW6ymA2uwdXP,2
8464,2Q3O0EUydTbhDIxVAztg,1
8465,icRPzo1apvBleNOfSXq2,0
8466,BrUsW7NEhzVQaljI3OXy,0
8467,hmxjukz4UBqMPf9Jec6y,0
8468,eM39XrI0GpTDhjSyQdx8,0
8469,7gVrbIoKeGJuqZp5ClMs,0
8470,85Mk6byWNR1wCETYisFp,0
8471,0QqWIUsiyj3AaPwJD81S,0
8472,Gc7fIKEtrPNZ2A48gHRy,0
8473,7qgZAJlOevNdjHtbpfuR,0
8474,EXJvSznUcQjwyD4rGCNq,0
8475,iu15WrfBX9psnSIYFhvz,0
8476,JRkmlOCtMWc9j1o6E20h,2
8477,dsuIp14XKzEt6kU29yeV,0
8478,GFLxvaBSrfoN5uUA3l9s,0
8479,FSqi0ZaPveb5jMxtBcfs,0
8480,17kCoALmxaXpcNzd5KnE,0
8481,1MQI2rYz86Sbxa5WhCFG,0
8482,HwOsZC4B8VSEXoa5WyqG,0
8483,hcug1H8Rw6ZJ2sOITmnG,0
8484,fnPJ4EFtWhxVsIS3bMjz,2
8485,CJyopa7dqfBGlR6wUgSV,0
8486,iUzHpeNq2fWxC9j6OvYK,0
8487,hHOZj4C0Mdi5Ktx3WEg2,1
8488,6SloMR3muLUqbWpYKr9O,1
8489,KNlAmtEIizBU7X5H1PwQ,0
8490,IvoXQpraDg5ieKAJFmEL,0
8491,2LEOmN89p57jGayvcXet,1
8492,dc64u3pCSJhGPUMqxerX,0
8493,iEhMwSYF4f7O6clnzgv0,0
8494,E6VX0GAxMWQaRjsCHt7Y,1
8495,3LOYzcPQdE7yresjlXVm,0
8496,a0vhxHWSPFtLfpUm793Z,0
8497,CdL1uPqFQbyAna8NgVt9,0
8498,7aYpinlyB6x4IMFRd1fh,0
8499,hI7BciQG1fTlHLJWmZX6,0
8500,bNdyQlOUDpmz2BwY0Z6r,0
8501,DFMV6lWOkyYihbQCJUs4,0
8502,4KAdMvSOYoB90Hp1Wnac,2
8503,jq9tQfVT21HeNdhCGIxa,1
8504,dTPeEC5gShQ1YVcI94N0,0
8505,5jlRhIpWKDYNbSHcsJGr,0
8506,BlHZ9E0sqgPcLaK1nVCt,0
8507,1gYyAWCIEbGBJaMHL0k2,0
8508,1hAQV0ebMLSgy4ktpfoC,0
8509,7AhtpZDSxMjVEIs8l09W,2
8510,1T0BWPoJVtNFzsycKhlr,1
8511,cqGxW3T4aujrSBlIEzX9,1
8512,0AguvpOCcaf2myVDYFGb,0
8513,Brjb7SDdwO1fnkAhCT0M,1
8514,fRAgZO28QcXWsrFkC0da,0
8515,CdbgJo8peBERKZNyQTYF,0
8516,hStvL36JYZfqk1XWr2dN,1
8517,47mvwgDZ6dTEQcetyPbn,0
8518,IcVuwSpZQzmUql3OxAva,2
8519,7aV6QqpmJ10OMfNsAw9k,1
8520,bhwUq2yFXYSRvVH9JEW6,0
8521,8251cHixBfdqrKLoPl4v,2
8522,8hjIWlatZGceSXoTx14K,0
8523,a2UF0Vkeh5P74psmiR6v,0
8524,FXUJWnbGiCERH9Mcg8L1,0
8525,CqlFyksTYLVw0eQfJZGD,0
8526,BfZpbY7j0PIw3Orygsvq,0
8527,i4asgqmJlfer58VvktWz,2
8528,7EeBbm5jxfwut6nPD0iF,0
8529,CWuq8TUdkQPBJOc40znp,0
8530,EWhzrqv2D3kBYb6SKpUl,0
8531,a3UjzHb2mkQxnJdtZsRV,1
8532,an7uVbkw5MAPJf8oX9GQ,0
8533,4KSqD2j0yXBPGgskLCFa,0
8534,hRUbGTC1N0dezkMaiIXL,0
8535,8l5jU3sPg4MomRFwL9zT,0
8536,85X9KSMHj4TODcx6FAvW,2
8537,HBmJ8DWMVSpdY436O5Ao,0
8538,IG9PnvDKkfZ08lFbNECx,1
8539,bf4dGqaUvH7SPuORJ6cC,1
8540,DvdM5Zpx96qKuN3cAt1y,1
8541,0LVqvlHF8PuepodIiBUb,1
8542,0DbLeKSoxu47wjqVHsi9,0
8543,CiTx6mEeoVk3sb9fBFIA,0
8544,6FPAEXoHTYVfc4ezxKkQ,0
8545,j0pIG349TtMiXgkH2bnF,0
8546,dyTqfGCNl7Hv21oZLMK5,0
8547,IweQoKz4HxGc8mAETNpM,0
8548,lkqEXK4NrYSseRTt0Gb3,1
8549,6G0EdXzZTPkbhoucn8RK,1
8550,iRsfMjzgkhn2KHyY5ZSp,1
8551,4ZMDs6aAF8hWwTJuIPeX,1
8552,J1X7hSrCk2YDdszAOxBj,0
8553,7ArW9wGpkimNy0aXJbIt,2
8554,jqNt0mQMAOPZDHWxc6sY,0
8555,kAtomObScfxVW1DKXUla,0
8556,0mgFnqeLAMr7jthUYRTv,0
8557,57eKzrWGaR8un0HpPx91,2
8558,8UkPtCpjVyIMKTLwnl43,1
8559,anpXsbFtcGLq4oE9KdiS,0
8560,2mQdaBHoJEe5UI7ZAlzF,0
8561,Dz8kXNIW7lw91dKMAEY2,1
8562,bcEJXKe3M0lSnA9DPBGr,1
8563,AmHfokTwSZI8QhipvEDq,1
8564,jnP3ldrIwpWfEg8ODV9K,2
8565,fwC3QFVbKxvhS02mnTWe,0
8566,1soISvrO3ylkfmuaq2UG,1
8567,jmlJWL658GNeHOzQAECs,2
8568,1aDvVlWtPApk6EuKLdCG,0
8569,9fcqns4I3ePECOVMyxp5,0
8570,CXmzKlZGcaxrsvQfWLN9,2
8571,Dyo450WAKck1JLUfbQIE,0
8572,fKR9B0IXciszvOyw1E2N,1
8573,BVSHRsC20rP3z6ZLmfnK,1
8574,A4xfRz73qWePOCnJ2Sya,1
8575,8KZWeM60wjvXS1D9amor,1
8576,iOIdv3emQfZN5jS9XFAu,0
8577,DWSP7z4amdHwKRnMqrjJ,0
8578,aXjOfx0UdRzWcvLu2rhN,0
8579,74zFPGsnxZX5pqlaVUWY,0
8580,0HICT7RtjaVQzcNOeMgS,0
8581,JiUyEfTOm6oasXKj7p1G,1
8582,7A10IwRlFPe2x9KhagSV,1
8583,ImYuWLtgbiXwRf70oAaD,0
8584,JLiNd1ksMDOB4P9cWY2b,2
8585,iFo3vjktnyErwcb76DAK,0
8586,BIap4xmSvgMCdRHno75O,0
8587,C5zRPoaif3nALEsq6vJk,0
8588,FoEDHqjGNb24vXAOPpKc,0
8589,7y28ZxJs9SKVYom13vbA,0
8590,I3zcG1EdgynLPstV7bHQ,0
8591,Bju8GJvtZSMx2CclEPyH,2
8592,2qk8R3jeQvKzsMp0iGT1,0
8593,4pHdNFbAuJGnROwV5YED,1
8594,dkKpMxca0OQmUTFq7VyD,0
8595,DtBPhFYTCJ8lcEp7Ojke,2
8596,1cbYnSz3otKJCkijqAWV,1
8597,fPIYD8mFLkReTqZEB7dj,2
8598,epSjhiuM2YGU3sK0J4TP,0
8599,i6HCJxaZV5cBzW1NUuof,2
8600,gPRfarzs4W7Notj0liHM,0
8601,iqmZ5yUfJnBVhYGjLXxz,0
8602,dEqSgXhkzP3jR2ALVx9a,1
8603,JFzDLwgruBncYCdN6KTA,0
8604,0R3rxkTidWOuPI5MUbL6,0
8605,0gWUIudhwovMYb3NSnZA,1
8606,ASDe8bT2BYWLwnOmqFJX,0
8607,GsPr60aJXyNVFQA5eTHK,2
8608,C6xhRUmd8vVAp4kFJBu5,1
8609,d6bu9Ei0UP2lAnk3egIF,2
8610,gBNdz3vVibKA1aYDCwek,2
8611,3suymN9GSHAtvYZ71Kaw,2
8612,jM0aVyQfdqBhODSox1Ce,0
8613,iveb4LBTZR0ofd7SqVlP,0
8614,c0Hj14EGaFBbPnefqS78,1
8615,IDd8vCHY5Ak0hERZfSpb,0
8616,5OvCg6dRqcE2zjMNAmLU,0
8617,9J3ytOwfECdTV52ncMiU,0
8618,dAyK3ko0fD15PhLSsxc8,2
8619,9CpcVP4NlA0n2hU7DzTY,0
8620,EoD3TSAhkmZLNGfPreFO,1
8621,dlDuzi87p9eAZtUE4w2G,1
8622,7HXWPhqBE6cnVN8tDMTO,0
8623,i1QF5bIjKc6AYl7u2fxe,2
8624,edZcFpiJ7kt9bPKqL6Al,1
8625,jXNUtyPECsADQaZLbiWu,1
8626,gft9ec83zWbM46yJNxFX,1
8627,3KkOaclun82iE95PSsJm,0
8628,9ldBHV2NJysZCeurLcam,1
8629,5xzgeU2r1OAauHDEjRZT,1
8630,94gomdyfxJAh6lepszW2,1
8631,e6xiQwfrT10IJGVYhnqD,1
8632,HipwS06lyu5oNO9hKn13,0
8633,bKumYLRfEStU2Iydacxz,0
8634,0CzL6rfwaTqGOu9eghBt,0
8635,fDJXgvz2cAtPopmIO0hi,0
8636,jKT8GepvlOVC72PYzWXF,0
8637,FqVDNS6LH342jIbw8CKf,0
8638,C9PFtgsrewd0ozNGmHnk,0
8639,H6WRxDPro0tUmKV3pnOS,1
8640,KIxWlZ5Py8GaRj0SOrAD,0
8641,IwgDdxrbUkiXpfAMy6J1,1
8642,gBceKDhWdI6jfzpsMNm5,0
8643,gNOGKEjzJi5phY0eyx8m,0
8644,hOuU4H27YSEGojD8aBQ6,0
8645,cgTYrzwIQbXJ5Ht4n9lo,0
8646,hDiAgUca06yjEXeWn8mT,1
8647,0GuYe4J7oLwQ82xr3pWS,0
8648,Csx5VDwLu1Xi09GMyptQ,0
8649,fT4RC3LwYxDib5K1EOX6,0
8650,JKbYXxOv2Wa8eMNlFq04,0
8651,E5wAy6O7Dp3IrsukthZS,1
8652,jCfTR4OxbaJmMz2knoLF,1
8653,DXRbk4znOLU6y1F2EAKp,0
8654,dCpHJ194WM8ecNxTKGur,2
8655,3fpBaYXxU91CPZgnsGWc,1
8656,Cw3r2GMLfFq6ch1De7yH,0
8657,cCWp0Na4JxjTOXVw6q23,0
8658,H6pGwSYfNmZVd80aeWg3,3
8659,0wmZBjQenOTsu5bpSkf6,0
8660,2amRyMxPKTXJwibdWHu8,2
8661,By43LOPkYhDjrGTg0ien,0
8662,AyCpqod2kgXKjOnlEbvV,0
8663,bF5KEHN7mXfvktqOQxzd,0
8664,dyNkotjVGpaX5gfBx1AP,0
8665,cDRA2GdrqXYfoNaUMJg7,0
8666,C8y1gmcfQhlVwLY3nUXz,1
8667,iWkQeLjbAGmI4onsrZNU,0
8668,eTUdK5jomy9xn3kB2OWZ,2
8669,BZTLwjOJkvu3xa4bgflY,0
8670,ATr6NemOyI2KF0w48BR5,0
8671,Jbv0zUjcOhsALd5waN8F,2
8672,AIKUJVx4slnHOTzyuN5r,0
8673,7iL5gJyPeOdKruGDn82s,2
8674,F9BiHDAjVcQTnv8yzdtJ,0
8675,blhHt3mGR6pFC0Or41SL,0
8676,59P7Kv8cMforuZUpVQnY,0
8677,C1eapL4ozVSUfj9NKDA8,0
8678,07ECKjDTyQLnabNoxrIH,0
8679,7c06VofO9jp8dkSIunga,0
8680,JwYGzbH8uaAhnTiFIEWv,0
8681,ALu75tZPozYRQnW6GBhT,2
8682,32kdRqV7gDCjrpW1L4xS,1
8683,7krBiEAcFbZxTJsah04S,0
8684,b8iEJXSAgTHn7tcwzFyo,0
8685,01IsoiSMh5gxyDYTl4CB,1
8686,EWjeG296zHFnAYRsIrNh,0
8687,8eiOKmj1ER6wzul0bpT5,1
8688,gwXl3eWLKuyCDncbaMk2,0
8689,aSbnYdE1tq0ivTpCKzFs,0
8690,6jCs7bHULZXW3kKtxNRw,0
8691,8swNnb7BmL6dTVPcZK13,0
8692,3yitlJFLwPhTcNbUA2aS,0
8693,8radu4yWPiZsAQC6bJSK,2
8694,jgO3mkayeMX8CuLbxFpV,0
8695,g2ejvfTiyq3acR0MAQYG,0
8696,2p9Dqri6aAzO5yVhQSLX,1
8697,g6WEbHmcKApIY3rsZqzo,0
8698,btnjxGM0mzXWZOys5N2r,0
8699,1ptMdWPB4IvREzafL2S9,0
8700,Caon9tZ23mrkJiRX6S0q,1
8701,GBUMvuwR3QHfLSipOohk,0
8702,C74vBKyH2rRlj5hJWePN,0
8703,DaZMVyFxkg6QBRnHILl5,1
8704,1hToAGU8YgHQxfVONLqJ,0
8705,76cGRgDJyFW08rY1tz59,0
8706,fi7s1LPgDHIF85aAkEjY,1
8707,HfMdBXIbuSaZxGT5W4h1,1
8708,HM9QpJFoXUsGdCWBmNjR,0
8709,1JiaRhjycfZb8BpmX4TM,0
8710,dw1szJLjHfcmE49uZKvW,0
8711,BMicWZAfDgb7k3p9Va5H,0
8712,7nvHG46BM95P3SEW1ezy,0
8713,EhHWtoiAX4kZp3s7wVUc,1
8714,JTBs86W3jgorMUAclIvF,1
8715,CpqoJfz2l3hv9bsUOBHR,0
8716,JBVExGsfH4oybvK92pPg,0
8717,2OZkNTqAJ8X61eK4pjhR,0
8718,37kuvmtW8EGoCeFTgBKH,0
8719,cjqmJyeWVnKas93wxk5t,1
8720,DU2wypXWRjbvh4oAdOex,0
8721,BKt5UQleYWvJrx4N9R62,0
8722,iOgu76c1IdGrQeRDTlPw,0
8723,JycBQ9bRKZChEMI4DWPe,0
8724,1hK3zVxBGXmtTP6JlHwb,1
8725,ApyV7xXEzskeocfiNRbQ,1
8726,Bb8NqDIesPVfW4x3jLTQ,0
8727,AxTeZ2vl6BFVzL5jtSPE,1
8728,eDpBQg4OTdlvrhLFPsMV,3
8729,iLdhAeC5DWmbVIBlTkvO,2
8730,gVOE7DmPnKrA2Yj5Fz41,0
8731,dtyLupxMfEQVX10JwvWl,0
8732,8wy0Pnkc3eJBq1WNSUFG,0
8733,K2QNGrnBZP7I5MiF9kUb,0
8734,81ulAd7ac20I3FRTXeYr,0
8735,1YnwQBXNIKPzcdGWxSA6,0
8736,hSvEjCqKdFGUgplHiX3s,0
8737,indtboM4Vuay6ZkYIQNW,0
8738,DRvMHLen1djpQZzrX9CI,0
8739,jzCaxOEMKRNd8V7qBmGi,1
8740,2w9vSPLphY6jDmQlX3yb,0
8741,gihQaFE1TSuWw3BCcAt8,0
8742,75qSAohLWYb60Hs24NUF,1
8743,fdYytF1l3QMXAP5axJnV,1
8744,AmcBv7pybtl9szISEoGi,0
8745,Jved4Yh29n1SIkfwZW7j,0
8746,h6O5H92YWwJ7r1pRELge,0
8747,7v0o3gGqdkjiOXRaEWQx,0
8748,7vCGe0MVocZwq5ltXbh8,1
8749,a2OvLp5VbA67WKHq0ykc,1
8750,0Hn2ojct97Wp1TbdNM4Q,0
8751,CmkrzR9pL7siO10q35IM,0
8752,AvcKHJnwQqxoRWE8YD1z,2
8753,EgymHkwfrqWDp28M7dJe,1
8754,7t2LuUCxAsgdqwWGIXY6,0
8755,JHw78Zjm5qPh6iG0SDXz,1
8756,JtWKrxZDdMpCPNkRLEbH,0
8757,670isB8fzGbAXI3HmUoF,2
8758,aKrHT4bnlU2gRwJo19Nh,1
8759,fzCQEVs80HT7ioJgYKFt,0
8760,gx5Miok2A1LDbOWNpUHn,0
8761,bTGdO9FAZgWwS2I8zkUQ,2
8762,cAONsUkT1g9aEwBKXvxo,1
8763,7fTL1lUKHqa9rXYuzxgZ,1
8764,4lS3L8RDheMHYfywNAvr,0
8765,G4J76nstvNd0PoXSjbFZ,0
8766,EgNBoa0KCYueqkMpL1R6,2
8767,0NyfGXt8nmlK72Q9Irhs,1
8768,j6msrVaoBEJ8cWxgZeAH,1
8769,ding0xMsZFcD2rXQYNSB,0
8770,InuTWEf1OgdiQD3lRcHz,0
8771,4XyPojKz2nfkChq0YiAN,1
8772,ds2LojgFNKU7aCTM8VYD,2
8773,cao35UlR4dib9QjOtnfI,0
8774,6AORky8bx20SVDHtdow7,2
8775,HqahLV8QnY0UscZz9D61,2
8776,7acPIRgo26QAzClZbVr1,0
8777,0XbS5KBuICayhs2p3NTU,0
8778,9iQ3G1aDjec46ULCHI8h,0
8779,e97Q4DdouAwXytqrIkhf,0
8780,2uPwGIAmqLodYFnNWBa0,0
8781,cuVSJA3GBfz5Z0LEFsp9,0
8782,BxLpsG41I0qTgXKJPrtC,0
8783,4Z5WMOr1NqCw2y6tfnlb,0
8784,5YnsX6MpV1tAx4o8ZIdU,1
8785,COz1qc0Ds7RHkdbQBwvU,0
8786,8LmZGOEjyfCecP73osAh,0
8787,AKzFf5dE2PxtL0YqXv7G,0
8788,H1B87Apkso2gM0Fjd4TZ,0
8789,Gysrvz2mYQ9KOtJHP4T3,0
8790,hRKfPJTs2kzBviCADwuo,2
8791,DPmzyAiN9hqjv3XKwUcf,0
8792,eKTudHf0rpmbDUExgSn7,0
8793,FhpBuDLoktwm9v3grXd4,1
8794,hGt2BrujJ6TfQEDzlFnM,0
8795,FPG6AxT0SdX5eEfMiNbj,1
8796,jGbqZYOa6c8DNE4ugLTh,2
8797,esaXkil2E04B7Y1ypNwK,0
8798,7eicxTZ3pDPf65O1RLXg,0
8799,0QWUChwNSFtlOjr45JpT,0
8800,0hZEqJ5eMVjU21HAG7Ii,3
8801,IgwEeaAG0iZjLbVQz2n4,0
8802,0NZT2sFp4JKXqYGC8Rna,1
8803,aiuJTcU5Swlg1LzpFjdV,1
8804,19BtdpKYGOSyX3oZsirc,0
8805,17qvV08gWM3LtoZKS9d4,0
8806,9zAFLHoWJDERpSP3y5Mu,0
8807,64SxkBKApurs93Qv5oce,0
8808,cYb4XuNSqOA9IFLHseG1,0
8809,4FQo2tfqCepl1ArsyMN8,0
8810,b1w2pQIDGci86kW5ClAF,0
8811,7614qKWBOGwx5N8dcgfA,2
8812,JGpFMd5bZlkQ18fxNcwn,0
8813,jKdpYN8VETvaHs2RqmQS,1
8814,JrMZW1EuK2mi3PbqojC8,0
8815,k0ZLV6BAGJySHuP3RK78,2
8816,1vQKJIkiBaTVxc5uYCZW,0
8817,kAQCMqUNsZDoribmvw84,0
8818,ea4vnMoYFy8DO3BEKbwt,0
8819,3RrLNMzxpy8g26wFXeYS,0
8820,Ed4GPSVXx8yneMLZlhKj,0
8821,E15YPWfDswVaxUlCdyoe,1
8822,FShG9xVbwLlsDTYBdJMj,1
8823,hEetyRmw4z6TGj23791i,0
8824,GSQeltaBqZPDTpHEoxW7,0
8825,gm6EuQ9WT1AbsPJOSnKc,0
8826,GlO8VUEpCsqcwXioP7zu,0
8827,5pwP8bUu32gVJDrRCIcL,0
8828,jGeSITtdnpmlb3LYRvZu,1
8829,k8FHSmDTwC3eIrYsU46v,0
8830,hnGHbT23JFgl9ORqPKuk,0
8831,i1nGx3SaCDYVLFqgu2r5,1
8832,DsAdQFkSxr74MywUfiGc,0
8833,iYEh1qlTSkCorw8bUnt7,0
8834,jwzRSkGXbLEaZMsguQc3,0
8835,AULFdkoH9Tl5GIBu1jwp,2
8836,9s5a1ovzNXJHIPqUeZ36,0
8837,cnf03bdvewDVXMWHFT75,0
8838,8sLIxBafWeHqYJAp6G3b,1
8839,7QPJ36MV4rktjX0H9GLq,1
8840,dZj7fyOliEU4QkcvH0YJ,0
8841,exC2KwNmS6fTbEQ0M81k,0
8842,ByY1Q4t83mnODGTj59op,0
8843,D51kzLEClKnMejm4VAU7,2
8844,DyOK7Wh5IpPq4bZ62oGH,0
8845,A6jFXDy2zkKeBunWwPaM,1
8846,5VehuFCfK08kZx2DH1Wv,1
8847,dcHe1LSBskpjf6JYiavT,1
8848,7suvOYcA5hQI4Zk1HtMo,0
8849,63lPuMWerDURdtXQEo5K,0
8850,43ErcSLOBzy6upN9gPKG,1
8851,eCmdPkWwv7HGXZhtDFOT,1
8852,Hp4J1c7MEvW03wufgTBi,0
8853,GVHXY92sLJm84SIpoOQb,0
8854,E5FzXZIDnTmau6VWepvC,0
8855,E91wuOroiykBvFUPfd8M,0
8856,4ZBJzEqnW52fFUw0PG3v,0
8857,JuAyLarnUdx5cRYT1v7M,1
8858,2iXg1l78rZEW5YVRJyv6,2
8859,0HKM38fmCR5DrxoIkBnQ,1
8860,gHzA0T3VKoydsq6hrSxw,2
8861,BA1JDZStCHsQ0zUapdK3,2
8862,fmEhB62Z9MnsSJX7bRAQ,0
8863,g2KsAnxF4Jj8QWU1ihdH,0
8864,506hUsmC4zdWHrALljRw,0
8865,7goisLFSJXEZplkM3rej,2
8866,6GijzkZEylL1BArf2Q0O,1
8867,KfLD3exhzvIgCnYo0TsZ,0
8868,gjrozKpVsDZ3i1GO92Fe,1
8869,495fFS8xhenO7WqZX6uw,1
8870,bHWMjO0rqSp9D3mTIfgP,2
8871,3LSjpzy8MUxwImtna2Q0,1
8872,1aJLj5T8sUYbM2trvX4n,0
8873,CO3Nm5IQgVl02ATRZiWo,0
8874,9pVfLJrSuU8iANWPFM15,2
8875,7UFMw39SLs8Qn4RuIY6W,0
8876,E8vGptxQ9XyHZ3RiJoD0,0
8877,Hzp7ZcoRLDXWSdqvP5kY,0
8878,ai0YqsQZAbg1IWMvXdoG,1
8879,ghTfdVis0eRN3S1DEJFX,2
8880,6hbPVwsA9SNBTGe4rg3Q,0
8881,IZWuOMidGxg1HYNP9fJr,1
8882,4SuwT5vFQc1YN70iegLx,0
8883,FHp4XckLR2vVlaEmw6gd,0
8884,Dw3LWkzUOlqIKxGphv1c,0
8885,gPGebw1j46zoplFB28k7,1
8886,6bYIkx5eMoRHJ9XB1QN4,1
8887,K4vZyugzc65PshJSG7R1,0
8888,hUcTOARLwZp4ziMvru92,2
8889,0iBaz3krsQ8HuA7cGDSt,0
8890,DZGpVNe2idLjnY07IcyF,0
8891,Amuopgi0qHhRsI52G4OB,0
8892,aYRoe1Nvt4J8Bz6LbSZ5,2
8893,7zhQTZd1lrYEpxaCNWv8,0
8894,9PDzWKXE735IH8V1hoR4,0
8895,AUdusxNDrKT41q6GimcS,0
8896,JZIMimNHlQAh1TdXkcrg,0
8897,IemKCvJBb7iaO2owVYHN,1
8898,9yKCnSl4BGRbj2tDYVUi,2
8899,DdPUn8QL1TqtlzGRE6mV,1
8900,i6rnDJdpE8gAXOyH9Lsv,0
8901,40Mg1k2UlPuQcsEotIej,0
8902,1eAC0zqkIGHRBvm97P6i,1
8903,gV6kHaR3DyELvIBhTnmF,0
8904,6WKbReFUk18wYnCNQsyH,1
8905,cLiu0PNSs3aer8BmoMAJ,1
8906,2zUdQEyv5oKARaYGxhXk,1
8907,2UBy1ZDIiOxJHNnX35Mf,2
8908,ij6XhzqMWJFI8t4SUvQy,0
8909,cNIGDKm5dUbMZjvnQX8R,0
8910,CLw2EfPFqBAkelvu5oDR,0
8911,jD1ixXdrn4QfJoZHFA02,1
8912,85USJtlMLfksEDHXemdQ,0
8913,gCBJQKMq14Atfe3ZSRX9,2
8914,6Wu9TqbGHMPOCwpZNIA5,1
8915,6AgR0k4nhIOidsY1eDM5,0
8916,bmOjLhGfn9tIgicHVCEZ,0
8917,kS8dLUGCRbajYvJZyDPe,0
8918,A0HW9QwOgnLmyKb18REj,1
8919,9m4kiH0Fq8xuUycM72Bs,0
8920,H3TB1UG6mPKEJFVpols0,1
8921,GKdvW298FpuQAamNZlqn,1
8922,f7zKkaAuDH63oedxGTEV,1
8923,e9d614aPtXTmKu7JjfOE,0
8924,g46jFCHzY1oqtws0yxO5,0
8925,6hqby4Od0RWVB2vwNQl5,3
8926,cEBAiJxOMukDCGoQXvqn,1
8927,AjhW6ifgDC38ObQcJPa5,0
8928,JO13oAGWDQHpUmLE8FZM,0
8929,2HqSerDI4yG1WRxTbl8w,1
8930,6N7p0581Hv2oiTfhgCsc,0
8931,drZagbnxePDH7JqYt2w0,0
8932,HZXjECPAaRNxQVy2KepW,0
8933,JmRCrDBGEzfgISdvNsF7,1
8934,gPHcAuKf7dCx5jmUptWN,1
8935,fNAE3eU6Q4Gh5PtnCyMZ,0
8936,a1XQ2PeG9HEvxLAoYmKr,0
8937,cPo7FESsJQvVNqmaOiIY,0
8938,1dxLT9no8t6fbykXEJiR,0
8939,FSMegdBp4jGDmah6vCsr,0
8940,aq4SxQF59fpbDI3wdojH,2
8941,01azqd4InC7m9JpocGv5,1
8942,9gpG7YV3EBUsIXL6wDNP,0
8943,I9wXdHpzEAqKRo2TUtDN,0
8944,BMjARPlc6GI7ONfitDJd,1
8945,fcxK8BVZ2TaepP3AnvL9,0
8946,fs9oYJKeZ4BzXSlIWy3E,0
8947,3TYSlo5Qt1IHCg284whV,0
8948,jzWGYQn7q2fuCKNcUpAx,1
8949,asoPA4pgUtHm0dQzn9Tb,0
8950,Hmne203D6GVOJkqhsi8y,0
8951,6R5rAcsO297BDkTle38U,0
8952,E6vzaC2gPsTfydO3Lmo8,0
8953,jZfoAgI4BUzQne1lY5hP,0
8954,E4lBhCXvziDf2rU3GM7t,0
8955,JMngbfY3PC5WkjA2iSvH,1
8956,aUmP973tLZCuYV5Ace8J,0
8957,gcSAbDRBOnPvN8jxGouq,1
8958,eyM13bXGZUlERs8pxWwm,1
8959,6B17gNAqEZiQyvt8FDP3,1
8960,FR35AhkoUflSTdIs7bvi,0
8961,95joqyVh0gaeEIbrv1BA,0
8962,Blt293JkmD1cs4ap5IRM,0
8963,7lLYUIrghGAcTnmWvEPC,0
8964,E7QxgmVGInW4LClbyA5w,0
8965,8APhEd3UCifDsc4zVemR,1
8966,fpGiAdaLBWESygDbOq7U,0
8967,60C4Kupa7OAXWcjTQIqy,2
8968,dEjXypL95t8Noxf64ZmQ,0
8969,D0CpBFrm82d6aqcvnTLz,2
8970,52HWtsPqbBSn0awgkhTe,0
8971,GUryk27wO8MAsjvazqRI,0
8972,30259LfMxFdATBcqNOi1,2
8973,BvWnd3XlLYb1QGAyP6Zf,0
8974,4WM7aZDLCmlosUBiqKOx,0
8975,l1OdNtIKM8Gi6jowZHg3,0
8976,67HtTa9RSq1vKfcA2PXB,1
8977,8rGXqCER2T5Fj7Z4DtPW,0
8978,a5kKf6CxpzWGr92DgsYB,2
8979,5b6L7AeCpaJPYZX4Wqjf,0
8980,CdPQSMsoBxia13AIumVh,0
8981,I6zJbjtT7gxKcwVWf29C,0
8982,3a0lJWnNRb8QIxVHALGd,2
8983,K3BiLDx5eFqoG2tETujV,0
8984,gGv9msCKZNuaArhTkl0j,1
8985,5YcQadwmPLqg72tvW8iS,0
8986,6xjq1v93FCPGUZpyslVA,0
8987,f2n3OzR8yBvu5ScmNQeP,1
8988,dzV9JlQs0RtYF6hG5kyU,2
8989,9y5xfjXiMHrCw3YTJzgL,2
8990,5LO4pbtzZWxUqDuGfEHk,1
8991,7PpZMfi3L0TNnxFKvuVj,1
8992,hzOwRqLESdnCQMYrpF9N,0
8993,0pXDqTLSebKWgaUOdnVE,0
8994,H95ZaEcvWw78QnqDJb6l,1
8995,kN2FUugrtwA3nhWd7bBT,2
8996,H42dBygaJWzSOtb9Ei3f,0
8997,deVSk7LFDw5r1Ihq43GZ,0
8998,dETSCuIZDapLP9AlJ7o6,0
8999,AU1Y7aLp3ryXsnWN6oHQ,0
9000,9CVbzaWsLvcHjPqZu2Q3,0
9001,280npuOwNHdxPDVmAyLT,0
9002,kbL7DnYzATVpahrefqxo,0
9003,JZ0awYrmX2UWLD6zpV1l,1
9004,4nmQkq5dyZfwPYaRbD7i,1
9005,hDNYlkuFK3cOtqEywM6f,0
9006,IgAUSCnimJ8erwFljDP4,1
9007,BSNsRxEFa4YU6Ov1iq2I,0
9008,buxytVXCf9nTI6rQNSdw,0
9009,FzQi9DwaKgWsAblcRXHY,3
9010,bRV3XYpt6iI0vUF1ekdO,0
9011,34jRfVmwv6dAsgzuH1TG,0
9012,85SPpVLIiAYX3dqKvyar,1
9013,31lyTKsufPDUhgebwzQm,0
9014,fR0Gx2K4cVgeHLJzb39w,2
9015,bNPGwyZxT6WzV32sekY7,2
9016,9Yz1oNge7y45sStaTn0F,2
9017,j0dsMg3f5yYl2ZheAnTv,1
9018,c8Q7CVawB6vyUIoN0PA2,1
9019,JM34WTehCb9VuiQEgr7K,0
9020,Ej1OaeJm6GkZ7oQ4pTUw,0
9021,80ViwbE3MzP2elI7NSFZ,0
9022,dwSDEfQ57Aye46YmCNOG,0
9023,d67N2fCsao83lY1WZFvO,2
9024,7waVJqpLnoxz4fKsZv39,2
9025,KaReWbZLT9Uq8Qr7yuHY,0
9026,gYnkoJDBsUPtj8N2ea6R,0
9027,dMr6GYzt8pOD5cQTi2VS,2
9028,0BFIPv1rO83whtpMYyAs,0
9029,8f4bnEXcVDiPwJMU3Yge,0
9030,5QEDgGFSnVXWJLxUouBP,1
9031,eZ6aXnrTQVWL4q1HKyij,1
9032,4wNmfZsulFgTOVnDBXRP,2
9033,6CbnMfItA5py0odwQjPR,0
9034,BkV8KZjcfSy3DFa5MYre,0
9035,Iq1eUOVbgd6Bm5XZYfxk,0
9036,f9K8j7BiSpIWx6MAT1DU,1
9037,jIyQaF8JZVE3Nzo4tLkw,2
9038,4KAfN3s7MPajdn5ecCIG,0
9039,G0FYM4npmwvtDTP7kKAW,2
9040,9dYh3wO2WUFAH5f8VyKQ,0
9041,4IQLK3P58FRSTypmeOgh,0
9042,J9es05NzjWripUYxb1tq,0
9043,b4o8xqvChYEO6mZdDtzK,0
9044,a74Nnw0Et3IMQ29cbfi8,1
9045,8WOdj5swHa1A204fNyU6,1
9046,AREl596jLQzq4DBiHnp3,1
9047,EPvTibqU2KGLxgWzVj7O,2
9048,3T27lW9cVsDRatMYLFqp,1
9049,FlnCzbtLd1mwWJf6pIEZ,2
9050,IbEo9xn38UJfk6R72XYq,1
9051,2mNqMtbkL87il4gXBPHY,0
9052,2Eq3HXCP9O6JulmS0zY5,1
9053,DvFbX3OzC24fsd7mIq1G,0
9054,5cXoH4pnaQFISUNl1DsR,2
9055,3CzXANVvEmalqJLBuWbH,0
9056,hjg5pmokqBdTHFtGUlr6,0
9057,7Vt2ALvgX0yw3naSxcpz,2
9058,d6D27zlaQs4EWPKkVHvB,0
9059,0D9IedmC1viTPugLRWX6,2
9060,BLO9iXJgWEAGI3UrYlam,0
9061,Bn4zAmY7IUFavbjdqp9Q,2
9062,GFXkasEv1gfuNPlR0jQM,1
9063,dvusqezCcGVfjZ4H7My1,2
9064,DFd42XkRm6PnZ9Q8SOy7,1
9065,D2QZoxVAlsBUkSq6XgHP,0
9066,EqGiNdOX79rVz8RsM0Cv,1
9067,h0IeuHBPEixRnNKVyOYq,0
9068,ELxoB14HciO0ry2nz9qt,2
9069,8sVjLeIi4x1YwAyJ265U,1
9070,EG6lVZK8b579JPA2apNw,0
9071,dAabnhJ37zorISO68q4l,1
9072,imqELVF2Hf3ZG1tgBAov,0
9073,c7LBl4CN0AQdheFin9v8,0
9074,c4jU5YD9AmPipweFb7lO,1
9075,jf1ACezG8V546aklihHu,0
9076,cQd0vTgykOn1flrxaCAB,2
9077,0rGlKyvn5Vo67RaDhPti,1
9078,GV8REsbW0g7atlTBDXC3,0
9079,F3hnUSIGZ4Aqya8zvm1B,0
9080,IWUFk2w6THtdVq9yzn4s,2
9081,BZyd9n1Lik5loVQWYgJR,0
9082,k3vrzKCeduVIEYyfAhRx,1
9083,iFCQuWqZXf75M1rwYJsT,1
9084,ebcREpnCkZU65oBVHTj7,1
9085,aEOAxIp0dLm5QSDCy4vX,2
9086,bwvcfxORTe0Aju6d98Es,1
9087,aHe07dkXY6wBALMvtqsm,0
9088,GXteK0J692hS4YnpNzWu,1
9089,F6PujHJGnIyNLqEzbXvB,0
9090,HaUeYinvf3MuGdmjSBI0,2
9091,G0xmghzaP9n2HUCNlKFZ,0
9092,3nowFMmKJAkiNs8CaGVb,0
9093,4SBiOYxhVHqXWgKwtdLG,0
9094,caL7sn2qd4JwxlrpR0BP,2
9095,FqJb6dso0myVUlk2xfcr,0
9096,1jVu03Y2ixQwsezOBXdn,0
9097,5mS2M1zjfQZ9HAVIFeLc,0
9098,gPrRmh5MjtBE3Io7pz0e,1
9099,1S48g5NjfO0arVmqcoU2,0
9100,ezSnoZwWGUQfiDF3k58b,1
9101,aqMnC2XrY8Aut7m3GLlw,1
9102,BWgA5e9Gka6XfiEmUDPc,0
9103,hgmnRpGx5NY6O1MwFPvs,2
9104,Ik710wQjPu86SnEpXNKv,0
9105,jG4TKyJkzD97Vn1lrscI,0
9106,f4yXsejdYaOhVN71JKD3,0
9107,7HYhXpwdBAxL6cGn3Ov0,2
9108,K8zhErbvBDQ9FdYyT30R,0
9109,JXyRIzCVsMceZBp5aWOk,1
9110,6yRO7gDZAtm1ebazJIWq,1
9111,c6ZsLyHfl2kpbSd8vTCB,1
9112,9KBhpLPe6o13q0QHMjk4,2
9113,ItFJGq4xniKuQ2BvaYOj,0
9114,8KNqArVDfusEobR4Y0lO,0
9115,HS5pR6yKE9OfDvUu2toW,1
9116,BLTSJkglMdceD3sv9OoW,1
9117,BOMLgZ0RiCYQ7twrzAUK,2
9118,4EBf7SbnDG6LH0Jeqzk2,0
9119,CSqAJat1xPWdzs8Y3mwy,1
9120,k9LJAopKrhzt8H3iIDuf,0
9121,3Fq0zG8mAv7H6O9nSyuj,0
9122,bN6ycnsgpUauJroQ493R,2
9123,JgicF4aOhmrZBK3HYM8V,1
9124,AQtJMkBw986eKrmuUgfY,0
9125,cT69JjX2LtEkyKxd4h8D,0
9126,jKOP7rSszpF6dhNHQfua,2
9127,jLtKBPl5Xk6peO9DWucy,0
9128,DJ1XTklKAM6d2YfigaQb,2
9129,3RpLgGMCVIXuZcnAS98K,2
9130,iFBGbfdVOylxsNM2LRm6,0
9131,cowEahnSzK1gvb6tFHX7,0
9132,HRhfKEvl2kTVqm95NQ8o,1
9133,COq8Xi1VEaDfj6MFHUPl,0
9134,F8CeVXzxLhnjo0BHATPZ,0
9135,IeyQM436SZoWp5ndGERg,0
9136,7eJywSFZtf9D18RxdTUM,0
9137,C5UiyDre7dL1XVHxsRIo,2
9138,IhRZjKUCrAsfvkJQcyuB,0
9139,HlZExoNdpyG4kMqfLAin,0
9140,7PNjmAMet9l83cVEDa1u,0
9141,2eqnSQrGfCXupwkDtIJ6,1
9142,DIvw3k58KBnXTocLSzbZ,2
9143,IGlj5HAEq1FUhbC9JWvr,1
9144,KAsR7wJXd2Se4NEUfOtz,1
9145,jDlW6ZoIcO0Nh5L4sqa2,0
9146,fAJnSFec5LZGEsKaPx2R,2
9147,isftHEewmkrlK1pCPILd,0
9148,fBFxXAQ4LR0ENTyS91rY,0
9149,8cM57th1BVwar2szTENJ,1
9150,HJEl5j7Rz0OgarybNnh3,1
9151,26Apnq34hwrYEbvSUoMV,0
9152,FZVH8l3PLuyKCqW0me62,0
9153,eI5Fqz379OSQaiRHpscX,2
9154,fmgKokQPXGiF6hexOA4s,1
9155,CMG026XfShmn3FlwkaEi,1
9156,IGdmzs15LgubiAjXWfBR,0
9157,0df4cbsTBCn1VGW8lQRv,0
9158,fadiNIzQsxUMBElZgc97,0
9159,1dJWqVSQnsAKBXNkgy6j,1
9160,jMAU1E9sFQl8JrTq3xeP,1
9161,d3OyhCmaB9zln4AwTRGW,0
9162,itezPEfbhKFq3D9xMwYa,1
9163,7HnMVyBJghEcwOUlr3p0,1
9164,hikFXSOzDrdLPARgG6aJ,2
9165,ae95Uvr8yCIfONMKmqZV,2
9166,HNApyaXk5rm6g1tDcnoj,0
9167,ICleA7HO5Kaf4jMXZG2y,1
9168,1yC7BzWHgtI2FibhQ0km,0
9169,8Vaqh6ofRjLcy2CwpEHZ,1
9170,1rCGTyze8Mqbtx49fQOu,2
9171,b3cYmIp5OhHkz9ZrwA8V,1
9172,f7u8dvsahIRn2gO69L1z,0
9173,HisQ9bLAevYNUuPnx5aD,2
9174,k6Mnj2POrsKEqVxeNJAu,0
9175,exC0jIpaqfdWOPwgrKoV,0
9176,dUg3juznXokGEycCO5Mx,1
9177,JSYxG6FyPnqQzEp73B9e,0
9178,aShLCkEAv5R7uo0KNTWq,1
9179,BJEMSbkn8DFqZQT9g3iY,0
9180,1pCDZ6lLytxzQOKYXqe3,0
9181,g7SQeJHR0IGrqBzfumlC,1
9182,3nD402vc1wpMazdUobEB,0
9183,2oyTpmYF4tSuBH9kXQc7,0
9184,chkETq1lKwMJ0SWr6z7m,1
9185,eSJGtd8D9OoRFyPbufl6,0
9186,Bn4qL6IGzW7xPaiy5kFN,1
9187,21S5IzZvPWd0MQr9yoq4,0
9188,5ovjdBTa2DHgV7KLGrIp,1
9189,AUDltEPeKbB7mNwduY0Z,1
9190,JpsS8BAHtDOMNUIyYkax,0
9191,eOvS6EBmctN4K3guC15k,0
9192,7nL2QiAIcsRxfMHwyTeB,0
9193,cYB3ouJ9iMjNUkTa20vy,1
9194,CdN4kZVMhB7IoxsRYu2y,0
9195,IyC7QefoEahdAmqDN5b9,0
9196,ANPyxi13XKGvsF5zlQqW,0
9197,6tIbeDRa0jfnZYcFqVdL,1
9198,46ywoHZAMYPuqcbVQpUT,1
9199,iympuaSrqvjfogKZcB7M,1
9200,h1A0cfYFC7vrnDRxNXHa,1
9201,e1KAXRxrOTc5snpuWVvj,0
9202,EpBVNQnoMzYaCbe96OZx,0
9203,hpqvBuROHrncA5E0fxjy,1
9204,ASj9HM3IJY4hf6txmKFd,0
9205,dinIoKFu2qDHfbcjAQrX,2
9206,jLuXBKEVC9ngUadxi2Nw,0
9207,fRPgBzpUkYl1tSs6FXwb,0
9208,KqEgONxfHdP5lLaBIGQk,0
9209,geY51xavJjMGPbC9Hikt,2
9210,hFAlObnD1iHQTdgMGBY2,0
9211,1iWTJCzlSZgempU2xf04,2
9212,1AvCEkV76rjuYp9aqPbK,1
9213,a1mdihQNvLRP4CDr6XyK,0
9214,DAvZIfYJ3dBMoRXNxSQg,0
9215,kKNgOuGmRUZlF84IQL7c,0
9216,GVeSwJETaiBybNsg87xC,0
9217,a6IgMRoGcifP5zTUyrqC,0
9218,gSHu3cdNKLOwke7hDipC,2
9219,fKhsXDozS0YNA63L54nl,0
9220,2aqbztXhp0QDeABEGLrV,3
9221,2ec5nrOmxDFqKTf3pYGA,0
9222,i3qU1dflygzHrs6wuB45,1
9223,dPbyaqnosDguVcFBJLXT,2
9224,I8vgEN7OXoeaSCf3rd0h,0
9225,5F4mbeBZsfwYCQpGgVLa,2
9226,3pNQ4kCvMSceHP7YzqKa,1
9227,CgImqd6w4TiAF2JxB80E,1
9228,Kq9x2olZyEBkY6pDOFJu,1
9229,a8y1t4E5db2oXgVlnhks,0
9230,0Vi6RsKdlHBzySe5Zp4Y,0
9231,7KHscjvztoka0QpqYFxb,0
9232,gLKYVXRSw2Fv1zcPAeyG,1
9233,4P1oqBhybJiSt0a2eFTu,2
9234,I9kTFMd54bYQOAngUfqW,2
9235,6clgd5HFw0tKkaLbq9AU,0
9236,IUVTHk0fbcLtrx91MeRh,0
9237,GP9MBktKncadV1gF7N25,0
9238,E3TqRaCWmuPFyUg82eSD,0
9239,2flIW834uQtoPkaBsJxY,0
9240,D4Lv6uRQo2cFgwj7NnpU,0
9241,Db6Vg5QfaN97KxzclZjt,1
9242,8pgXyO9zbJC12roVl6dv,0
9243,3Mlb2WXYpOiJLeEv60nr,2
9244,IxEuUnjarmv24lT8pofQ,2
9245,h3V2WxD9LUz60iOnGIrN,1
9246,jmH0bgfyxVa9pzCQT1WD,0
9247,1ARrSUKCbhWeTFyjp4ix,1
9248,c8ePf7t6VQAWNGOB40Zk,0
9249,fQ5YydnBoJM7gmr19AIH,1
9250,1JZBS8ICkPflYzXbOypc,0
9251,f24LYERrzHcmbkXQG9nw,0
9252,1rpACyIiMJjE8mxc3NK4,2
9253,2zsRpvoalS6IugTWJXrF,2
9254,cMbvh0ZxLKN9i8OfH3nI,1
9255,7VeTJ1QBWrkX2zUCjFM6,1
9256,2EcxbOXKTpYwm0MfkJUz,2
9257,fFIa93ZQJu7NSgxLpe1q,0
9258,H0ifOVETDIjMrgGWSa4k,0
9259,AEBgp7zcRQZtd1mJbrFw,1
9260,1buWc2A0VeMrkNpohCPy,0
9261,fzspwgh5BEyNk7CLPlKv,2
9262,04cvLCVPqBMs6yn5xGlE,2
9263,hxJ5t2iHX7auyMUEQ1Tg,2
9264,fTQ1XmiFekwZsISxNzlR,0
9265,bzmIweixPWfjVQXhO3r4,0
9266,Fu6jQNrclwCs38MSZKUx,0
9267,gueIrd2O70fRUMEGczkx,1
9268,FbtjwxYNJlpdC764rITZ,0
9269,FdjLX9NuObrR3T165Bya,1
9270,6VPW9r1FYoH4MDJfv2qE,0
9271,C0uidNjwV8lrPgzt1JSG,0
9272,fTeJiSYLQbPwnr61CNa0,2
9273,ItHfy5k2V6T9MNLs83ae,1
9274,8bfAcO634YBuCm5ND1gx,1
9275,5CiGOStRIX3ayFUrAeoQ,0
9276,6TwA8C7RumbeKOnN5XZl,2
9277,J1zmeTF3CMp0Zoh6PjvA,1
9278,G43puA6hRxYEkJnrOtbX,0
9279,6nfXBNI5d4jOkgmEDF31,0
9280,d9iovbGSauIRnmtK7e6E,0
9281,gP2lDJxn9mFV5U0dujbs,0
9282,JEbogFC9kPnGSdi2KDaZ,0
9283,C7mXMKDZBFjnNwxYH1et,0
9284,BrQ2bg1mGeKhNzloyxL6,0
9285,dAhrESDjXnYI3kfmob7B,0
9286,EYrTyVbpPKjNo0viheGZ,0
9287,AithdqZTbgGjRulO3Lz6,0
9288,iBIGzWL1AFKxqUrjo0Sg,0
9289,aKDbZWFzy9XfPO051nls,0
9290,iypLG5f97Y2ZTKcBuUxW,0
9291,HnAYP2v0CXfpmdBOIqeh,0
9292,1VOdRYq8jv3wtGMTWZ4a,2
9293,GNy1v4n6iV8zlwOPKDeI,1
9294,Dc9mlVIqbHf03CX8gP7s,0
9295,FEWwOKmxAqVZPX6r1eLg,1
9296,Esdc6UTuzrtxhlo4GgPm,0
9297,j9O3VJ7tDS5pekl0Ehqr,1
9298,1OTMQ5zCn6hZGPdBcEje,1
9299,8DpsvFOT0onWwUe3Larc,0
9300,4NoPWVsdyZuD5TxkC1qv,1
9301,8Qzo4j0J7MdkR5ZyErVH,0
9302,2SWx845krYqTjzQGstVZ,1
9303,kh6DYLinI27EHWPNSJXp,0
9304,1xhTCaBpdsUkSWNr4fg2,1
9305,6DmCqAs0tFKxGe5aPzlU,0
9306,41bvS96LOdtCgmxfEhTs,0
9307,6Jdm89ABgOzRfitPVQ3M,1
9308,hyOk7czQB9E56wtHZ3XP,1
9309,jBqmxJCU0dZTO3kSyhMI,1
9310,IrD2NqBzMT4euJQbXyv0,0
9311,8w7AFgTmC3buQSGJ5yBR,2
9312,ihT109rSABLfdRNxvMGW,0
9313,Fkha6WrBdNbMje7Oq0T4,1
9314,iQ0ZzWPnbqjaY4rEBGm8,2
9315,BGLoYf0m4sgbHaOKMEJy,1
9316,Iun9V7fQK2lXDS48MwtY,0
9317,AJBxQN3qer6FYj1RkbdU,0
9318,0tNShPVGYWjcmT2yXLdq,2
9319,9MAtXYCG3brN6auwUjQO,0
9320,aZKEkJF7CQtNSDf64d0P,0
9321,CpeIDYlmhsART4Oc7gqz,0
9322,cRsXVg26e15oik7JNjE9,0
9323,hUc3sa5YXmb2EoZ1pGrD,1
9324,1juBrXlSObsai4No5MKL,0
9325,g4oqfIJhBG3N7pOtnYUw,2
9326,bG4TtEiph3JdyZCNsoz9,0
9327,Ko1FSexsij4QuL0kOwav,1
9328,Je7HmzKCW1ocBG3VdOvl,0
9329,jTgCQwsHRJMLbVrZYxe3,0
9330,8ZfvaVLYRC31oPwKBzcE,0
9331,EgBSwQp9j7FO2cZnehvm,0
9332,GfTjcoAWkO1IQDvXrgiU,2
9333,5Xqlm9iyQrt7CeafjhkS,1
9334,20loY7fRhmCsbSKctgqT,0
9335,A5DnKNZrMEfGiyUWauSB,0
9336,CfNFEIb1UPQgiqt8uRy0,0
9337,0KLUAMqmPJhOwaYrbSCE,0
9338,JcaYWHPMxb4jSBLiXZNC,2
9339,7kJzQC3OVyUXgBuLcnfj,0
9340,7uj5dveZfCAg4MWnorY0,0
9341,ELuV9FA7IjKXR52NrokU,2
9342,h3rJYzdueyMUj2QGLmAb,1
9343,iClgu3d9HaVLfXhUzkIG,2
9344,F6nOrb9ipd0SskWuJjUw,0
9345,gMjneCJIuS47bLXd20qK,1
9346,Aith521eImdwKrGOqESo,0
9347,1E93CpP60RHFNiT5Qfvn,0
9348,jhgdqC2e1Z4inImTQKvY,0
9349,fBILjJPz7so5a1qd4nup,0
9350,2Te7QKFCEJPy8wjB5Y6l,2
9351,icA8Tevx6Qd7tGFpU5V9,0
9352,9mvaSjcLt435elds1z8B,1
9353,kchO8uQA9Me4H3jZTSgm,0
9354,hgjwNAdHsBlEU3QZLbWC,0
9355,arCjzeyY4ql7IcJMDvZW,1
9356,D8QpUKHJdcvE9WVPXs2w,1
9357,b1X9uZCg4tSUazoAnyJM,2
9358,k0DVI4svgBRA8pjlf9M1,0
9359,AOEYWM6h02SU5q9dxP7v,0
9360,AxOFp3oSKE5lCVHPsLjm,1
9361,4sLZAvlYX7yBctu3Pkdq,1
9362,d0QN7fJslMFL6qkKgbWS,1
9363,4dYWHLCBPVg5xTAzRK0e,0
9364,FCAePafINi4Rh5BSz8UZ,1
9365,GpuwW62nZ7VgKlb3X1A8,1
9366,FVv12Xkm9jouLsNpZiAn,0
9367,Erlut8aMiL1F5YsjO4GS,0
9368,B0QeAmgHpSR3Gi4FDTZl,0
9369,BL4pfw6cq3UJEiC2Ivuo,0
9370,HUJqQ50FyM1hw7ABZ4Ni,0
9371,FdBUjIT8P2iN0ODw3Jxt,0
9372,iVR4woCP02d89KLaXTm3,1
9373,KRBDxPLfj0JQV5heGX4S,0
9374,EKswVBcd1UWjLfukhSF5,0
9375,9dbFYQ1xN2cm7pSPMhnL,2
9376,DFswkTNWm6lStz1h0Mup,1
9377,E7yDMZh286B51eVJ4wzg,2
9378,2Qn5kEMv9rXOHBaVWsYf,0
9379,4VUXyfRKdZl56wkDeWIL,1
9380,AHIPR4avZlJ9GiXsD3Wf,2
9381,ACvMjIQlXg4FbncdHeT2,0
9382,JTahAZvbOyoMYkfCjic7,0
9383,2zN5EbfhwyZKgGodjiQu,1
9384,Bzq6YRV9F2NgJsPewDhr,2
9385,7Upjf5qMRYvm0HgrQeFZ,0
9386,b83ODdAxNRaXUltowHh4,0
9387,ECc2z9lqBrbSd4Z7uaMW,2
9388,5JtRNUe8giGB2j3C7mov,0
9389,cOKeokjEfm24N0u3wh19,0
9390,HV0ctLUKfW1ozkmC7BMJ,0
9391,FitUnvqQ59PElo4uLph0,1
9392,EPuBR4UHTaSWOlemC9QV,0
9393,cb31JMkpPTLmiIzvYjh4,0
9394,3Jf94PIUvg8pCqLXKzEa,0
9395,F5seRNPKIpdXGfZCzVcq,0
9396,Ap1Lj5JHUiDVIoSWFq73,1
9397,e8uQB30WJNbqXEf9SaRI,0
9398,Ki1pYrmszFSjuWUvHIqk,0
9399,hiSzJtUH7VqsZ6fDIr35,2
9400,hMyn4mwJjsLI5l03PdV8,1
9401,CSd9xghUeLkpPtcwJKIq,0
9402,e56nIVoiTlkJhuYb1pNy,0
9403,8QoDEdi6Yw2kUmzuNAcp,0
9404,gBUSDYdZqJMGCQuzWTrX,0
9405,dT6n5gVkjxi3oDqUB4Zy,0
9406,hBYQGegI6O5bvH0P3TXL,0
9407,ExVywGIrOR8UiNtujSXh,0
9408,9PeG02TQIAHkYcjh1id3,0
9409,bQNlL0On7Tup3VwP9Z68,0
9410,2TaBCxc4msyVU5YDRuOd,1
9411,GK3cIhMzuHSw6YtoPevN,0
9412,beYsSmB2uZoA19Ek5Mrf,2
9413,8btcXEfH4v9ITwU7OSsg,2
9414,4omjpRdNPCMSfxi3TyEA,2
9415,kKEvpQMV1qzLfeTWDtF2,1
9416,BPx5vIDXAmLkOiR1Ec3e,0
9417,f4FGZxJb07UsA1LvYpew,2
9418,1IjdZ2HuarlMYEBFbTCK,0
9419,JWczYA5Isj7MdnQhq2Lv,0
9420,EilXmdUb6zGBJWk9T2SO,2
9421,fYECMU3kwa4u1rgtNPod,0
9422,7schXvl2FHSujB3aVK9e,1
9423,9Y4nW1Ko6FcNVtOG7qTQ,0
9424,LOP6HaJKXpkic5dyuVnT,0
9425,4jKA1GUDv6TMNpPuIxER,0
9426,Fv4oIUutzNCha6rXHxGD,0
9427,4FTihAW9250ds1GwzKYc,1
9428,Ad4GW9FZuaM8iqzoV6N5,0
9429,GolUKPReSvZL6pHkM14t,1
9430,JsNlyIfVSCr94oA07Wxw,1
9431,FdN4hY6qGVQAIlxjz1Bu,0
9432,5QjuiHc92rPnEYepCRow,0
9433,kFyYOLBqi72sHKA08vDm,0
9434,eKQW3oFCzAEyGumBlgh5,1
9435,Dtb3d4G27yXMaqiLv19O,0
9436,9zqISCo82tu64mdDhXFG,0
9437,c54pwLBNXyf2GhSO9knA,0
9438,ixTICoNORELUk9wlpGa0,1
9439,HdPOW0iUNmv5bu19nYey,0
9440,GnrpzMJVYoBSjgRAae8Q,0
9441,J60pcjxyK7G2SoCsPVZz,0
9442,cfOnFrdVRBbQhjpNe9Ut,0
9443,C4iJQzFIRWB19USfsaVw,1
9444,HRabWnUoX7zv8h16F3Q2,2
9445,FqXM3PGfdhTr0xgj7y4R,1
9446,C24qXnmbryhO8LzGvaTF,0
9447,iugDTFftkUxZAWcBwCYI,0
9448,ja7NE82XwHYceyg6o0vf,1
9449,i5u2KDJ9t0OyAdokafj7,0
9450,jWN2deuOSfDhU4cR6XVA,2
9451,6QtaMBu0P4kEjTgcxYAn,0
9452,KEul3yrfA91GUBidj2nm,0
9453,aW5oFKLR81CiG2ly4gbw,0
9454,0Mx7E5XgoRcJavdPAit8,1
9455,FOo2f9Pz1XKwSHkyULiI,0
9456,ieFMEkfnclpmS8taKHo9,1
9457,ghP9Fz6SMXUvwxLjQrIq,1
9458,A1SiGLNa86IsOJbXz3K2,1
9459,cFgalWD7f2m5PHxuEULA,0
9460,jfoOKUzAhdHWvuLeJxCN,0
9461,hLfB8arbs4nmcx6tPAJz,0
9462,7qXRGMD4gi8VkIWSjyeF,0
9463,7ptdL0VO1BzPlWXnGHwJ,0
9464,eojIASsnDphK7OZEV3wN,0
9465,kDj1KVgGfTIFWPX9idoc,0
9466,7J4un8UNCgcPYmzsyxZI,0
9467,4tGZ3pSdReH5PgV0ohM9,2
9468,HM9Jf7GmpNd2DLZVcxva,2
9469,1gaQlVW56mCk4NxrRhPw,1
9470,0eN9lyQfwmTVk7C2ZoYp,2
9471,40KRbGeQZ8PwcUgt5joa,0
9472,g4Ls62ly8VRruEBZID9v,1
9473,HVz3swTcIpKidhADXJCk,2
9474,LCrZhlaY3MnDA1GKwtvT,0
9475,IQzSymvVCNgMr2qWZUh8,0
9476,FWhXBxORyrDzpVAg4lTj,1
9477,7wM3js6pr84zyomJlNhG,2
9478,04mcPSei852tgIKUwTJr,0
9479,D5kcQe1tHxjVsZwTYOLp,1
9480,Gg4eVh0YMapsJBPSZCn5,0
9481,6cylqphx5sHCm4fYBEdK,2
9482,jaHTAc6MVElKrygs1CzO,0
9483,DcIoXf51F3Jk7TNsjbqz,2
9484,hifCEvXHwd8QWazZ3KPo,0
9485,ATsbgv4fxo8Sh7Wqwk5F,1
9486,9FfKH0kuryGZqiTmglh7,2
9487,5OsZTkXgflhr4VAFmxE7,0
9488,0ASH2csN7k8jZyoRaqtn,1
9489,GNHUoTAd3etcxL1M0WbS,0
9490,jL9VyspPbfEoQ38lCFZG,0
9491,2zyuIDkXNCwY0tjdTqfH,0
9492,DYt4WIhbnmgyJkxEC6dT,0
9493,hd13cetC4NLr7TpAYxui,0
9494,8Ut0v1SIg753ERpTGoma,0
9495,7pU9smclbORIArdDtvuF,1
9496,gyOPeu8vNMszC1dH9cTm,0
9497,Bhs2Pa0NyQ8ArJW5fq9R,1
9498,e9aloKnLSh8JGDjQ2B0T,0
9499,hCH2ztpK1XUakfjqrx5P,0
9500,K1lFzHEd9BrbaILcmMsJ,0
9501,FD0QUxGhmurO9Y6bITAj,0
9502,DltQIwzFoACY78VGd1pu,1
9503,i8gKknCGoFD5tzvVhEfS,3
9504,B25geiufAOTrNw6EYVyh,2
9505,I0aCQZhSgGr6kTnD8Lv9,0
9506,ImBUE37WLcf9PJ4kgZnl,0
9507,GAFXJNzhQ50rMLdt8p39,0
9508,ATVo94avrEyjnexXU8W7,2
9509,AyPm1KkLv0WTuBHtid8I,0
9510,CmoiKcBj6wySzXrJIf0W,2
9511,iOUrldKIZhAHmk6PF1b3,1
9512,IlCigar0eZ13Xtyf8MVn,1
9513,COz7qtjgHKe4wiEPo85F,0
9514,JOaTGd7Pb2ekRXMHu06S,2
9515,8NJoTALeEyqVa7GpwKFO,1
9516,BYRrHLwm9QoeXTlzpNVI,1
9517,7lz9eQuHKTdVIfGYMrUn,0
9518,lIROYxmjTw8r2A3HiQay,0
9519,js068WDIg1hXYHKPriod,0
9520,eD1izAxkw4nZKrURF0fS,0
9521,cZD3lEa9HQfnUx0BzCRb,2
9522,BFuieglsUYJ934Dh0kw8,1
9523,8ZFKwPESYC9jUzdngyqr,0
9524,hXUBdG2FCOLeq0kAWNSp,1
9525,5QOWxyz7oqf9T6KIBDbk,0
9526,HYWqBox6RUpgKlsL2NJi,2
9527,IhpoPiWnbSOFU9Hq7Y5l,0
9528,Fe4yEv8HmfLTBQuigKC6,0
9529,7hp5QE0n2zg3x8JfWGmj,0
9530,JNEaK80h4meUkGLnzsox,1
9531,981OxmWynXIJEiSTGhMf,0
9532,f0ybu6ZqRMvBTAnlrg7S,0
9533,GEs5ryOXjLYVdAM7qK8z,0
9534,AiTGE0dPvU4JH92LYoXD,0
9535,kc01Wwz52sCaEVlFXgpG,1
9536,5HaZbvxGcFQVgT642nWN,2
9537,IyVCjS86zs9HbJ3lE7F5,0
9538,3ojXTJ7uAkvVnimG5rpL,1
9539,Jw685f7jGa12ivzFxIHu,0
9540,fQRdkX2ahe0tOc5ysNU8,0
9541,3UGJfgV58TXmWAnh64De,0
9542,kcwP62orCTg9MFEVzIus,1
9543,2POsRoLQDjVz89qgSpnY,1
9544,DNtJKyn0WV7PeS3q8FvO,2
9545,ae1M5piZAUrqnKc0TYdL,0
9546,AtpkleqR2JvcjSI3sbdF,0
9547,h6dXO0barf1t94w3WHzN,0
9548,HstMehvkaw6BWg5LjUzq,0
9549,5cG9KQqabVEpBhHWgRv1,0
9550,Cs8c69nIg3uHjfPVRevY,0
9551,3afO9NUdwDyT6IlAm7gk,0
9552,J05bGKfypeStmv7UjBD1,2
9553,hwV2CQqmA7U3kbvOJKPs,0
9554,C4VOaQKgkyhfcnNI3RsH,1
9555,Hps7JhzwjlOAkMXKP92n,0
9556,Hlepf9aJIoFTQcrmXO4P,1
9557,FdiEeV3N8WtUSXjmcrxo,1
9558,Frgfw47IkyO3ZBXlsQWc,2
9559,5aKDs6zNCymfEixZvg2b,1
9560,aqykXmIQMJFbApcf1UZs,1
9561,iWsF18Ct4BScbnKHTXEO,2
9562,iK9ovZhBJCDH0T34dtI5,1
9563,9wz1VxEqdHJa3RAUvMXr,0
9564,FqEZWbA3xlSf178hYjMn,0
9565,e0rtoZ7S9LHuzhwyxcsi,0
9566,8FgPelbcMsCH1qLVtWKk,2
9567,feCLEnBkHFvKpWirShuV,0
9568,GJclOauMEA70XU6nv8g3,0
9569,kGITL4OJxYMWEQ1bKBiP,0
9570,j0OzVHxosPXhY4BZ1FQ5,1
9571,6FnbGwkoRmj0ltYiPpZE,0
9572,6CsTIZDSEdqNzi5tOKBo,0
9573,CQgu2x0clN79pErdYnZW,0
9574,iBhngrmHEGAuytQvfDeW,1
9575,G1VDCsLj3X8FTW2yzgO0,0
9576,4mJTfvWcDb7elxzPFwYy,0
9577,2QJ6Xc5LRmWZkdnVBtoM,1
9578,0dhL8Jvcswa7U1qHiDS5,0
9579,BqRPMt4QY1sHzvF6JK7j,2
9580,fDLvOn85VGbX6BNsTtaY,0
9581,9NPX21MLDFoAHh3ZwuGm,0
9582,HVFvDT8ahset6nl4IAp0,1
9583,j514c8CPoS9fIyKmnOaH,0
9584,d7XHlwrYtyQk8CNIa0AU,0
9585,jTbRSLsJ3a1IByZnYx4D,1
9586,3xhmsIkdn7FPL4G9a0Qg,0
9587,bElZS1P7UCz95FInYrsy,1
9588,92bOmtQduNgIJA5YnFDU,0
9589,Ga17B5qZe6VoM0kCxTAF,0
9590,6MiVrRcuKoANQmGavpOS,2
9591,DoVLn5KN3BZeMrzPCmhT,0
9592,i4mPZXrJRahKbxDCTIvu,1
9593,i5bArN2uj1mtEOBkUzlS,0
9594,53r708mKVjxzCtn4i1oW,0
9595,bdmLM1krp2jFh6qRuWcU,2
9596,7rcIYafVLBJQ1Hwy2gDO,2
9597,ADaWiK4BCZg7Gub09xjm,0
9598,fznNYsJeIEivMxW4Ry6H,1
9599,biR27No0uO3zlPjqGfJw,0
9600,cVYX2gTrFnB3HfP8m5U9,1
9601,GCp1DME8xZNUogB5aYWh,2
9602,9O8j0WghzESJi6e3yU4q,0
9603,gjpTJB8G2bqynsVr15kW,0
9604,Blm5s7GqCjFaI2ih4dkn,0
9605,Jxk7hoBREPTaL6vfQj4w,0
9606,0Zb69USnM3qafJTWHCpL,1
9607,7cnyTvamsXhUi5IdSlZ4,0
9608,gaVPCzINmME7huA8cjR2,0
9609,2kKae4J5IY6LWtTv3bc1,1
9610,37J9zqIATVG4eZQvwnDW,0
9611,4sOoJx13PzqCunGTBIVS,0
9612,7To2l5mzJPgjGIUWu93R,1
9613,2j6bnlrCgNW9cvm0KIMH,1
9614,0WdoYq78xDkFMcIwRpmJ,1
9615,JCzoBIAiqnR09N3Pumvb,2
9616,J0DAPdNqMUiQaThtKyGZ,2
9617,bqdDVk28tEPlRyvALWuw,0
9618,dxIuyOrCZ4qhMFz9S5sX,0
9619,JeR146WPmlVnxKvQAESb,0
9620,an85Um7qeAbI0uSrwF2C,2
9621,IlXfyiMdJ3wSO4LNbKCA,1
9622,iY8OV2AcxubldjFhTBSp,1
9623,gdoH4F675iWmYCT2OrnZ,0
9624,JySEQsbmRtqxuN2D5IYO,0
9625,4ZVUhT8gufvReG2XS51w,1
9626,JP7BMuOe5I0yYmSCbTNd,0
9627,exRaSnLFu2VyNGJhDWlg,0
9628,g9EOBe1tr5a3dUhLn2zu,1
9629,IUq5a0NXCTy3mhV14nBE,1
9630,DPVTHpkfLrABWaqgoyjw,0
9631,aIpSDAY9T3rsCwV06Xue,0
9632,c2sdKG4MLmHBzFPg5IW1,1
9633,KgiNFPOsZn08u9BEhWyx,0
9634,gDsZ7RCYM6vW0VT9ENzl,0
9635,9bDpXWcKkjMYSygu3CAB,1
9636,aJAwV8zxIZQXh0vGi9DR,2
9637,bAPu2lGC9t5NF0EvZU7H,0
9638,6a7hF1ZnHrUAQXouv4xO,1
9639,BJn0weTz6MkXWDuHojcs,1
9640,9MIluyWeOHp1DB6tafxq,2
9641,CuB6pZlWVqT9GK3QDHdm,0
9642,DEyOUKzN2g8suv96eYoC,0
9643,0GKzFQ81IYXqUWkmfv26,2
9644,6okBRVQNHGdWXCzgK7MJ,1
9645,9ilHZxJ10UtOGsFQfDLg,1
9646,Am7nEVXHePkCtqsdfzG5,1
9647,JkUWTvNE57wOsdYbxy9X,0
9648,0sM6DQlxcP3oAfd9ZVBT,0
9649,bcxmnqdC5ApvuW0BgLhi,0
9650,I86yTo7eXSm0dWzPhNcG,1
9651,CnPvMBc9sWK1jrbG4ILT,0
9652,c5Nb6zisUkdaqTwORnJt,0
9653,9aRP468HXGAZCoeyx2W7,0
9654,ETluOSjYRQnJ9r3pLDKq,0
9655,8xZW7jgeCML04hIw3tOB,0
9656,5DFeXtmWB4E9ialRNkVM,0
9657,EVYzBCh5WsU7RbHMgvFK,2
9658,ekRZWI15vJCVP3iBYjld,0
9659,2gXZWDA3VeTPr1I7pjYa,0
9660,hSATyqd2Ixgzf4D3jM0Q,0
9661,amGeXDTwCldUsVBHPqkr,0
9662,jdcAqB7IF9bflzOVQMLY,0
9663,h5W0TMiPOQ7YNIfaJmc4,0
9664,6tGhqxwai7TfWSby8lUO,0
9665,iO45psGVqFKA0S7kZ3cW,0
9666,Ikpcu3oClJwGKQMdztrb,1
9667,9TjEU3e5urYx2ZwhOMy8,0
9668,j9H8dMDniJ1ptlAr4xTL,0
9669,Cqn1ZIDEQwzlrMNj3oAP,1
9670,J9r7hPHKaZY6eSAFptjE,2
9671,ecvZowmJ09xHPGkBjCXV,0
9672,5tgsDzdZ9xMm8F47WNrv,0
9673,CjwaKoD24Jt5cHhXgEuL,0
9674,dV3jJqMW64Z27mEHNXGU,2
9675,AeblMfUSo28njJVd4rcE,1
9676,Jqoa4MAO197gIvFxHYWU,2
9677,HM6G7gvA1p2U95VXewBI,2
9678,2JpYoHqMfAI5jnlGDgFs,0
9679,FBJC0htji5egyV1RPnHS,0
9680,BdgfJiVGChknbcSDUI4Q,0
9681,EXmOvQTpUAPdG728hVy3,0
9682,E6IcUXrxM7pnusikqG9T,1
9683,2icwOdb5xCshnIvMXfy4,0
9684,AOcH9YQ80NMUKLarP1hl,0
9685,A1Bn4Cb86GzdTkf0xo5W,0
9686,jOZMUJF5waGhqLQbWsYz,1
9687,DYzoP85CvmEU6BHWwVT0,0
9688,HJ3G8CS9f4yVmadQ0tOP,0
9689,80gSqucmDeUFbHJWYy7M,0
9690,JBwr0MNAVT4zl3kvifYb,0
9691,g4DoxpUsImPfaCQV37hM,1
9692,IB4bRZv7dGhsl02piuDV,0
9693,DH7q2gbnvTQ6CSFela8h,0
9694,gE6dlac4mB9VrXCLID2M,0
9695,hbUP9c3TFmWJZqCIuBkg,1
9696,HK1vV67pXhj92CRroAYm,0
9697,bzNc3YXrp5PA2DBEn1wg,0
9698,EZlzYm9sapy4uWKgcQ15,2
9699,EKeIjqfa10JmzunTXciN,1
9700,g1d6Syk0qtWOE7KnLJRb,0
9701,Io0jnbMUGPDFeW1ciAds,0
9702,HCGEdW14Kze8xNpaPXqU,0
9703,g5aTwB2PojyI9DlbHh1C,0
9704,1xVIAaOrkQePGlBLpMgs,2
9705,gCJk0uacmvlBAosn74b6,0
9706,AZ7UkGtyNfcQoMLpw0rK,0
9707,7Tcy2sVaMmJovEDAzr5O,1
9708,BdDpAUVrf32Hwm5ex74o,0
9709,JI3ESrZoxtwm8kfdQ2UC,0
9710,c5npw2uMISjrah74tDXo,2
9711,CL26qki7n4KRNEH0mAb1,1
9712,HyITQWvZXan3zBoDpCA0,2
9713,FvDlfHR4NkS7EYZrOTCg,0
9714,fbvWPV2U0xQ3TpqohAFy,0
9715,3JI42LUuZET9tgvlYDqx,2
9716,5mTjuSpdDG8k1IBHaPqY,2
9717,Kc1XJamkjDW4lB7VtvLZ,0
9718,gNJbXWCpGnZjFq6Lzs5Q,0
9719,eR9DXCN12HFsuhMpSzJb,0
9720,iHE9eFjSh5PsLXYNG2u7,0
9721,C1Dr4KzRJ2pN0jqG8lAI,2
9722,CUEe86Qkl9S0umGIh2aT,1
9723,IFRGbmc7WwDiHNtvC1pU,0
9724,CHsmEGN34c7aSWudtUxh,2
9725,Alip9zLkjS5OtryE46Rb,1
9726,ePkWEsumiFcf4S1DMxJI,1
9727,29NR1zBEDCPM5xntsdlA,1
9728,bLNmOAlhUHcBzatEePVj,1
9729,BDuWAEz5GFKaP4Q1k6Jd,0
9730,HWREIhidcbm5xuKqa9JX,0
9731,jzUS0Eu9OKTVZFRY7Xny,0
9732,iPHgeU6vjNKr8GB90CqM,1
9733,40aUfOCuXKwHTBvAMq35,1
9734,kLMHFv8hXS0atbDf7nGY,1
9735,8mWh570SFDzATaLEeVH6,0
9736,j1bM0nfqksmQ3X5epgau,1
9737,2xmv5zSqBlakorbUw9MJ,2
9738,EjnR6Llw4p7sQkJWYiBq,1
9739,gC6s297ohTDUNO3IzpKM,0
9740,3NPVdenAHU8cyZlsQBv1,0
9741,3XHQbYcD2pI756SJknqB,2
9742,AHErPLd2pTyWusBgXZOx,1
9743,19emSiJG8vrZgT2zXEIY,1
9744,Jpvuw1BibgPOt0SnKD9Q,1
9745,hYlgvVbMI89qP1jruyxQ,0
9746,HJux0O46yzU7XF5slVQA,0
9747,3BX24l7nid8KpwzJr1bq,0
9748,IkRyF3nC95E8dbBwjO60,0
9749,fT6574JMzaXFsOmjE1Sr,1
9750,52Vdf3czIoBaAFsv8gmy,1
9751,GxEYhcJlkd3OiKQeSuNy,0
9752,1wzULSbfxGolZhD4XIAs,1
9753,B3F57b1RXv8cuGZifynU,0
9754,cmB5MeSziuKsUlNDIgC2,0
9755,4KWOXqY1owuJMjUShbfr,0
9756,cvAsfnPdeYD5prT3Xgh8,1
9757,jDO07nLsp3BTQSIuaYAF,0
9758,Gxk6Z5edAo4tUgFD9OsR,0
9759,eKRtEmTYVj5ZSNWMdcig,1
9760,J1rAVnKEwlsFqkG9xYNh,1
9761,i6ulTyEvMWfmbOdC02B4,1
9762,flGIkg7tjrJ2BF1W5QU3,2
9763,cmzfHMpd2Vv6ZyqPOwjU,1
9764,BgTIbYCFljHEWpti618r,1
9765,2wIHgZMUrG4JBNf7ovxQ,2
9766,eR5NruTbULqhYVFmt39d,1
9767,8jYo6TrpmwN2BGyEgsKd,1
9768,dew08WY2tLPQlVZsB1zS,0
9769,FlMyrLtZPG86JcoO0RTz,1
9770,GKE3r56OmluVYqIZQihx,2
9771,1txR5rhb4MwNvXuPAFpz,1
9772,ew87VkSudbX1Qzqc6AUF,1
9773,h3EdyntkIm9wi0B7GH8g,1
9774,FhLibeNQqV4O8acZvtJ7,0
9775,61SnhUm4jdWiFCZGsPJ7,2
9776,dXjshFqBCTlzow9QZmEc,0
9777,E4SvkGO5CuB8LehadFo6,0
9778,frgtup5NAaT9qRVDj4hO,1
9779,5drRtkhwUeEg1WyBCXnF,1
9780,FdCMeDTY76jcz1EpqLhQ,0
9781,AiaszSGJFhg0wbtyR8Op,0
9782,DM4TcmxWagnhX3658jBN,0
9783,gOEj2AmqLZSwkGIYsoNJ,1
9784,i8kCqcbvENuprBmKX46L,0
9785,8FVzZYojBMfvsPcHmqWC,0
9786,JcM4rjfw2mxPpT7sAveB,1
9787,4eT7psVXvblD3jfH9GgU,0
9788,1PQFYMSBLAO9TmKk2Zhj,0
9789,Bv8LadNb49PRTo7Ih6SK,1
9790,6LmWsZA2e5dbfhR1SB4P,0
9791,Ce3k2BNVSYobKq5zGTtI,0
9792,i9psO08wRdorlvU2HBSj,2
9793,HipXT3fGelugcbwKmkCv,0
9794,37MUhjJKBdCYFZyvqHWu,0
9795,Dp9YGPB7ugsW8TF10Cba,2
9796,Gbs4cQpR5JWdFhBIVKHl,0
9797,Akbqr8c0E31QoOTwKefL,0
9798,AQK4rWIdJoFROLnHaZ7Y,2
9799,cgOFjPAr76QExV2piI1H,1
9800,ilxt65RehXQoDvTzdFLk,0
9801,J6u7bdXy8pwMaNFKg2B5,2
9802,kcCrogv0Dhe6A52B8URa,1
9803,JEzvM43OSnZQcV901IBR,1
9804,bGPHZFpAL3N957064wzj,0
9805,AdPQ2sY3WVBFj1ihxt0p,0
9806,3QHCOA5dqfPTescoWyan,0
9807,InKeBl2Tt1Oy0qaLWXRg,0
9808,cMrtkBDPpouHxeswgnG2,1
9809,DQ98CkXM6J3tY5m1hAfK,0
9810,Hy8L53hUREkZMs1PnlSY,1
9811,Agr9Oh1eLIP0QCpRNkUt,0
9812,CEvU0GulZMR2cg81ipLB,0
9813,FzA0NwXoJ2ZdhjgPMlvY,1
9814,ADxSB9mbchQzuOCoqds1,0
9815,7w9HgKIJmjx0cYnea243,1
9816,GbC6TFsQUBoX9irS8nMa,0
9817,Cqwcl7m6vezMOAiEnKWp,0
9818,5UMRAY6vFx0adLKH1skc,0
9819,8e5s4unL0TmKYSaycHCd,1
9820,Dw4btEPMk3reBuNsZ15S,1
9821,ijCY3HDqVnPdAZEtFRv9,1
9822,FQ8hGjgtm2soB9I6bY5i,0
9823,2Ep7f84CvJDn9NwMHBPK,2
9824,aeOUoygIVLzsE91XPkbj,2
9825,BcuE9gIzJoh70dAlbVqw,0
9826,8THfDA2iXQdjNx4Lo6ws,2
9827,cLnAQKo6Sx2i0wfRrgpz,1
9828,KWg8T3NOYaQBF0tMqLm5,2
9829,CylipwE0nFVsDBX8Zqmt,0
9830,jwQGe74vFSE3bVoxdCIZ,0
9831,j8FwWsmQaJ6ryRVPY37G,0
9832,FtBHiVSc1PAaxelsC7yg,0
9833,57U0FfqsXtBAj9ONKPWn,1
9834,e8V74pOXQdNYs1HcTaIi,1
9835,1KjwODdhC3VxA4MSLbFI,1
9836,huv3c9j4VIqWp2FG6KLe,0
9837,ANrxlbe7tZT9zCJ1fVEv,0
9838,3CMI1unj6fD7glo9rxHe,0
9839,BEdmtyAN0lJ3Y6Rkxu7c,0
9840,kh9aIv34TxX0DGRFVAKf,0
9841,FNRvlymt10cLEBADOj9u,2
9842,6nLCYyu3cTMDSXWxbj4o,2
9843,fQp8mha3FKG0M19P2Yje,2
9844,DnJFtCH7gTMIvWYlAxcN,1
9845,eVX5tAiMkBW6TL9HCJcg,0
9846,4GUWMjfCbyK9ZrOeaBPT,0
9847,I3m9yxl5jsrv71N6EBdH,0
9848,K1TBRacdPrvqOXCjDw2J,0
9849,CNKfaU6TP8kg2mnHh5SD,2
9850,eI053W17vGE249iOYyHK,2
9851,aKQHksThE3fdVCizYpGI,0
9852,iBwVcOQ6hltTIaZp1SFk,1
9853,ANsbQFrM0cvZoxHjS5y9,1
9854,eqmi7Zsy6ordaXkbYC9G,1
9855,hGJZKoMdcW9s6SEqNnOg,2
9856,HPN2K5809L4JV6F1c3rt,0
9857,jTgF9SKzb8qxdsC6NnmY,0
9858,aZ90qrU6kB3DzFwTVb7o,0
9859,19b2dlEtWXyeiqc67Bof,0
9860,D9SfgPTq24RdONYFG0ZL,1
9861,GhqXt1KSQAj7D4oL3OVY,0
9862,fOw4tmnSVPWr5BKGcQol,1
9863,6KDiSvjJq215CNuoGzH8,1
9864,e6sV9KTp8OrX5qHNYAt2,1
9865,emfAXPk3uGVwRaCF9Zgh,0
9866,1iFYGHfzdnCJRXA5uby9,0
9867,DfFgIXKhSYVG8tvUk07u,2
9868,hNKoiFSWrHegX5pnvfRA,0
9869,eQVmTuqlHYXLJ6DBCsg5,0
9870,jXq7Kt2dOeIHo1AS4sxP,1
9871,EphugcJjmrdbLs5CUMW0,0
9872,buF34LnOfJGyiEr0PTRg,0
9873,jO3ktp4CTZ8Voy2cHJUB,0
9874,CmD0V2nu6fFv4YlrNpiK,2
9875,JON9PSMtuip32AIfdZhY,0
9876,dReYscvQIKZX9E2AJ75M,1
9877,75DeYlyFgVjhbZ8vSTRI,2
9878,EgNwt0MbfVzBpRKyvsn2,2
9879,CGtMcxADYKyHhnTrebkz,0
9880,fAER1uHUSLsd3XGxa7Qp,1
9881,DRG8buK9s4mynEP2WdBo,0
9882,5RbwG9tBMSfTLscmYVJl,1
9883,8jeHRBlOysCUn9FKaAuf,0
9884,IQsOfNUPxpZb0l8B3n1W,0
9885,bSeMuYvEqX4a9J02VWl8,1
9886,42KmWtQBnkgxcUPvhMGu,1
9887,7obPSDvanqmeT4Wiuw9Z,0
9888,gt21j5QSnq7DbXKoBYml,1
9889,6KwsJTWMeuikr1bUGoIN,1
9890,dK56GMJjTRAoaZW9yOPm,0
9891,FKxO8J75rj3Cs1od0yTX,0
9892,8Dz5Mb1QfxXTJESniLsZ,1
9893,ekBxJdvUP37DRhCjNgHq,0
9894,7cx4QdBWg9wMa2pvOLuo,0
9895,c9UgSJKF6sfBr74Y1WlC,1
9896,EWY8v9Rhfeb5pxdStiTz,0
9897,a8hZBDrjGiMdtzSklFNV,0
9898,fJurCwMAdLt9iZhsEFgK,1
9899,K94VFOcjXG0dUkDtMln3,1
9900,hpntqKQa1RVmfJGulB48,0
9901,Ewn8395kMeDfBKxXJQd4,1
9902,I0aTJkCwgMY8P6h9vWSt,0
9903,e0ujNRMU2TxqD4rfAXaF,0
9904,j3A6ObUBPWgX7Qf2wo8s,1
9905,2fl8q7dsoC1PwApx6QNg,0
9906,0JAx9gzbC54Q61XBrqc7,1
9907,Hf2WOklmDrv5G6cEba7h,0
9908,1Kr7OBDtVilgTNXRAbj9,0
9909,8xq2imXEnK4oUR506zpf,0
9910,2mypfAUu04n7R1PBMLZq,1
9911,5DOk4mvSnz2Hob3Xgp0e,2
9912,AKruDyEtjObe4R8TvHBQ,0
9913,aFBIk7spXrjZdchgzqvn,0
9914,2HO7PmwTKCZr3t4BYJVe,0
9915,JzjCVcOdPxXeqAinuLFp,2
9916,buBXk0VawKfpYLytPxFj,0
9917,7QtHrPMIOSsxAde6wnv0,0
9918,eNRgx8kCGW9r64SbLhQt,0
9919,eD3GZgf1rJ5UEi9Awalk,0
9920,5QAGYlNrgvSIeRxDH294,0
9921,col1OM7E0gAZTaifUep6,0
9922,eT5zyaVgSRMwGc2oQfHW,0
9923,9QhMT0KDxlrNbUosASgi,0
9924,HyB753uOmdz0NRFwqtDc,0
9925,DkaztyF2x9RE0sm5PMhA,2
9926,7NE0UFrvqLBgyuPcxkmR,1
9927,8AHh4WNQ5qYokKIXcmM7,0
9928,JkIA4qhYunzdUt39xGrC,0
9929,je3Im0RAozk8M7gnlXiO,1
9930,47GqvWtCkjShUVpE1oI0,1
9931,KCJpmMH7aG4c3T0eEdxQ,0
9932,4oukFyPdeRqwVKIQrc8C,1
9933,ADIq5LFowdEuPMOGXVcl,1
9934,glvVJTocrt1M7ZpKI8ju,0
9935,gYwxOvVuz0yP4SHBkeaL,0
9936,6AvPYWD0O3QysBdpXuhn,1
9937,1L8Wt9XTV3pInwaqiobG,2
9938,EL1Fnf4xam7MObJ5DgYd,0
9939,GgNDAxu4rSEsTMaoUczR,2
9940,G1W3VN56x4ouK0slHkQE,0
9941,cC8jta0FUZlhIGSXmBHf,0
9942,a9r2zHUoK5gXj8E0lqsb,1
9943,89HNYZxtGbavBFUewOT7,1
9944,gNrGv32aJfY47A8OuB9M,1
9945,CARP1OEijlQVXYxZa0tH,0
9946,EMmQTRgzWJ7FLbuZAaoP,0
9947,jrKTfD3VAXsFJ9vn0SMe,1
9948,BMh4NUbp2yLTDPCEI8iZ,0
9949,06osXqPUVM1HbvBGNncT,0
9950,4wmslOCgr1HfavRdSZ6q,1
9951,dKQLjfbSZGaT5s71VoPY,0
9952,4FdKAHtfpGS1hCjgyNJo,1
9953,gUtJqTPNrOZIkcl4162e,0
9954,ktjMBCYU054Nh7GfT6sr,2
9955,aUufGnCVsQDZogv7wHiN,2
9956,Gn3Mf8X7jsWUyDYOIRLp,0
9957,HqmnQeZ1cWu64UjTtOFr,0
9958,g92uBMP7wqGFvszXjQot,0
9959,f7L3tzZJEbS52NTgoX9l,3
9960,1ZfKbU4HjtQIpoElzDTC,0
9961,DReqVt7Hxa5plh8v0QP9,0
9962,cHrKnfE5MgRIqlLmBOVN,2
9963,0Xm5sqBgQASUyFui2kbH,0
9964,hdm2IYJXvzDOotwQuRc5,2
9965,6Jylg0kdK1x3sMbihLvw,0
9966,HOXtaor52udEKIemGQUD,0
9967,51XRqHz04MsAuJWwtraV,2
9968,k89IEjZqBQTxAYLGWCwi,1
9969,IfzlswKZpUR0HqPJM1d8,2
9970,Hr6s4wUqkVjDTBIuKnJa,1
9971,JZ0H1CvdiKOpPk5SBMqt,0
9972,k4OBG1aAohm95uglPQqd,0
9973,JcKUy3uzOB50eRT1ZaGA,1
9974,aR1OKIrslcNG8hVYjudg,0
9975,iwTV1BuUW5Rjd0C4oqzx,0
9976,avxiq1wm3WEsZyteYrok,0
9977,DrLmeljpNJUBO3q5gQTC,1
9978,furjbFsqkwKzaNxB3RDL,0
9979,DxwXvJ7pT3lHAn5ozt4g,0
9980,40as7FtBNoGZTuO5XpWq,0
9981,6uHKJ38Vs971CATn4azU,1
9982,ETWCV0YShbyazPw7n8xD,2
9983,k9sOCztPGbh8YUJlgvMy,1
9984,1Flm7qajnOzdtwBZ29gL,2
9985,0icJrNnmPvDqVQkC3we1,2
9986,2qX9uPmI5pM8cowCHOJb,0
9987,B207sNpJEnMqxdzIbg3e,0
9988,j1lGIRFzMHXnVPZ8DQBg,0
9989,hacIJolu0XmpydkYRK8r,2
9990,B4wMxFdt30yYp2ourNRI,1
9991,Gjhdytn6p73ql28OckQu,0
9992,guSsk0jAbhJXcxPnHGQO,2
9993,Kgqb7YSefWCdlpmnvw18,0
9994,K8eq1QCw0xEiuYFAIaHZ,1
9995,gJQLAK983BsIvVwCHXRD,0
9996,hGCvxqyauRfgwi9Bz0DM,0
9997,d5GCPxQuly4m6hEn0gqk,0
9998,H0evJ1QxsltOCmkDaTGr,0
9999,DY3QpwMcCOHsSWuVe89P,0
10000,9zKkSJE1xeNO0isFGAW6,0
10001,eoIwJWQq6Bcu3FHXNPdT,0
10002,FvEJe7LOjwDranG2tcf9,0
10003,47QarcFI2Vwh8mKuS0Zk,1
10004,1pbue49Pjf0hxXSNlnmH,0
10005,BzKqFlkYAXim27yUuQ43,0
10006,JNez4Z10tfKa52BDCkVb,0
10007,6GKL8mpZ01qTy452uQsB,1
10008,dW7PwfxAsy8HLFn3NXtB,1
10009,409FLy5cim8qgxjYobET,0
10010,cqTRnE2K9ZGLglDdHbrv,0
10011,0sM2atqTo48GgnFwhQXu,1
10012,2mBVr9lk6YuoNQH4AxvT,0
10013,Ici7gGFnMHENV45kD0tK,0
10014,Ei13CgdnUmLFwta8Y9k4,0
10015,8w5bxPTmWXjst7BafQHl,0
10016,afUoMhGcjJKL7kFTtINA,0
10017,dfSgEW2IjPT7ZqkAmv6e,0
10018,AJg4My5hRiCSOeakjtxX,0
10019,FW5OMytiahRcIBfLJD9X,0
10020,FjzLT1pN9kgZuJP5se2o,1
10021,CZ2gJmqpoi0PuKQnxfHw,1
10022,jtYbD4hFRPECf6VL09ol,0
10023,8Ek93sPoaJVSyhrKwXQe,0
10024,HvODZ7dlIkSCKzyP1pXR,1
10025,GQPk9p1ZEICdOTcxlH5W,0
10026,JMdwHZWNibQcFoSPG0sO,0
10027,fiepv5X3tyCOgzYnT0kK,0
10028,4r5lOkQTuIs7CHygqLYN,0
10029,ATDpmb5qodJ1VRrc9KNg,1
10030,Dlm7I8KFdwQ6CAMjOXgW,0
10031,JtevPL4ZkR8c0QVuyAni,2
10032,g6HfkWlVaE8Aj5dGSOZN,2
10033,9bj5QR2oHpZd7KiCGxFP,1
10034,H3teMfnQ1LGR5Sjr4p7W,1
10035,Bd12KAkryHoe4M3UGRti,0
10036,GylnjTzLMh9SO3FgivEc,0
10037,ezxoXjVrEMLP1s5Zb04G,0
10038,40OBbdiUSJj8orKvwa72,1
10039,cM2qiXmpHhuag3r1RUIe,0
10040,FfvCzj8YXUbDsLVARQmG,2
10041,8qaEOKmPjZctM6lYu1AQ,0
10042,Axp8Qjs3IFyWGDH5fwCi,1
10043,jCrTVsM6f9SOmRP8p14i,0
10044,E5wU3ZSjKbraJDdo9V1A,1
10045,iVTe1IrhyJHjfO5246Az,1
10046,5KZSxj8gGDcdu1bs0v76,0
10047,fy3laG0Ic8Fudrw1oUZs,1
10048,alcYZOnCkyWJvrKSMFHm,1
10049,8rSBUFw4tsPubz672vET,1
10050,7a5RVl9htyOJcBUK4rQm,0
10051,46OZzdsSKDCFV8h7XWxf,0
10052,IuCwONbnrsUq8PVpay1F,0
10053,1loLEn48jqmNfpudgGXI,2
10054,JnOV89xWwmhI4HR0XL7o,0
10055,6piYq8XOUoaZCGjzweIr,0
10056,cDa5BKpzw9GqnArQfZ1L,0
10057,2vQgFHCYq9wfb8GOV70B,0
10058,K1rbQxOSzNHR2MdW4tgE,1
10059,glq6WfYSiamR1KbeMIyp,1
10060,E8IMHdqlogmc0CPVjifS,1
10061,iCTM2UR1WpXF6kuG7zHv,1
10062,hWrFmiajeZ8bENA2sydM,0
10063,btfJ456hq8T3vU9DZjsg,0
10064,d4mxVyliuz037wDecN5U,1
10065,AKWdwnF1IHTGZujOki2N,1
10066,f82n1geuSzmKDjZwRQts,1
10067,FsQeNCSYAb9jIP7DOByz,0
10068,02MRILoE6rNhmt7FUi45,1
10069,IhFqSl92jfo3yw5Bzpg4,2
10070,C8OaF3weNRMS2vphGUAx,0
10071,ju23GQl4DYFVeNwc85ka,1
10072,CVIUYfaQjetl154x7hyq,0
10073,dPNz4TYKuCtmpOBS1gXj,0
10074,3MY2qTOsQzVHgrNoa1Ib,1
10075,geCboaYHQ2LN4GnIfZF6,0
10076,8n5PsCW2QZgde4NuFySL,0
10077,GZJ3hp4v8AzVB6imf1Il,0
10078,CJkN1h43dxvcy5DHImFZ,0
10079,gvuz0cDMxfysHaehkCEI,1
10080,GLbHYz1tI5ZOF6vcleEx,1
10081,k21wH4fuKrALS8z9hXVO,2
10082,2u7gO3U9chnEMfbP5oaF,1
10083,2woOYK65vEk9LXrjDxmS,1
10084,1CG2F537YPzwlraIoykc,1
10085,ENhpf9ugxwDCJb5mozPy,0
10086,abzYQFOSWsCT8DKmohUl,3
10087,BV4EjiKZJ1ekaoYxz7D0,1
10088,bZkVov1mcTLBDMrA7PJs,0
10089,5i3dyOv9GDKJuCVHF0q1,0
10090,8wSjurzyd3Z1UfgFJe6h,0
10091,fe9snrXGxKw1L28tDpRv,0
10092,DgVEHi9NkMW5TSx7PdO4,0
10093,2WkGMV9mKJrBAOZL5zdI,0
10094,7MWNnkoDrl2aRZAIPKOy,2
10095,HBfZmSvKGt5JzV47wDxP,0
10096,i824AGVjzInbOBgtHZeQ,0
10097,cuzKqHdsxiXkQTE4ZgjN,0
10098,bi60nAxaS8zJro1dlPB5,1
10099,jHsn36qFVLypCkImbU5g,1
10100,ikNI3YPuFznBR1ydWDK5,1
10101,cYQ7s8Kei2VALkgHlJGb,1
10102,DpjU2bwfgiYRPQm5NCOc,0
10103,du1GTVz7NXjvMLoUrnIZ,1
10104,7FVxwAi0MCtyTmSZzJsK,1
10105,5Ud7vNlBO9mRQhVrwJyD,0
10106,jUMquAi2SlGwP5bv6tWg,2
10107,GWQal1VFCtwrE47xNeSJ,1
10108,5YMeDkHjclrCPd8OuymR,0
10109,3wyY01Who9ZmjRE5PckN,0
10110,ID5Ogjr8pR9ncoNhKZHi,1
10111,6lYnP71M2umQ3V4jJdLk,0
10112,1LSYgNjTd3GmlvRMP5Do,0
10113,D5Rb6TvCxzcwhUsF4J9A,2
10114,9tmX2JACrdeGWHkY3fwi,1
10115,7rvpSAIkeV8TKQDi0lw5,0
10116,Gtl5aegFzZnm7QkcV63O,0
10117,gsHjJZv1AGPzeofaBqVY,0
10118,2iJ4HWSj08ndUBFZqTa7,2
10119,JiTOus5PgHU2kIfnw7eG,0
10120,JNtLaKBbDMqwTAyCXWzQ,0
10121,iIZJnOKvCosaLkdjzVuc,1
10122,HnZ5MNaCpu0k7d3vPwfE,0
10123,gnKi3qo6WbBSzQs2fRGt,0
10124,BA24HVUN1ptD6KORFwsz,0
10125,J6TicZvrREo1B7CnUlSe,2
10126,704DS8ZCuOtUahTQ1EYx,1
10127,I0tk2asbMQNo9G8Bw6Sr,0
10128,iLBzkjmPncOKs7f4FDv3,2
10129,5NMDYGWr4mKFTIk1fQUH,0
10130,DpRqhyeIswlXrdF7YVTv,0
10131,c8gbt2qHrVm9z3OyCIkD,0
10132,catrJpdjF4qNw2UePAQL,1
10133,dYy5PSntD1Tu8gZip2OE,1
10134,dDBYMFQjmlaAT2rxhP7z,1
10135,0SkbpFZGvraL6fQXTzol,0
10136,jxOWbXpVtGuyQI5DSUCB,0
10137,EtOUGzWcM4mAw0bBxkLR,0
10138,8JOaeQSwmosFkM56D90g,0
10139,6VyIRPJLiXYbk2ECv5Aj,2
10140,dbpHcR9jZeurykDsAnMT,2
10141,JsZfmrqkFHCBy8YIa7nc,2
10142,GkslCwjP0TuyDUS5Yet9,1
10143,DNPAd4wCIHh59p2nbqJT,1
10144,jh52ewVcq8xryIFuCRJW,0
10145,JMSXw23bN7gKfCeWAxVY,0
10146,AY0G56vi1jp72ErLmkJb,0
10147,E4TwNXeQhOyCU6iDR31c,0
10148,KJznWHN91MfGEc2C70rx,1
10149,GChmH1Jo4OXUYR85E90Q,0
10150,FKEfLXTm85V1jQaJMAyD,0
10151,i89kvPU0R3EXQ1lZhyxY,0
10152,dV8TQtBk3AK6nFq4zihw,2
10153,idMAYlL4VTpuk9cC8IjW,0
10154,k8cgAnvaEsdSCOxFPoQ2,0
10155,DeAqZxnam5iSQfEbthlP,0
10156,iV7KRuTdvaMeXbByhOpq,0
10157,JPRwxmlWVazpdnYtTf6N,2
10158,1roh5Aw0ELDKyeu6GkIt,1
10159,3v1ySaG5qjMuW90T7EiH,1
10160,9qK7D5Rs6XAkGfvuICtZ,0
10161,jsqeT23MYgH7ytdxDUki,2
10162,EuaSn2m5IjW6pURYtfH4,0
10163,hmY7rw8RQvMxGI6UOptX,0
10164,1kidbgV9v0BlxInTYfsJ,0
10165,KbrE0sglYDaU2HjM4Rh5,0
10166,1mTVBq2nUDktewXxNH7W,1
10167,aLG7QrUD6WOmdNY5tC3y,0
10168,29VrODhT6jpK5fxnkaFu,2
10169,IR9gtO0weU7DWVqhJryu,0
10170,38iRvB2qhD7xPYrk5gMp,3
10171,ijsaQxUhdyZ0ReqYklbG,0
10172,Bul5Ss41PpjrwtFRHDh0,1
10173,96q38IGMtxTJOalbAoK2,0
10174,eiaL8AoqubhkJxGWRFDM,2
10175,joxy4nGdLbYR187qJMAN,0
10176,k2VDmKNaUlXtnMhsuCic,0
10177,78AHqX2vjeyWO49RSoVl,0
10178,0YCvp8xd4rjiDMKFV9PA,1
10179,C2qDOrIna1h7LpEgU9sZ,1
10180,gsxM1eBSQobH75AZFjOR,1
10181,iwKlT6Fh3qfXp2kdVS7a,1
10182,0hWRb28Umdgj7xcXOwtC,0
10183,EZWPt7i0ocxdnqG3BvRD,1
10184,d71upfoW0wskv2lz5O84,1
10185,4EB7To6p1z8FAQekCjZi,3
10186,ghiVvMIKGeCLUQH8utmD,0
10187,ireBgWXwZGyvjU9aR7P6,0
10188,54E0DyGaQ71IzcCgMmjN,1
10189,j4e5K0tcpfIlSYT3QUkd,0
10190,awL7j9SeuAFY4DqmtBCo,1
10191,a4mHXyRFw3jUAgcdq6Op,0
10192,4ETQ9c3BOJ7YKNpFt0Ln,1
10193,AW0VsbwKSIHgXBZupjGP,0
10194,G0N2VlfcXS9qC3an7FDE,1
10195,jyTeVvz3dUCLuwgAtlEO,0
10196,jaUTIBe2KchQo3AlCWwE,2
10197,i2LJZ9r8EQXCk04I1GUe,0
10198,ITPGq9AXn4EZKmYeFpuB,1
10199,5ov2DWngteLM0GVEySrl,1
10200,H8g7nCGOSqwQ14kAozmt,1
10201,DtHRwmIsBecONYMWh836,0
10202,2GPmRJEgDjHqoT7YN9M5,0
10203,65bn3ADuxHh2pz1Jtsgd,1
10204,0MPV9Y8WNcFoyRZqQ76G,1
10205,DIhavCQHTBOkisxU9NJG,0
10206,93DFQGKTLxy8Ej6kwlPu,0
10207,849LvXpTdqesHuxnwfOG,0
10208,GK590Jem3FA1kspq7PoO,1
10209,fXpRYzDIe1yg0GuVa6xq,0
10210,5EwhdlmstoBPqi36ZUAN,1
10211,ERIA3GdHwjBm6oVL1hJX,2
10212,0hAlkjTR1Q6PewMczavb,0
10213,3VEJaNMdjtxePpYiIqwA,0
10214,g3Dv6s51iZR497FAVmxI,0
10215,0wkFafuhqSr1Z5J7K6C9,0
10216,dAW1p8eljnvTZCgtfYHa,2
10217,Fwq4K7L2j3RaxGmScdVW,0
10218,Fknri4bKP82gvuRJqjVO,1
10219,93u1tN26E8eySoFxaign,1
10220,Gmk6HR4iIWJDEubOU3xe,0
10221,0uZcAvaHLitbWmC1QMXf,0
10222,aKTgds7mQMjItGkARLPY,2
10223,BOPEStlfDrz9kvjN2AyT,0
10224,dAuV8c0hmeirMFaJ3wXx,0
10225,IDiWpOxNgsJ6SHyFCjhb,0
10226,jDdg0PT2HAlk6qrbJKMi,1
10227,7xwMNplsj3EhBJ0Zkd9Q,0
10228,3FdNtro4QOTUVAYg2MaI,0
10229,chIxPYzG7tBTm9AXDgUC,0
10230,7twBm0QdZXenW3vcUFJ2,0
10231,hIrP6UL0jT5AsmaqidBX,0
10232,5JV2OfKeRg8t6EyClWN9,0
10233,1orTCt8q4V5B02mzRN9p,0
10234,3ehkVHT0rqEZ1Q7lI8Ld,2
10235,K3DsAmcCyTIbdnNojLwM,0
10236,gq9cv7lPXyzBDsY8SfVe,0
10237,7PtsSV1FrYgEfGpaqOn8,2
10238,Dk2IW6ubO9LKcsHtVNzU,0
10239,dGgtMk8JPAlFje3CHIqW,1
10240,eFz1q0CTHycYP8v3mxaQ,1
10241,hXWmVrauve08ACsMNqZn,2
10242,JIPoNu820rbAGE4zcqaT,0
10243,iTxBuDhGr8bFeHn2qQ1N,0
10244,HJQiyIRqr6FPeBcoaEsk,2
10245,jrg4n6P8cIGoSBXyWAtp,0
10246,05rJTUWYAKNegBk2wE8X,1
10247,2gwSoct3BzRUvajVeCLu,0
10248,HsBPlS0KdTuUW8Y3nF6C,0
10249,I3NCymSAn6soGWjLPvwE,0
10250,JbaZC7Fdx0rzD83LEghm,0
10251,igwzbq8sOkK3TR7A2Pj4,0
10252,7D5zC6P0otlRjMWwdgZ1,2
10253,j6zenOwUWpPruio3Xk4b,2
10254,AhEcNQy9nYHdfzZreoX1,1
10255,HwZeBiCNoxp1rRFKG7av,0
10256,5udWej1qOoy3nNJLQDCI,2
10257,iMIveqXKnkP3NAc4uC1d,1
10258,4LsvXaUIKgdBoi7CqyrT,2
10259,IjSolvLdV1387MF5YNZK,0
10260,Hc5LqZVK2yzlsb8BEfdO,0
10261,9FP8ck1bDe6ETSqAIWLG,0
10262,C2U0vtx8g1u3i7aP5HRX,1
10263,j4G3L8yMzNPkwhmE9vVg,0
10264,0glscKoNakWL84EpunPe,2
10265,8OpSLagR15Mvq7Zo9HzA,1
10266,khTQWFojGfuKZcS5C3VI,1
10267,IpiH1PbUFYZwRWe2jl5t,0
10268,d1EnrNW57S40FeVhfzPu,1
10269,IRdfwEvMDHeQVSa1pntx,0
10270,IDAJBOwSRGzNd6icULMu,0
10271,JzF18ftmDC3VOLnIAhWP,2
10272,30gAEOLxoS2XGWFa8cTr,1
10273,eXbSzZLKAsGrnvDy1TQ4,0
10274,FjSleW6GDVdh2KOxnz37,1
10275,l0PMq9Be5ft1ciaF4IwC,2
10276,6eoOM2zX5NnhtDlvQT0i,2
10277,JLs2jrmke9d0hOZgITwf,2
10278,jpzob9ECS6aLQDiYWTkV,2
10279,40abrZKOUqVJjRQAeSvX,0
10280,CDoRcvHMNxiq4OIjWTSQ,2
10281,JjVdHRbNxKSQDWpz3L0e,0
10282,HL024vgbFBra58IoxteX,0
10283,2ZlLcMw4Vkim1pNYXj9v,2
10284,FvobzqOYfnQ0klx1tZLc,0
10285,kDl9JHq8P4TgYunvbLNG,1
10286,cEait2x5FUG64Vz7jnuq,0
10287,6cdHfleOSjY0BJxUZNMP,1
10288,4sChO0eqidfLtS83JMVE,2
10289,dI1vM43Nq9uSAlZYCoV2,0
10290,8h0kicyswN7pzr2RJbOX,0
10291,7QfZGXKy3aH94BekTAqz,0
10292,F3OeacGAomRBgzErX4nL,1
10293,4XRD81BbiqusJ3QtoS2r,2
10294,8pfbAyu34zotUCZwsv2G,0
10295,LgeBlyYQAD1NiVGRuxwk,0
10296,L2PXN61rS7ouyCA4FR9U,0
10297,HCs2eUx4OQTG5nRY3vMf,0
10298,0Gu4misTcKynQD2Ol1Jx,1
10299,IT8nb7MvO5QZptGjNasH,0
10300,6nyOgqz1XDCm9QsK4BRv,0
10301,LNAnljesrEDma5oUfVZI,0
10302,Aus8WJN1wSDQn9LCimV6,1
10303,5Joecs2bOBauQX67HExW,2
10304,A0L4e6WxD8IEcjuahVik,2
10305,d7VNP9eFynS0aCvpblQT,0
10306,aBfoqskHcug13y7W8REp,1
10307,cIojVJGQOtrL0S1ApeDY,1
10308,gbnkY2AMXyVNEzriue3c,0
10309,3wNfTntvMkpl8LuY0WPm,1
10310,0cfIE39ihRNo2rkZOw5H,0
10311,EP6KJUQkMANsjcfFt18u,1
10312,gCSrhptYyd6vfQAZXcwE,2
10313,bwRF4icVxTHzGnUKvu2s,0
10314,iyUtG4AcZWHTSbjwM7DL,0
10315,AETUf8w09lXt4hPNSJeO,0
10316,1xiLno6Ef3PVlCT0kUde,0
10317,LejcaXxAEgC31WhlswQ2,0
10318,6Nvl48hYgxsc0U5Aw3yF,0
10319,8wCvNp0P6rU7iWxDyhuE,1
10320,AgSXb01HILY3mVwfnesd,0
10321,EvjemDbI86FNan4AQf2P,3
10322,64FZCyUcjXxLNv1K8Bm3,1
10323,EtGBOKD2bpQI3ZwJRPmc,0
10324,FU1p8GJSVXAry3e2HMwn,0
10325,2AzTFLq1HeDJGPIh6d50,0
10326,C5cXPpHJAzvVfh3WbGMI,2
10327,5dmG6aSUptLVBfiJ40ZA,2
10328,9M6r8hsleUKTmvfB7Yn2,0
10329,JGxqvbB0l8hEgki6cOef,0
10330,1u3PmQiD0bX6RcgoCNKe,1
10331,hzH5vLburkG8simTIaeq,1
10332,3os9hay0Y8v4u5HkLzVp,0
10333,1lvtjJOrfDVkE6IxaUsc,2
10334,7YugXlfMmCe1TNVnjkAx,0
10335,foZJnHz62LA1GKIVvFOh,2
10336,dBGtYCewZ8IpWsUmyNQV,0
10337,a9W2SxJ5nbXTsMpGmjLK,0
10338,eOQrlURGuJdo8ZEqjiDk,2
10339,A5Rg18PaNvZ4cq0OuDoX,2
10340,7VE6hScuodxAvTp0Nrnk,0
10341,7Z54Kq6E2GTvgbyXunm8,0
10342,cez31fjVZOP2g0nwD56K,0
10343,Dsg96OKfZAq5ynarhiwT,0
10344,4YUVqM7twOzoH2ABPJIi,0
10345,fjTHiqwEYGch15B3NLtx,0
10346,3QbB7ApWc0qrLmPDd6zR,0
10347,GkA3vhfoHbwdeKPBl4ZR,0
10348,H6ybDOrvej4UfdInC92M,0
10349,3jmcq4dRMkXIaL70EWCT,1
10350,Jt3kj7AHvPdRfL6yCh2n,0
10351,JjchSfDB7CA4N925O8UY,1
10352,BnVZpMdlJKEvXx0Q6HCo,0
10353,IoVJizlUE0njDXABWO17,0
10354,G7WZvXgSMfJeKH9o4ayc,0
10355,2H0bSg5eIqnYLrNpsaAh,1
10356,djvbIcwe4a8HBFTKAPxR,0
10357,aOCU2V7b0RkgQt9LflYF,0
10358,itwvmenE3zjuNpJF0lR8,1
10359,fFTm4jSh6IQOtoiY09qw,1
10360,0NXFnJyOEhBAISKfiU67,0
10361,bmrB2ODR0ng6QwkCJXUH,2
10362,4z08revYiu6d7aZMTPQL,2
10363,Jd1mD8obKMOwqBgXjRut,1
10364,eDEd50XhAoyv8CHpnO2R,1
10365,gXHK1mV3DGIftCOyrk5h,0
10366,hVLkKHYESMu8Iodf0Qez,2
10367,cItfpTWOL31m946zFkYs,0
10368,ds6UWrcNvZmn3lDajOx2,0
10369,izdqA9gUMYLlDpuVrjOT,0
10370,gJspjOHk7zXSGMB2Y5Tm,0
10371,13FZ9DOhywk78sJiVULu,0
10372,JQHf0c52agNmervIpCkT,1
10373,CR9GPyMf7ASTVdHWvoX2,1
10374,hnEAVHz5I7tQcjGWvRi1,0
10375,JZxp9mEVqv81h4s2YkCD,1
10376,1UTZYe5EDXVz7qvomI4h,1
10377,D9HGru6N1npYCXcIy5tS,2
10378,4wJsmEQAIdSi9BXK1g2o,0
10379,frnPXQMmEV93qZJTWKs0,0
10380,8vbY5BPnrKjZRmGASxHk,0
10381,Ii2v7E9HYdBt0TWMsyCF,1
10382,euLCGs3vYh5nwgZQt2H4,0
10383,H9bGFP0xjDkldfUmX7vA,0
10384,fHXAcaVqPrytp8Bv0uel,0
10385,GtdNJxahTnBueoLik7bY,2
10386,hmdGiNLnFsEK3kD56aBc,1
10387,908ECXqK41WUhyuiH2vc,2
10388,0DNVFKwYlcjO7bTfJ5p1,0
10389,iPKzLTFxOa5GWwQo1YIq,2
10390,2aHfrLhcPTj5GnFZXUCN,0
10391,jqV2ma0FQyYhcXxn7siJ,2
10392,BL8iztEnm4bIVK5XGsS2,1
10393,kBEUPOcpnusoYvQ57Jib,1
10394,EKHlPBcSCXqnJzNRi8uj,0
10395,hCB0gLKbrE2YTwa58Qk7,3
10396,gfj1rRXDkia74OU9bMcJ,0
10397,4md7bUD5MfKjpq8Px0TZ,0
10398,61DBrPdY90QeGS2yiVk7,1
10399,G0r4zLJ6yBPK1T2s9bNt,0
10400,dKSp52B8YbLTfUc1VNOz,0
10401,4JlgupTC2XdIvxE1oHjq,0
10402,Bq57JOKSC8IMi31dhcL2,0
10403,3fgX5GuthkIcJaTvP9UN,1
10404,HpMdj30s7EDPkiFLWvYy,0
10405,6QWNYDyohV3R1lfMCZI5,0
10406,gwotBKalYGCAj408Quk2,1
10407,4gfR0YmZwOW8NvLSiXnl,0
10408,5dUXaIlwDZiAozyq4cHu,1
10409,cOGaJdDyevIn7XBouj5U,0
10410,HgSsanq9f8WdJ1zEN7tp,0
10411,ieORvyxW5dSpQtVqULX6,1
10412,Ek1sLKWN2DoUFriJy7mC,1
10413,DTUYnFKflbuGgsAecxL1,1
10414,0co46B8IkPt2UN3HSaw7,0
10415,buBlVDgxKRNZtM90S3Yh,2
10416,AZYpv9a3cLxBuirIhmfU,1
10417,K93H4bimO5rlYB2fuxMk,0
10418,1QTsYc7DZ2VxmfJFUXhN,0
10419,j013oneKzBOVyiMHGa6q,1
10420,buqKNv0RSThA9sF51MZe,2
10421,HsQ5djezVw4mtEoLChWn,0
10422,dW4sDcJMQCVOEgFjxXU0,2
10423,2r0UYLcKCxnRovpj5dlQ,0
10424,hnNb723ujRBlLTp05r94,0
10425,AwqyMtJmpSKGOjxUBkdn,0
10426,AtjeimUnQDzEqb6TN8cC,0
10427,8jN4P37vE9ROTiHoZaDG,1
10428,3CyxQdJhW5trsfwIz4ik,1
10429,k4zuJ9BFX08KM3xIiDVh,0
10430,BkUC8L5ziTgyA4Pberfq,0
10431,g0lpdR9EGwDQCK5f4LhJ,0
10432,CRYTnotb5J4qHfviU2DS,0
10433,k7Ie4EzhAbBjunGgy3fQ,0
10434,jkMgsX9OEfWmPqbChLH1,0
10435,cLzBqUwhe2aEv6HIK3Gu,1
10436,gZRseTmhYfHPvEnVFDiq,0
10437,I0hLEDxSFoykrw9Me8Yq,1
10438,CJONcsB5ExKb92XA6tT7,2
10439,Baf9OH2edPAynMoRth6l,1
10440,97SF640J3ZDy2Q1aRUjP,2
10441,c6tLU5OoSs7hqI9kmQVM,0
10442,jqIy4VhtwkTvFlZLYHAa,1
10443,CSrozOlLw7i4FR5hbaEn,1
10444,ars37RzMbl29xdBcNofe,2
10445,idjesBrKybwkzPXMalUL,0
10446,6EnhedlGIKp14bXusfwo,0
10447,DbXC70pd6wiYxQMcBGkW,1
10448,9FGfW0bhXZDRKa6dY1Ju,1
10449,6WKJVBFk5INU2q7RLDhY,1
10450,CWDE4xUiRdwmFGAt80pn,1
10451,02JqQ7H3yEoD8viYWlmS,1
10452,65cijV9z78ZBfqC3Kgbw,0
10453,gflVXx947YuhyPKmJUG5,0
10454,89vxBRnaEKcYM04Dhq5b,2
10455,bW4NY5lZng7LJeDjpQSK,0
10456,fH2ajwFimY14pR8NbLDT,2
10457,EngMhR4s9AQtwZumTHXP,0
10458,hb51AsQJ86yW3C4g2wGu,1
10459,CoQn9bfkvMUjWwVgPAFL,0
10460,iGaW9vzZUxsODf2bud6n,1
10461,dJ1CDAPGMBEtq6RNLYjU,0
10462,F9nT2NgCsbrhX8eqOp01,0
10463,JnHGRI2v5NuB9lpsEOCS,1
10464,izS2yBV3Z4nKch5OmAuo,0
10465,eghklfjtGV2daC8ZwNDS,0
10466,dxMk1zvUyh8IPgLO25ZN,0
10467,3GP9o4eku8XtOhvQ62SL,2
10468,BxcUOqI5b8zn2mlrXSt9,2
10469,1sOzen4EwI3a2UkSJmT5,0
10470,6QAVaZX5SgTDHUpc3fMn,0
10471,cpKvxkRJLj9FUNtCahBl,1
10472,7vS8qWAMU6VzbglhF4r3,0
10473,aCNO5F7wbqyDKZd4ti8R,2
10474,D3jQCuyHtAEkisVxw7Wd,1
10475,9itfPnyplHZhTb8IMYq3,1
10476,Jgs4hRrYEy71SbtAfWwN,1
10477,2hTrdmFwQlPRMXUcyA3E,0
10478,FLgxk6wQPCmVf2hDzjl9,0
10479,i6SI0yPxJMhlLORK7Qe5,0
10480,B5YUlVtdxFgkTM7mN9Sh,0
10481,jvdxgat3YnbeTL7Olh2F,0
10482,0l6fhCty3aSLDOgAjYQi,1
10483,9RM3upgzNwZhfEPjqecG,0
10484,gTYvO1hIrHSu0Q9G7FnU,1
10485,jKxs6EIpRPOWuef8XykS,0
10486,dxq8SWO4gJvZH2NBfPpD,0
10487,3HJ4foTSEmRz6jXPwg58,0
10488,HtlDexkruVqzoW5aGpIv,0
10489,5xjZRvEN9KYVuar0GbWO,1
10490,f6OSXzVv5aDQPjGYrEA0,0
10491,7EDokhMZ8edvnNi5Cz0y,0
10492,cTvJESoCjfLYMs3GKPDe,0
10493,CNMG4WYjkvLo35lbngdm,1
10494,bQVJ7HpnSC01EI4PNzwy,1
10495,1HRWOczEX65rYmMiZ2lv,1
10496,1I8aJRE7T0igPZHWCvVQ,0
10497,1PGWZqdnurksDEYgbB9X,0
10498,EJexdbnNPfwsgUp4GCQD,0
10499,86zwqdmPOQucFREIM1Zg,2
10500,GOZy7VoT8K5AWci6DIu3,2
10501,BlFYTKkD0S9Ox5vU84X2,0
10502,Gc7Bd6Xnq9WQVP2LlZjJ,0
10503,cpThD4e6b0CZzSmG5wjy,0
10504,4lFcSekUOy0MsrNxt6wH,0
10505,8qCPkhNr1KJaGtZ35pBc,1
10506,86kXs2U1IEtu7d3fvxJY,0
10507,2JfpcM9ACq4XatFLho8z,1
10508,6KYwD9A0nHtT2GmcVgES,1
10509,dNyq0DTYLUsAjOki2gGZ,0
10510,l5zY6vNZbOKF07uSn2Am,0
10511,28ndZemTJQNPv5rWl9Mq,0
10512,2riyIFwQHLl3GnakxJEj,0
10513,0VLen4rGI1wNjOqzyZRb,0
10514,gGzsUi7cRx04EC3aoM1Q,0
10515,GdRjCWQ4UJSXn207YEwr,1
10516,eXGRpaHzil5qOPQdoSb6,0
10517,jOVlvmtXnWKg6JFrZLTG,0
10518,b59dlNEacoYUAyeR4Ipq,0
10519,J2NeYuA4IBz3f5KPVo9Q,2
10520,6TcBvxAgWEJNjLeGPoQi,0
10521,d3fFztVhAlOUSc5obTqC,0
10522,4wv86XGCOkUWEAPrJtDi,0
10523,Jlhb9akq5NpXnvIg4DG8,2
10524,36eMEj40inf8r5vVQlBx,0
10525,8nEhOVz5vMCKpNrBRg2D,0
10526,2HNmJG5tcI7aXQsnuvpk,0
10527,1YIJUZv2wtS63gf9es8p,2
10528,boI83f2ylvkV9ag7NDxm,0
10529,8TGkrqM9SDonpm46KLuU,0
10530,CuREXdrp4OWhe81TNwUq,0
10531,E0FVH3clpmdzGi2US9Ms,1
10532,FyIcXN7Z6SQojdgntUD9,2
10533,FGPHc0QSsMmYUfraOil2,0
10534,9nLJ26rqZtj1yhzxvVG7,1
10535,di43CJhOX8mYwK2EtlBs,0
10536,baoYfR8qZlcnAQ3dH6t5,1
10537,I1eauWn7x5lPLR2rQoF8,0
10538,4QlfSpex83Nsh2oBcWXv,0
10539,dr5FIgB8cMHx6WETnmOe,0
10540,JTAoQ9miHalVeE63PdBU,0
10541,eTIJ1zNUfiWCGYAb7Ok4,0
10542,fhPezOdViLjBl7pyaFNw,0
10543,drT4qjUQvOcisuhL8PmD,0
10544,i0JrWpyNfu5vV9tzahSY,0
10545,jIu3J4ovLPUOA6ngmyfw,0
10546,JSYQ5GPfsFt8H0VRDdZv,0
10547,FsirpP0oDwXeAzC2KndG,0
10548,0MOorvEIRmZGhqQdc3TA,1
10549,7JjQBd2CAyvtgYlSL0e3,0
10550,C4VIpEJ5KlvuetjhLdX3,0
10551,1LZcKGIkna9HU7vXl3YN,0
10552,ga8SoXu32EKGZM7vNnAp,0
10553,2TqmRPjbWf36enxUDGKQ,1
10554,1LE6uK9BdgNXIcSTnrMJ,0
10555,e5j9ZOvH0tJ6TAg4x2WR,1
10556,kHN85Ynyi1daeoqwftmu,1
10557,EIWs6RVzOiQmpLMK7Shf,0
10558,cLqh1l9EpDBtdTGU3Zex,0
10559,agltS1qfOZiUvzBy24uc,0
10560,CPELmM8GYegcxRIQH4VA,0
10561,4XAPr8eSwWqzUlc739ZY,1
10562,bQuFKkRwSeVIDGyLqXpx,0
10563,9bNuqOhnWLms5kYjHVoS,1
10564,JqmfZtMAhIdjSs6pUulT,2
10565,dHzVRuiXwMgU6xNIAaFr,1
10566,DtFJrH7gBuWNsV0YCbvR,1
10567,CX2oOMKvclUw3Z7zrqxV,0
10568,GCoiXh8BY0Nl4jO1P9zL,0
10569,aiIz8JfYMyPvA4SG6HUO,0
10570,1bL4yiwCUvSOg7tBJudf,0
10571,bfRpQsFeqZN5BVrhkD6S,0
10572,0I4ZVvngsAatm8fzD3pk,1
10573,IiMh65quz1NZmrfFd0py,2
10574,cIwz7XLtOn2x4jQSVRJe,1
10575,BoQniFqe8vAE19rXDy6L,0
10576,g9MVAiYzLpkEl81buc4W,1
10577,KOR9MFiqcBYTZ3UksX4l,0
10578,e3XnUREiQbm2co1yLMaG,0
10579,fPEWQFgRAYOlNp3qwiaU,1
10580,cpmHh6I4GKxvQ2bOeWgu,1
10581,ERUu09IMtDwszYTj6ckm,1
10582,euYEoDm6IyNdvHa5xcMi,1
10583,3xPjUmaVNkYyfp5cTrQw,1
10584,dLlojCpw5W0fmn2Sytzs,0
10585,fMeAgYJFGl8HSPm7uzEI,0
10586,kHgV1BvhTqw2KXcOzudf,1
10587,fdrMk83KcW97TIizZXCF,1
10588,4OfNIyw7BxlzSHWEi3mL,0
10589,Gjl3p5gNZxYU7uQH9hSf,2
10590,9HVsJ2mzdvpb14ySg5qc,0
10591,CxlQ4HY35uPNJ6iLyaXk,0
10592,dOiY69mAf1JzMSr3vkcR,0
10593,kBZbta9T1vy8PnhW7f64,1
10594,ijsudn60LwGlgaIJYV5S,0
10595,g1Uw2y9I4EX83msAMQcK,1
10596,CF6vmR5JGh0jw8eNoE1I,0
10597,ijgoCyseRQAaErfUHZMY,2
10598,86kMhQHlXa1UWO3ifeg2,2
10599,jmvJqEQ1VNh3ukH6cIRK,2
10600,ClPyvT5IjZts9MbdAWOG,1
10601,DyMjiCx7R4JG5nIgfNKz,0
10602,KmFdoSG4XLMVIHewYRC8,1
10603,DvCqbn37xi5YRwaP19NJ,1
10604,4kapgYs3Iv6ofKEn7DyC,1
10605,dv4yexuAzXwGUENnBhro,0
10606,3wKmdN7rqQi9cT6zRLPB,0
10607,GTyr8o3mQDug7cb0eCMz,1
10608,BmaZRd8oub0pFTYgN2Dn,0
10609,cqLK6moeuhJl1MIPv4R3,1
10610,JkzWI2MAvRi64g5QGUeF,2
10611,dXrumv84P3aSAcHfgZhT,0
10612,Fl9o1QycpzBuktRXSwx7,1
10613,f7N2pUSuH6Fgvj4sIk8A,0
10614,A7J3GKfu0rBE6MlTj81V,1
10615,avd62N7yALwmUZipfoFM,0
10616,FOxkTLeifaPImQ2yK6rM,1
10617,dQbqMtOsVYrWDIvh8k2S,0
10618,DlWyNoHdb1jAeGCOsaVU,3
10619,CuBjq74ozndLGMe9aJsm,1
10620,GEFTHcs9pD254nR1PdNY,1
10621,K1MACq57pdQfEsgjclS9,1
10622,1ezc5qf2alj08CsSw7Er,0
10623,0fhnXI9ESr4jgWmkiaTe,1
10624,epLciPaHrTu1gl4CW7Uf,0
10625,4jKTeHu7YgAhDG8iBoxW,0
10626,a97T0quHYAQJNnIzWdZc,0
10627,elrTVLuNkdYoPWhxUAIS,0
10628,8ygvhiWxIabopwJnXHS9,2
10629,hCozU2T0mep6nNkABStf,0
10630,IfP1BbnUAq2upStjrwQ3,0
10631,4KYgbJAoBWLCvP8mQOXU,1
10632,8SylerqC0fnO9xQ2NLwt,1
10633,Gu4dsQRY3laT07VkhNqE,0
10634,EqsrNxCPLfbYMlyUe9o4,0
10635,15tQNEDpb0mi63kfOWM8,0
10636,6MFXjyhwL9xW4dme1OcU,0
10637,ft8pWyovNaOJBh7YXrlF,1
10638,kiv3fagQwzY9u4rOdET1,0
10639,EdruKXjgh0GO8BMPs4f1,0
10640,HFmO61wz0XELgktWIaRl,1
10641,cOvAdrLosthuC9paE4UN,2
10642,dLKYot9Ix2Bib1DZerGg,2
10643,b6gL78yU0TsOjoGR4BWI,0
10644,De0q3gzMjh2b8dlp9YmW,1
10645,DUxrn3L5C2qcjMF9PkER,2
10646,htBbipHlj8Cvzsye310U,0
10647,FgHwITU8xlAhGDLP01cC,0
10648,2AQpEOl4YqBjzMgcFe8a,1
10649,1QuMnTw8zc3oWLSZ4KXt,0
10650,0YRDpBU67WrqEugkXlnd,1
10651,isqLdxNQRBISP20C98A4,0
10652,D2YdSge0M35tWfRUxFJc,0
10653,k4rdgq9jn7pchwMZ5L8T,0
10654,AZXtyV17kcoxqMWbmCr3,0
10655,dZB602DGWj5pkLCtzgvO,2
10656,HKFhlIpNTqUuGe7E6VtB,1
10657,4i5aXxMQCpbhEkjZYDdy,2
10658,FZvUGP4zqElnDcbwA65N,0
10659,kMAlu9InmCyvPpEDL46i,0
10660,kibI1AEKzjurmh8MlGgZ,0
10661,IxN43MpQlgV0ZrPdGjk9,1
10662,KH8I6ft57iXUTmOnvZVP,1
10663,jmqLQWdavNxH84DrAoJT,0
10664,1xSW8f3MoVAKsjTCmE79,0
10665,5QCveEYAaMzqTJjyhl7L,0
10666,0uLJEcpVlIWkTBeHZU4w,1
10667,DeHCJiGlVcRg1E7j28hf,0
10668,gLlmqtyshpVY7D0H5TkR,1
10669,GbcXlTxkFwUSD0La8Ahs,0
10670,CG6sL3Aug4yomNnztEIw,0
10671,cVRzrh9IeJpAw2m4oyjB,0
10672,9LKBIVulpHtRfP2OaTAZ,0
10673,FpPsN0r6M1EKtT4GehSQ,2
10674,2VYOsEQDxLRHn0jIUzF9,2
10675,E3TBsHxCNg7OGUpbZIel,1
10676,0RCcpJ1DuKNMBsaQUgmA,0
10677,dMLtGKfFj7WOs4wiIBmQ,2
10678,HfX6SvZPi5ImYgh2RkBW,1
10679,HJayuX4Fh0GRBoALP6jx,1
10680,5TYzgLhQumXGqJe83bDn,0
10681,A18SwaWICYOMopkGqKJn,0
10682,5wkJpsMIWzDaQ4njKuy7,0
10683,kEthXiJl4QWv3sdPLgua,0
10684,i8WIr0dtVHSGMmwFlcUY,0
10685,3nqel6RATDmiaQJwpZCz,0
10686,IphOGU7e9aVLo1s8XkC2,0
10687,fVOvT0rd2otz9GKZBX1F,0
10688,DRw7V8B0HGF1mpjkeadN,0
10689,HPhRECJ0UDAcko8L6Mqg,1
10690,deou4UEvA59Vi2DZySL8,0
10691,HhyutfnaJMeAN5wEsZOg,1
10692,bDUGlrBm50yogVwfuPJR,2
10693,7MOSHZDbnxzfhyAmqjYl,0
10694,gIzJEByY4vpkSQcZPH2C,0
10695,DC1wN6o8fus4iEUtQljY,1
10696,EysJb6PM3oL5T2UvQ7Sl,0
10697,grbAvIxKkFeLica6D2QJ,0
10698,6rH4RophlktZL3Cwefbu,0
10699,1YkSNHcbq4y0ofMpR93Z,2
10700,ARXaLhsFK8G1bSN2pjwz,0
10701,hczfxqdtwX6lOPmZUJVS,1
10702,I71BDJ6odkpRrwzqN2uZ,1
10703,FrRtsd6n5a4eHZlOTUxJ,1
10704,I2U6ZBEdaDK3M8uGOwX9,0
10705,hBZHIa6WXjLPgdQyETGu,2
10706,A50gUVJDyd86eQlnwIOL,0
10707,0ACDbR5M3ZhBJajygTuf,0
10708,3JI0t7rP5HE6YgwTbjoC,0
10709,GqB39IgmebAiT5OrNf1o,1
10710,atexryL75EAFchJOBMbg,2
